resuming Book M live state from making_live_state.json: 6476 ticks, equity=$500.00
ticking every 45s, universe refreshed every 1800s [DRY-RUN -- no orders placed, no network writes]. Ctrl+C to stop.

universe scan: 201 quotable market(s)
[DRY-RUN] [2026-08-28T01:34:41.406812+00:00] quotable=201 would_place=29 would_cancel=0 equity=$500.00
[DRY-RUN] [2026-08-28T01:35:29.801148+00:00] quotable=201 would_place=29 would_cancel=0 equity=$500.00
[DRY-RUN] [2026-08-28T01:36:16.311130+00:00] quotable=201 would_place=29 would_cancel=0 equity=$500.00
[DRY-RUN] [2026-08-28T01:37:02.617488+00:00] quotable=201 would_place=29 would_cancel=0 equity=$500.00
[DRY-RUN] [2026-08-28T01:37:48.892441+00:00] quotable=201 would_place=29 would_cancel=0 equity=$500.00
[DRY-RUN] [2026-08-28T01:38:35.173747+00:00] quotable=201 would_place=29 would_cancel=0 equity=$500.00
[DRY-RUN] [2026-08-28T01:39:21.297862+00:00] quotable=201 would_place=29 would_cancel=0 equity=$500.00
[DRY-RUN] [2026-08-28T01:40:17.393025+00:00] quotable=201 would_place=29 would_cancel=0 equity=$500.00
[DRY-RUN] [2026-08-28T01:41:03.972876+00:00] quotable=201 would_place=29 would_cancel=0 equity=$500.00
[DRY-RUN] [2026-08-28T01:41:50.472635+00:00] quotable=201 would_place=29 would_cancel=0 equity=$500.00
[DRY-RUN] [2026-08-28T01:42:36.618968+00:00] quotable=201 would_place=29 would_cancel=0 equity=$500.00
[DRY-RUN] [2026-08-28T01:43:22.831028+00:00] quotable=201 would_place=29 would_cancel=0 equity=$500.00
[DRY-RUN] [2026-08-28T01:44:08.906617+00:00] quotable=201 would_place=29 would_cancel=0 equity=$500.00
[DRY-RUN] [2026-08-28T01:44:55.334900+00:00] quotable=201 would_place=29 would_cancel=0 equity=$500.00
[DRY-RUN] [2026-08-28T01:45:41.439829+00:00] quotable=201 would_place=29 would_cancel=0 equity=$500.00
[DRY-RUN] [2026-08-28T01:46:37.557371+00:00] quotable=201 would_place=29 would_cancel=0 equity=$500.00
[DRY-RUN] [2026-08-28T01:47:31.497467+00:00] quotable=201 would_place=29 would_cancel=0 equity=$500.00
[DRY-RUN] [2026-08-28T01:48:17.583171+00:00] quotable=201 would_place=29 would_cancel=0 equity=$500.00
[DRY-RUN] [2026-08-28T01:49:03.852689+00:00] quotable=201 would_place=29 would_cancel=0 equity=$500.00
[DRY-RUN] [2026-08-28T01:49:49.771581+00:00] quotable=201 would_place=29 would_cancel=0 equity=$500.00
[DRY-RUN] [2026-08-28T01:50:36.176224+00:00] quotable=201 would_place=29 would_cancel=0 equity=$500.00
[DRY-RUN] [2026-08-28T01:51:32.426179+00:00] quotable=201 would_place=29 would_cancel=0 equity=$500.00
[DRY-RUN] [2026-08-28T01:52:18.711757+00:00] quotable=201 would_place=29 would_cancel=0 equity=$500.00
[DRY-RUN] [2026-08-28T01:53:04.835351+00:00] quotable=201 would_place=29 would_cancel=0 equity=$500.00
[DRY-RUN] [2026-08-28T01:53:50.933224+00:00] quotable=201 would_place=29 would_cancel=0 equity=$500.00
[DRY-RUN] [2026-08-28T01:54:47.202462+00:00] quotable=201 would_place=29 would_cancel=0 equity=$500.00
[DRY-RUN] [2026-08-28T01:55:33.570971+00:00] quotable=201 would_place=29 would_cancel=0 equity=$500.00
[DRY-RUN] [2026-08-28T01:56:19.643554+00:00] quotable=201 would_place=29 would_cancel=0 equity=$500.00
[DRY-RUN] [2026-08-28T01:57:16.046002+00:00] quotable=201 would_place=29 would_cancel=0 equity=$500.00
[DRY-RUN] [2026-08-28T01:58:02.317837+00:00] quotable=201 would_place=29 would_cancel=0 equity=$500.00
[DRY-RUN] [2026-08-28T01:58:48.790348+00:00] quotable=201 would_place=29 would_cancel=0 equity=$500.00
[DRY-RUN] [2026-08-28T01:59:35.200225+00:00] quotable=201 would_place=29 would_cancel=0 equity=$500.00
[DRY-RUN] [2026-08-28T02:00:21.290305+00:00] quotable=201 would_place=29 would_cancel=0 equity=$500.00
[DRY-RUN] [2026-08-28T02:01:07.395381+00:00] quotable=201 would_place=29 would_cancel=0 equity=$500.00
[DRY-RUN] [2026-08-28T02:01:53.682020+00:00] quotable=201 would_place=29 would_cancel=0 equity=$500.00
[DRY-RUN] [2026-08-28T02:02:39.947423+00:00] quotable=201 would_place=29 would_cancel=0 equity=$500.00
[DRY-RUN] [2026-08-28T02:03:26.244304+00:00] quotable=201 would_place=29 would_cancel=0 equity=$500.00
[DRY-RUN] [2026-08-28T02:04:12.348889+00:00] quotable=201 would_place=29 would_cancel=0 equity=$500.00
universe refreshed: 195 quotable market(s)
[DRY-RUN] [2026-08-28T02:05:04.656041+00:00] quotable=195 would_place=26 would_cancel=0 equity=$500.00
[DRY-RUN] [2026-08-28T02:05:53.724076+00:00] quotable=195 would_place=26 would_cancel=0 equity=$500.00
[DRY-RUN] [2026-08-28T02:06:40.088898+00:00] quotable=195 would_place=26 would_cancel=0 equity=$500.00
[DRY-RUN] [2026-08-28T02:07:26.198157+00:00] quotable=195 would_place=26 would_cancel=0 equity=$500.00
[DRY-RUN] [2026-08-28T02:08:12.463177+00:00] quotable=195 would_place=26 would_cancel=0 equity=$500.00
[DRY-RUN] [2026-08-28T02:08:58.829144+00:00] quotable=195 would_place=26 would_cancel=0 equity=$500.00
[DRY-RUN] [2026-08-28T02:09:44.950479+00:00] quotable=195 would_place=26 would_cancel=0 equity=$500.00
[DRY-RUN] [2026-08-28T02:10:31.142097+00:00] quotable=195 would_place=26 would_cancel=0 equity=$500.00
[DRY-RUN] [2026-08-28T02:11:17.557551+00:00] quotable=195 would_place=26 would_cancel=0 equity=$500.00
[DRY-RUN] [2026-08-28T02:12:03.800009+00:00] quotable=195 would_place=26 would_cancel=0 equity=$500.00
[DRY-RUN] [2026-08-28T02:12:49.888818+00:00] quotable=195 would_place=26 would_cancel=0 equity=$500.00
[DRY-RUN] [2026-08-28T02:13:35.970321+00:00] quotable=195 would_place=26 would_cancel=0 equity=$500.00
[DRY-RUN] [2026-08-28T02:14:22.074159+00:00] quotable=195 would_place=26 would_cancel=0 equity=$500.00
[DRY-RUN] [2026-08-28T02:15:08.181123+00:00] quotable=195 would_place=26 would_cancel=0 equity=$500.00
[DRY-RUN] [2026-08-28T02:16:04.646514+00:00] quotable=195 would_place=26 would_cancel=0 equity=$500.00
[DRY-RUN] [2026-08-28T02:16:50.918376+00:00] quotable=195 would_place=26 would_cancel=0 equity=$500.00
[DRY-RUN] [2026-08-28T02:17:37.174213+00:00] quotable=195 would_place=26 would_cancel=0 equity=$500.00
[DRY-RUN] [2026-08-28T02:18:23.293532+00:00] quotable=195 would_place=26 would_cancel=0 equity=$500.00
[DRY-RUN] [2026-08-28T02:19:09.711285+00:00] quotable=195 would_place=26 would_cancel=0 equity=$500.00
[DRY-RUN] [2026-08-28T02:19:56.067177+00:00] quotable=195 would_place=26 would_cancel=0 equity=$500.00
[DRY-RUN] [2026-08-28T02:20:42.545177+00:00] quotable=195 would_place=26 would_cancel=0 equity=$500.00
[DRY-RUN] [2026-08-28T02:21:28.702033+00:00] quotable=195 would_place=26 would_cancel=0 equity=$500.00
[DRY-RUN] [2026-08-28T02:22:15.281468+00:00] quotable=195 would_place=26 would_cancel=0 equity=$500.00
[DRY-RUN] [2026-08-28T02:23:11.406464+00:00] quotable=195 would_place=28 would_cancel=0 equity=$500.00
[DRY-RUN] [2026-08-28T02:23:57.577107+00:00] quotable=195 would_place=26 would_cancel=0 equity=$500.00
[DRY-RUN] [2026-08-28T02:24:43.673474+00:00] quotable=195 would_place=26 would_cancel=0 equity=$500.00
[DRY-RUN] [2026-08-28T02:25:30.080338+00:00] quotable=195 would_place=26 would_cancel=0 equity=$500.00
[DRY-RUN] [2026-08-28T02:26:16.323555+00:00] quotable=195 would_place=26 would_cancel=0 equity=$500.00
[DRY-RUN] [2026-08-28T02:27:12.467280+00:00] quotable=195 would_place=26 would_cancel=0 equity=$500.00
[DRY-RUN] [2026-08-28T02:27:58.557455+00:00] quotable=195 would_place=26 would_cancel=0 equity=$500.00
[DRY-RUN] [2026-08-28T02:28:45.020837+00:00] quotable=195 would_place=26 would_cancel=0 equity=$500.00
[DRY-RUN] [2026-08-28T02:29:31.443375+00:00] quotable=195 would_place=26 would_cancel=0 equity=$500.00
[DRY-RUN] [2026-08-28T02:30:17.720043+00:00] quotable=195 would_place=26 would_cancel=0 equity=$500.00
[DRY-RUN] [2026-08-28T02:31:03.995833+00:00] quotable=195 would_place=26 would_cancel=0 equity=$500.00
[DRY-RUN] [2026-08-28T02:31:50.115967+00:00] quotable=195 would_place=26 would_cancel=0 equity=$500.00
[DRY-RUN] [2026-08-28T02:32:36.337962+00:00] quotable=195 would_place=26 would_cancel=0 equity=$500.00
[DRY-RUN] [2026-08-28T02:33:22.495201+00:00] quotable=195 would_place=26 would_cancel=0 equity=$500.00
[DRY-RUN] [2026-08-28T02:34:08.755302+00:00] quotable=195 would_place=26 would_cancel=0 equity=$500.00
[DRY-RUN] [2026-08-28T02:34:55.208483+00:00] quotable=195 would_place=26 would_cancel=0 equity=$500.00
universe refreshed: 204 quotable market(s)
[DRY-RUN] [2026-08-28T02:35:47.076452+00:00] quotable=204 would_place=27 would_cancel=0 equity=$500.00
[DRY-RUN] [2026-08-28T02:36:36.664353+00:00] quotable=204 would_place=27 would_cancel=0 equity=$500.00
[DRY-RUN] [2026-08-28T02:37:23.136398+00:00] quotable=204 would_place=27 would_cancel=0 equity=$500.00
[DRY-RUN] [2026-08-28T02:38:09.419637+00:00] quotable=204 would_place=27 would_cancel=0 equity=$500.00
[DRY-RUN] [2026-08-28T02:38:55.536610+00:00] quotable=204 would_place=27 would_cancel=0 equity=$500.00
[DRY-RUN] [2026-08-28T02:39:51.641988+00:00] quotable=204 would_place=27 would_cancel=0 equity=$500.00
[DRY-RUN] [2026-08-28T02:40:37.726874+00:00] quotable=204 would_place=27 would_cancel=0 equity=$500.00
[DRY-RUN] [2026-08-28T02:41:24.005530+00:00] quotable=204 would_place=27 would_cancel=0 equity=$500.00
[DRY-RUN] [2026-08-28T02:42:10.302449+00:00] quotable=204 would_place=27 would_cancel=0 equity=$500.00
[DRY-RUN] [2026-08-28T02:42:56.396866+00:00] quotable=204 would_place=27 would_cancel=0 equity=$500.00
[DRY-RUN] [2026-08-28T02:43:43.241687+00:00] quotable=204 would_place=27 would_cancel=0 equity=$500.00
[DRY-RUN] [2026-08-28T02:44:29.332651+00:00] quotable=204 would_place=27 would_cancel=0 equity=$500.00
[DRY-RUN] [2026-08-28T02:45:15.437144+00:00] quotable=204 would_place=27 would_cancel=0 equity=$500.00
[DRY-RUN] [2026-08-28T02:46:01.679846+00:00] quotable=204 would_place=27 would_cancel=0 equity=$500.00
[DRY-RUN] [2026-08-28T02:46:47.809989+00:00] quotable=204 would_place=27 would_cancel=0 equity=$500.00
[DRY-RUN] [2026-08-28T02:47:44.268881+00:00] quotable=204 would_place=27 would_cancel=0 equity=$500.00
[DRY-RUN] [2026-08-28T02:48:30.351596+00:00] quotable=204 would_place=27 would_cancel=0 equity=$500.00
[DRY-RUN] [2026-08-28T02:49:16.701211+00:00] quotable=204 would_place=27 would_cancel=0 equity=$500.00
[DRY-RUN] [2026-08-28T02:50:02.860747+00:00] quotable=204 would_place=27 would_cancel=0 equity=$500.00
[DRY-RUN] [2026-08-28T02:50:49.230328+00:00] quotable=204 would_place=27 would_cancel=0 equity=$500.00
[DRY-RUN] [2026-08-28T02:51:35.645263+00:00] quotable=204 would_place=27 would_cancel=0 equity=$500.00
[DRY-RUN] [2026-08-28T02:52:21.774999+00:00] quotable=204 would_place=27 would_cancel=0 equity=$500.00
[DRY-RUN] [2026-08-28T02:53:08.006555+00:00] quotable=204 would_place=27 would_cancel=0 equity=$500.00
[DRY-RUN] [2026-08-28T02:53:54.354334+00:00] quotable=204 would_place=27 would_cancel=0 equity=$500.00
[DRY-RUN] [2026-08-28T02:54:40.776037+00:00] quotable=204 would_place=27 would_cancel=0 equity=$500.00
[DRY-RUN] [2026-08-28T02:55:27.217831+00:00] quotable=204 would_place=27 would_cancel=0 equity=$500.00
[DRY-RUN] [2026-08-28T02:56:13.312707+00:00] quotable=204 would_place=27 would_cancel=0 equity=$500.00
[DRY-RUN] [2026-08-28T02:56:59.429153+00:00] quotable=204 would_place=27 would_cancel=0 equity=$500.00
[DRY-RUN] [2026-08-28T02:57:45.684249+00:00] quotable=204 would_place=27 would_cancel=0 equity=$500.00
[DRY-RUN] [2026-08-28T02:58:31.975687+00:00] quotable=204 would_place=27 would_cancel=0 equity=$500.00
[DRY-RUN] [2026-08-28T02:59:18.076839+00:00] quotable=204 would_place=27 would_cancel=0 equity=$500.00
[DRY-RUN] [2026-08-28T03:00:04.384249+00:00] quotable=204 would_place=27 would_cancel=0 equity=$500.00
[DRY-RUN] [2026-08-28T03:00:50.508695+00:00] quotable=204 would_place=27 would_cancel=0 equity=$500.00
[DRY-RUN] [2026-08-28T03:01:36.645337+00:00] quotable=204 would_place=27 would_cancel=0 equity=$500.00
[DRY-RUN] [2026-08-28T03:02:22.739542+00:00] quotable=204 would_place=27 would_cancel=0 equity=$500.00
[DRY-RUN] [2026-08-28T03:03:08.873546+00:00] quotable=204 would_place=27 would_cancel=0 equity=$500.00
[DRY-RUN] [2026-08-28T03:03:55.295829+00:00] quotable=204 would_place=27 would_cancel=0 equity=$500.00
[DRY-RUN] [2026-08-28T03:04:41.381020+00:00] quotable=204 would_place=27 would_cancel=0 equity=$500.00
[DRY-RUN] [2026-08-28T03:05:27.485737+00:00] quotable=204 would_place=27 would_cancel=0 equity=$500.00
universe refreshed: 206 quotable market(s)
[DRY-RUN] [2026-08-28T03:06:19.183300+00:00] quotable=206 would_place=35 would_cancel=0 equity=$500.00
[DRY-RUN] [2026-08-28T03:07:19.023757+00:00] quotable=206 would_place=35 would_cancel=0 equity=$500.00
[DRY-RUN] [2026-08-28T03:08:05.118658+00:00] quotable=206 would_place=35 would_cancel=0 equity=$500.00
[DRY-RUN] [2026-08-28T03:08:51.231347+00:00] quotable=206 would_place=35 would_cancel=0 equity=$500.00
[DRY-RUN] [2026-08-28T03:09:37.324104+00:00] quotable=206 would_place=35 would_cancel=0 equity=$500.00
[DRY-RUN] [2026-08-28T03:10:23.406354+00:00] quotable=206 would_place=35 would_cancel=0 equity=$500.00
[DRY-RUN] [2026-08-28T03:11:09.561933+00:00] quotable=206 would_place=35 would_cancel=0 equity=$500.00
[DRY-RUN] [2026-08-28T03:11:55.970720+00:00] quotable=206 would_place=35 would_cancel=0 equity=$500.00
[DRY-RUN] [2026-08-28T03:12:42.259155+00:00] quotable=206 would_place=35 would_cancel=0 equity=$500.00
[DRY-RUN] [2026-08-28T03:13:28.354092+00:00] quotable=206 would_place=35 would_cancel=0 equity=$500.00
[DRY-RUN] [2026-08-28T03:14:14.433429+00:00] quotable=206 would_place=35 would_cancel=0 equity=$500.00
[DRY-RUN] [2026-08-28T03:15:00.529977+00:00] quotable=206 would_place=35 would_cancel=0 equity=$500.00
[DRY-RUN] [2026-08-28T03:15:46.813350+00:00] quotable=206 would_place=35 would_cancel=0 equity=$500.00
[DRY-RUN] [2026-08-28T03:16:42.968574+00:00] quotable=206 would_place=35 would_cancel=0 equity=$500.00
[DRY-RUN] [2026-08-28T03:17:29.063569+00:00] quotable=206 would_place=35 would_cancel=0 equity=$500.00
[DRY-RUN] [2026-08-28T03:18:15.192740+00:00] quotable=206 would_place=35 would_cancel=0 equity=$500.00
[DRY-RUN] [2026-08-28T03:19:01.300843+00:00] quotable=206 would_place=35 would_cancel=0 equity=$500.00
[DRY-RUN] [2026-08-28T03:19:47.446323+00:00] quotable=206 would_place=35 would_cancel=0 equity=$500.00
[DRY-RUN] [2026-08-28T03:20:33.524635+00:00] quotable=206 would_place=35 would_cancel=0 equity=$500.00
[DRY-RUN] [2026-08-28T03:21:19.602056+00:00] quotable=206 would_place=35 would_cancel=0 equity=$500.00
[DRY-RUN] [2026-08-28T03:22:05.887150+00:00] quotable=206 would_place=35 would_cancel=0 equity=$500.00
[DRY-RUN] [2026-08-28T03:22:52.336716+00:00] quotable=206 would_place=35 would_cancel=0 equity=$500.00
[DRY-RUN] [2026-08-28T03:23:38.617571+00:00] quotable=206 would_place=35 would_cancel=0 equity=$500.00
[DRY-RUN] [2026-08-28T03:24:24.714046+00:00] quotable=206 would_place=35 would_cancel=0 equity=$500.00
[DRY-RUN] [2026-08-28T03:25:10.867979+00:00] quotable=206 would_place=35 would_cancel=0 equity=$500.00
[DRY-RUN] [2026-08-28T03:25:56.973172+00:00] quotable=206 would_place=35 would_cancel=0 equity=$500.00
[DRY-RUN] [2026-08-28T03:26:43.386391+00:00] quotable=206 would_place=35 would_cancel=0 equity=$500.00
[DRY-RUN] [2026-08-28T03:27:29.477746+00:00] quotable=206 would_place=35 would_cancel=0 equity=$500.00
[DRY-RUN] [2026-08-28T03:28:15.612335+00:00] quotable=206 would_place=35 would_cancel=0 equity=$500.00
[DRY-RUN] [2026-08-28T03:29:01.737138+00:00] quotable=206 would_place=35 would_cancel=0 equity=$500.00
[DRY-RUN] [2026-08-28T03:29:47.825400+00:00] quotable=206 would_place=35 would_cancel=0 equity=$500.00
[DRY-RUN] [2026-08-28T03:30:34.226581+00:00] quotable=206 would_place=35 would_cancel=0 equity=$500.00
[DRY-RUN] [2026-08-28T03:31:20.577803+00:00] quotable=206 would_place=35 would_cancel=0 equity=$500.00
[DRY-RUN] [2026-08-28T03:32:06.706997+00:00] quotable=206 would_place=35 would_cancel=0 equity=$500.00
[DRY-RUN] [2026-08-28T03:32:52.805295+00:00] quotable=206 would_place=35 would_cancel=0 equity=$500.00
[DRY-RUN] [2026-08-28T03:33:39.033447+00:00] quotable=206 would_place=35 would_cancel=0 equity=$500.00
[DRY-RUN] [2026-08-28T03:34:25.120365+00:00] quotable=206 would_place=35 would_cancel=0 equity=$500.00
[DRY-RUN] [2026-08-28T03:35:11.254420+00:00] quotable=206 would_place=35 would_cancel=0 equity=$500.00
[DRY-RUN] [2026-08-28T03:35:57.650924+00:00] quotable=206 would_place=35 would_cancel=0 equity=$500.00
universe refreshed: 205 quotable market(s)
[DRY-RUN] [2026-08-28T03:36:52.500742+00:00] quotable=205 would_place=35 would_cancel=0 equity=$500.00
[DRY-RUN] [2026-08-28T03:37:42.296031+00:00] quotable=205 would_place=35 would_cancel=0 equity=$500.00
[DRY-RUN] [2026-08-28T03:38:28.391883+00:00] quotable=205 would_place=35 would_cancel=0 equity=$500.00
[DRY-RUN] [2026-08-28T03:39:14.485232+00:00] quotable=205 would_place=35 would_cancel=0 equity=$500.00
[DRY-RUN] [2026-08-28T03:40:00.614360+00:00] quotable=205 would_place=35 would_cancel=0 equity=$500.00
[DRY-RUN] [2026-08-28T03:40:46.760895+00:00] quotable=205 would_place=35 would_cancel=0 equity=$500.00
[DRY-RUN] [2026-08-28T03:41:32.885563+00:00] quotable=205 would_place=35 would_cancel=0 equity=$500.00
[DRY-RUN] [2026-08-28T03:42:18.988028+00:00] quotable=205 would_place=35 would_cancel=0 equity=$500.00
[DRY-RUN] [2026-08-28T03:43:05.257987+00:00] quotable=205 would_place=35 would_cancel=0 equity=$500.00
[DRY-RUN] [2026-08-28T03:43:51.367233+00:00] quotable=205 would_place=35 would_cancel=0 equity=$500.00
[DRY-RUN] [2026-08-28T03:44:37.599746+00:00] quotable=205 would_place=35 would_cancel=0 equity=$500.00
[DRY-RUN] [2026-08-28T03:45:23.879823+00:00] quotable=205 would_place=35 would_cancel=0 equity=$500.00
[DRY-RUN] [2026-08-28T03:46:19.981266+00:00] quotable=205 would_place=35 would_cancel=0 equity=$500.00
[DRY-RUN] [2026-08-28T03:47:06.249498+00:00] quotable=205 would_place=35 would_cancel=0 equity=$500.00
[DRY-RUN] [2026-08-28T03:47:52.621318+00:00] quotable=205 would_place=35 would_cancel=0 equity=$500.00
[DRY-RUN] [2026-08-28T03:48:38.852542+00:00] quotable=205 would_place=35 would_cancel=0 equity=$500.00
[DRY-RUN] [2026-08-28T03:49:24.775429+00:00] quotable=205 would_place=35 would_cancel=0 equity=$500.00
[DRY-RUN] [2026-08-28T03:50:11.130263+00:00] quotable=205 would_place=35 would_cancel=0 equity=$500.00
[DRY-RUN] [2026-08-28T03:50:57.209348+00:00] quotable=205 would_place=35 would_cancel=0 equity=$500.00
[DRY-RUN] [2026-08-28T03:51:43.298358+00:00] quotable=205 would_place=35 would_cancel=0 equity=$500.00
[DRY-RUN] [2026-08-28T03:52:29.418121+00:00] quotable=205 would_place=35 would_cancel=0 equity=$500.00
[DRY-RUN] [2026-08-28T03:53:15.522874+00:00] quotable=205 would_place=35 would_cancel=0 equity=$500.00
[DRY-RUN] [2026-08-28T03:54:11.827866+00:00] quotable=205 would_place=34 would_cancel=0 equity=$500.00
[DRY-RUN] [2026-08-28T03:54:58.099019+00:00] quotable=205 would_place=34 would_cancel=0 equity=$500.00
[DRY-RUN] [2026-08-28T03:55:44.376822+00:00] quotable=205 would_place=34 would_cancel=0 equity=$500.00
[DRY-RUN] [2026-08-28T03:56:30.491180+00:00] quotable=205 would_place=34 would_cancel=0 equity=$500.00
[DRY-RUN] [2026-08-28T03:57:26.591287+00:00] quotable=205 would_place=34 would_cancel=0 equity=$500.00
[DRY-RUN] [2026-08-28T03:58:12.959667+00:00] quotable=205 would_place=34 would_cancel=0 equity=$500.00
[DRY-RUN] [2026-08-28T03:58:59.214183+00:00] quotable=205 would_place=35 would_cancel=0 equity=$500.00
[DRY-RUN] [2026-08-28T03:59:45.579823+00:00] quotable=205 would_place=35 would_cancel=0 equity=$500.00
[DRY-RUN] [2026-08-28T04:00:31.709930+00:00] quotable=205 would_place=35 would_cancel=0 equity=$500.00
[DRY-RUN] [2026-08-28T04:01:18.005985+00:00] quotable=205 would_place=35 would_cancel=0 equity=$500.00
[DRY-RUN] [2026-08-28T04:02:04.281588+00:00] quotable=205 would_place=35 would_cancel=0 equity=$500.00
[DRY-RUN] [2026-08-28T04:02:50.377126+00:00] quotable=205 would_place=35 would_cancel=0 equity=$500.00
[DRY-RUN] [2026-08-28T04:03:36.475196+00:00] quotable=205 would_place=35 would_cancel=0 equity=$500.00
[DRY-RUN] [2026-08-28T04:04:22.584641+00:00] quotable=205 would_place=35 would_cancel=0 equity=$500.00
[DRY-RUN] [2026-08-28T04:05:08.864090+00:00] quotable=205 would_place=35 would_cancel=0 equity=$500.00
[DRY-RUN] [2026-08-28T04:06:04.983589+00:00] quotable=205 would_place=35 would_cancel=0 equity=$500.00
[DRY-RUN] [2026-08-28T04:06:51.323278+00:00] quotable=205 would_place=34 would_cancel=0 equity=$500.00
universe refreshed: 223 quotable market(s)
[DRY-RUN] [2026-08-28T04:07:46.234792+00:00] quotable=223 would_place=35 would_cancel=0 equity=$500.00
[DRY-RUN] [2026-08-28T04:08:35.897840+00:00] quotable=223 would_place=35 would_cancel=0 equity=$500.00
[DRY-RUN] [2026-08-28T04:09:22.393444+00:00] quotable=223 would_place=35 would_cancel=0 equity=$500.00
[DRY-RUN] [2026-08-28T04:10:18.532400+00:00] quotable=223 would_place=35 would_cancel=0 equity=$500.00
[DRY-RUN] [2026-08-28T04:11:04.805464+00:00] quotable=223 would_place=35 would_cancel=0 equity=$500.00
[DRY-RUN] [2026-08-28T04:11:50.917532+00:00] quotable=223 would_place=35 would_cancel=0 equity=$500.00
[DRY-RUN] [2026-08-28T04:12:37.220520+00:00] quotable=223 would_place=35 would_cancel=0 equity=$500.00
[DRY-RUN] [2026-08-28T04:13:23.302201+00:00] quotable=223 would_place=35 would_cancel=0 equity=$500.00
[DRY-RUN] [2026-08-28T04:14:09.388250+00:00] quotable=223 would_place=35 would_cancel=0 equity=$500.00
[DRY-RUN] [2026-08-28T04:14:55.485206+00:00] quotable=223 would_place=35 would_cancel=0 equity=$500.00
[DRY-RUN] [2026-08-28T04:15:41.730127+00:00] quotable=223 would_place=35 would_cancel=0 equity=$500.00
[DRY-RUN] [2026-08-28T04:16:27.870815+00:00] quotable=223 would_place=35 would_cancel=0 equity=$500.00
[DRY-RUN] [2026-08-28T04:17:13.967298+00:00] quotable=223 would_place=35 would_cancel=0 equity=$500.00
[DRY-RUN] [2026-08-28T04:18:00.226815+00:00] quotable=223 would_place=35 would_cancel=0 equity=$500.00
[DRY-RUN] [2026-08-28T04:18:46.324425+00:00] quotable=223 would_place=35 would_cancel=0 equity=$500.00
[DRY-RUN] [2026-08-28T04:19:32.722834+00:00] quotable=223 would_place=35 would_cancel=0 equity=$500.00
[DRY-RUN] [2026-08-28T04:20:18.826989+00:00] quotable=223 would_place=35 would_cancel=0 equity=$500.00
[DRY-RUN] [2026-08-28T04:21:05.249450+00:00] quotable=223 would_place=35 would_cancel=0 equity=$500.00
[DRY-RUN] [2026-08-28T04:21:51.397160+00:00] quotable=223 would_place=35 would_cancel=0 equity=$500.00
[DRY-RUN] [2026-08-28T04:22:37.513208+00:00] quotable=223 would_place=35 would_cancel=0 equity=$500.00
[DRY-RUN] [2026-08-28T04:23:24.213763+00:00] quotable=223 would_place=35 would_cancel=0 equity=$500.00
[DRY-RUN] [2026-08-28T04:24:10.318216+00:00] quotable=223 would_place=35 would_cancel=0 equity=$500.00
[DRY-RUN] [2026-08-28T04:24:56.503199+00:00] quotable=223 would_place=35 would_cancel=0 equity=$500.00
[DRY-RUN] [2026-08-28T04:25:42.594996+00:00] quotable=223 would_place=35 would_cancel=0 equity=$500.00
[DRY-RUN] [2026-08-28T04:26:28.589877+00:00] quotable=223 would_place=35 would_cancel=0 equity=$500.00
[DRY-RUN] [2026-08-28T04:27:14.700277+00:00] quotable=223 would_place=35 would_cancel=0 equity=$500.00
[DRY-RUN] [2026-08-28T04:28:00.789934+00:00] quotable=223 would_place=35 would_cancel=0 equity=$500.00
[DRY-RUN] [2026-08-28T04:28:46.955773+00:00] quotable=223 would_place=35 would_cancel=0 equity=$500.00
[DRY-RUN] [2026-08-28T04:29:33.384157+00:00] quotable=223 would_place=35 would_cancel=0 equity=$500.00
[DRY-RUN] [2026-08-28T04:30:19.633288+00:00] quotable=223 would_place=35 would_cancel=0 equity=$500.00
[DRY-RUN] [2026-08-28T04:31:05.722544+00:00] quotable=223 would_place=35 would_cancel=0 equity=$500.00
[DRY-RUN] [2026-08-28T04:31:52.016607+00:00] quotable=223 would_place=35 would_cancel=0 equity=$500.00
[DRY-RUN] [2026-08-28T04:32:48.111009+00:00] quotable=223 would_place=35 would_cancel=0 equity=$500.00
[DRY-RUN] [2026-08-28T04:33:34.692359+00:00] quotable=223 would_place=35 would_cancel=0 equity=$500.00
[DRY-RUN] [2026-08-28T04:34:20.823599+00:00] quotable=223 would_place=35 would_cancel=0 equity=$500.00
[DRY-RUN] [2026-08-28T04:35:07.110828+00:00] quotable=223 would_place=35 would_cancel=0 equity=$500.00
[DRY-RUN] [2026-08-28T04:35:53.207345+00:00] quotable=223 would_place=35 would_cancel=0 equity=$500.00
[DRY-RUN] [2026-08-28T04:36:49.326688+00:00] quotable=223 would_place=35 would_cancel=0 equity=$500.00
[DRY-RUN] [2026-08-28T04:37:35.760269+00:00] quotable=223 would_place=35 would_cancel=0 equity=$500.00
universe refreshed: 224 quotable market(s)
[DRY-RUN] [2026-08-28T04:38:37.895283+00:00] quotable=224 would_place=37 would_cancel=0 equity=$500.00
[DRY-RUN] [2026-08-28T04:39:39.976196+00:00] quotable=224 would_place=37 would_cancel=0 equity=$500.00
[DRY-RUN] [2026-08-28T04:40:26.532095+00:00] quotable=224 would_place=37 would_cancel=0 equity=$500.00
[DRY-RUN] [2026-08-28T04:41:12.955005+00:00] quotable=224 would_place=37 would_cancel=0 equity=$500.00
[DRY-RUN] [2026-08-28T04:41:59.108835+00:00] quotable=224 would_place=37 would_cancel=0 equity=$500.00
[DRY-RUN] [2026-08-28T04:42:45.257896+00:00] quotable=224 would_place=37 would_cancel=0 equity=$500.00
[DRY-RUN] [2026-08-28T04:43:32.174811+00:00] quotable=224 would_place=37 would_cancel=0 equity=$500.00
[DRY-RUN] [2026-08-28T04:44:18.353443+00:00] quotable=224 would_place=37 would_cancel=0 equity=$500.00
[DRY-RUN] [2026-08-28T04:45:04.746724+00:00] quotable=224 would_place=37 would_cancel=0 equity=$500.00
[DRY-RUN] [2026-08-28T04:45:51.183652+00:00] quotable=224 would_place=37 would_cancel=0 equity=$500.00
[DRY-RUN] [2026-08-28T04:46:38.462156+00:00] quotable=224 would_place=36 would_cancel=0 equity=$500.00
[DRY-RUN] [2026-08-28T04:47:24.731251+00:00] quotable=224 would_place=36 would_cancel=0 equity=$500.00
[DRY-RUN] [2026-08-28T04:48:10.902818+00:00] quotable=224 would_place=36 would_cancel=0 equity=$500.00
[DRY-RUN] [2026-08-28T04:48:57.031567+00:00] quotable=224 would_place=36 would_cancel=0 equity=$500.00
[DRY-RUN] [2026-08-28T04:49:53.331370+00:00] quotable=224 would_place=36 would_cancel=0 equity=$500.00
[DRY-RUN] [2026-08-28T04:50:39.417261+00:00] quotable=224 would_place=36 would_cancel=0 equity=$500.00
[DRY-RUN] [2026-08-28T04:51:25.510670+00:00] quotable=224 would_place=37 would_cancel=0 equity=$500.00
[DRY-RUN] [2026-08-28T04:52:11.762562+00:00] quotable=224 would_place=36 would_cancel=0 equity=$500.00
[DRY-RUN] [2026-08-28T04:52:58.158975+00:00] quotable=224 would_place=37 would_cancel=0 equity=$500.00
[DRY-RUN] [2026-08-28T04:53:44.453314+00:00] quotable=224 would_place=37 would_cancel=0 equity=$500.00
[DRY-RUN] [2026-08-28T04:54:30.557709+00:00] quotable=224 would_place=37 would_cancel=0 equity=$500.00
[DRY-RUN] [2026-08-28T04:55:16.652849+00:00] quotable=224 would_place=39 would_cancel=0 equity=$500.00
[DRY-RUN] [2026-08-28T04:56:03.100746+00:00] quotable=224 would_place=37 would_cancel=0 equity=$500.00
[DRY-RUN] [2026-08-28T04:56:49.036104+00:00] quotable=224 would_place=39 would_cancel=0 equity=$500.00
[DRY-RUN] [2026-08-28T04:57:35.459632+00:00] quotable=224 would_place=37 would_cancel=0 equity=$500.00
[DRY-RUN] [2026-08-28T04:58:21.812604+00:00] quotable=224 would_place=39 would_cancel=0 equity=$500.00
[DRY-RUN] [2026-08-28T04:59:08.222744+00:00] quotable=224 would_place=37 would_cancel=0 equity=$500.00
[DRY-RUN] [2026-08-28T04:59:54.318352+00:00] quotable=224 would_place=37 would_cancel=0 equity=$500.00
[DRY-RUN] [2026-08-28T05:00:40.379827+00:00] quotable=224 would_place=37 would_cancel=0 equity=$500.00
[DRY-RUN] [2026-08-28T05:01:26.566805+00:00] quotable=224 would_place=37 would_cancel=0 equity=$500.00
[DRY-RUN] [2026-08-28T05:02:12.660871+00:00] quotable=224 would_place=37 would_cancel=0 equity=$500.00
[DRY-RUN] [2026-08-28T05:02:58.752898+00:00] quotable=224 would_place=37 would_cancel=0 equity=$500.00
[DRY-RUN] [2026-08-28T05:03:45.286683+00:00] quotable=224 would_place=37 would_cancel=0 equity=$500.00
[DRY-RUN] [2026-08-28T05:04:31.376162+00:00] quotable=224 would_place=37 would_cancel=0 equity=$500.00
[DRY-RUN] [2026-08-28T05:05:17.473443+00:00] quotable=224 would_place=37 would_cancel=0 equity=$500.00
[DRY-RUN] [2026-08-28T05:06:03.738721+00:00] quotable=224 would_place=37 would_cancel=0 equity=$500.00
[DRY-RUN] [2026-08-28T05:06:50.022433+00:00] quotable=224 would_place=37 would_cancel=0 equity=$500.00
[DRY-RUN] [2026-08-28T05:07:36.131730+00:00] quotable=224 would_place=37 would_cancel=0 equity=$500.00
[DRY-RUN] [2026-08-28T05:08:22.237811+00:00] quotable=224 would_place=37 would_cancel=0 equity=$500.00
universe refreshed: 214 quotable market(s)
[DRY-RUN] [2026-08-28T05:09:15.614308+00:00] quotable=214 would_place=42 would_cancel=0 equity=$500.00
[DRY-RUN] [2026-08-28T05:10:04.599865+00:00] quotable=214 would_place=42 would_cancel=0 equity=$500.00
[DRY-RUN] [2026-08-28T05:10:51.045236+00:00] quotable=214 would_place=42 would_cancel=0 equity=$500.00
[DRY-RUN] [2026-08-28T05:11:37.160829+00:00] quotable=214 would_place=42 would_cancel=0 equity=$500.00
[DRY-RUN] [2026-08-28T05:12:23.269853+00:00] quotable=214 would_place=42 would_cancel=0 equity=$500.00
[DRY-RUN] [2026-08-28T05:13:09.677814+00:00] quotable=214 would_place=42 would_cancel=0 equity=$500.00
[DRY-RUN] [2026-08-28T05:13:55.988272+00:00] quotable=214 would_place=42 would_cancel=0 equity=$500.00
[DRY-RUN] [2026-08-28T05:14:42.087824+00:00] quotable=214 would_place=42 would_cancel=0 equity=$500.00
[DRY-RUN] [2026-08-28T05:15:28.207017+00:00] quotable=214 would_place=42 would_cancel=0 equity=$500.00
[DRY-RUN] [2026-08-28T05:16:14.630774+00:00] quotable=214 would_place=42 would_cancel=0 equity=$500.00
[DRY-RUN] [2026-08-28T05:17:10.938703+00:00] quotable=214 would_place=42 would_cancel=0 equity=$500.00
[DRY-RUN] [2026-08-28T05:17:57.052732+00:00] quotable=214 would_place=42 would_cancel=0 equity=$500.00
[DRY-RUN] [2026-08-28T05:18:43.470849+00:00] quotable=214 would_place=42 would_cancel=0 equity=$500.00
[DRY-RUN] [2026-08-28T05:19:29.620140+00:00] quotable=214 would_place=42 would_cancel=0 equity=$500.00
[DRY-RUN] [2026-08-28T05:20:15.715746+00:00] quotable=214 would_place=42 would_cancel=0 equity=$500.00
[DRY-RUN] [2026-08-28T05:21:01.967556+00:00] quotable=214 would_place=42 would_cancel=0 equity=$500.00
[DRY-RUN] [2026-08-28T05:21:48.087218+00:00] quotable=214 would_place=42 would_cancel=0 equity=$500.00
[DRY-RUN] [2026-08-28T05:22:34.215168+00:00] quotable=214 would_place=42 would_cancel=0 equity=$500.00
[DRY-RUN] [2026-08-28T05:23:20.346892+00:00] quotable=214 would_place=42 would_cancel=0 equity=$500.00
[DRY-RUN] [2026-08-28T05:24:06.456504+00:00] quotable=214 would_place=42 would_cancel=0 equity=$500.00
[DRY-RUN] [2026-08-28T05:24:52.566444+00:00] quotable=214 would_place=42 would_cancel=0 equity=$500.00
[DRY-RUN] [2026-08-28T05:25:38.656439+00:00] quotable=214 would_place=42 would_cancel=0 equity=$500.00
[DRY-RUN] [2026-08-28T05:26:24.814317+00:00] quotable=214 would_place=42 would_cancel=0 equity=$500.00
[DRY-RUN] [2026-08-28T05:27:11.010987+00:00] quotable=214 would_place=42 would_cancel=0 equity=$500.00
[DRY-RUN] [2026-08-28T05:27:57.098895+00:00] quotable=214 would_place=42 would_cancel=0 equity=$500.00
[DRY-RUN] [2026-08-28T05:28:43.566943+00:00] quotable=214 would_place=42 would_cancel=0 equity=$500.00
[DRY-RUN] [2026-08-28T05:29:29.662662+00:00] quotable=214 would_place=42 would_cancel=0 equity=$500.00
[DRY-RUN] [2026-08-28T05:30:15.757824+00:00] quotable=214 would_place=42 would_cancel=0 equity=$500.00
[DRY-RUN] [2026-08-28T05:31:01.855586+00:00] quotable=214 would_place=42 would_cancel=0 equity=$500.00
[DRY-RUN] [2026-08-28T05:31:58.232122+00:00] quotable=214 would_place=42 would_cancel=0 equity=$500.00
[DRY-RUN] [2026-08-28T05:32:44.525136+00:00] quotable=214 would_place=42 would_cancel=0 equity=$500.00
[DRY-RUN] [2026-08-28T05:33:30.645061+00:00] quotable=214 would_place=42 would_cancel=0 equity=$500.00
[DRY-RUN] [2026-08-28T05:34:17.065902+00:00] quotable=214 would_place=42 would_cancel=0 equity=$500.00
[DRY-RUN] [2026-08-28T05:35:03.225896+00:00] quotable=214 would_place=42 would_cancel=0 equity=$500.00
[DRY-RUN] [2026-08-28T05:35:59.825449+00:00] quotable=214 would_place=42 would_cancel=0 equity=$500.00
[DRY-RUN] [2026-08-28T05:36:46.108745+00:00] quotable=214 would_place=42 would_cancel=0 equity=$500.00
[DRY-RUN] [2026-08-28T05:37:32.365674+00:00] quotable=214 would_place=42 would_cancel=0 equity=$500.00
[DRY-RUN] [2026-08-28T05:38:18.470522+00:00] quotable=214 would_place=42 would_cancel=0 equity=$500.00
[DRY-RUN] [2026-08-28T05:39:04.831375+00:00] quotable=214 would_place=42 would_cancel=0 equity=$500.00
universe refreshed: 220 quotable market(s)
[DRY-RUN] [2026-08-28T05:40:02.263764+00:00] quotable=220 would_place=40 would_cancel=0 equity=$500.00
[DRY-RUN] [2026-08-28T05:40:51.237847+00:00] quotable=220 would_place=40 would_cancel=0 equity=$500.00
[DRY-RUN] [2026-08-28T05:41:37.597587+00:00] quotable=220 would_place=40 would_cancel=0 equity=$500.00
[DRY-RUN] [2026-08-28T05:42:23.857491+00:00] quotable=220 would_place=39 would_cancel=0 equity=$500.00
[DRY-RUN] [2026-08-28T05:43:20.111332+00:00] quotable=220 would_place=39 would_cancel=0 equity=$500.00
[DRY-RUN] [2026-08-28T05:44:06.295086+00:00] quotable=220 would_place=39 would_cancel=0 equity=$500.00
[DRY-RUN] [2026-08-28T05:44:52.602873+00:00] quotable=220 would_place=42 would_cancel=0 equity=$500.00
[DRY-RUN] [2026-08-28T05:45:39.582418+00:00] quotable=220 would_place=39 would_cancel=0 equity=$500.00
[DRY-RUN] [2026-08-28T05:46:26.887171+00:00] quotable=220 would_place=39 would_cancel=0 equity=$500.00
[DRY-RUN] [2026-08-28T05:47:13.708523+00:00] quotable=220 would_place=39 would_cancel=0 equity=$500.00
[DRY-RUN] [2026-08-28T05:48:00.678208+00:00] quotable=220 would_place=39 would_cancel=0 equity=$500.00
[DRY-RUN] [2026-08-28T05:48:47.019971+00:00] quotable=220 would_place=39 would_cancel=0 equity=$500.00
[DRY-RUN] [2026-08-28T05:49:33.111742+00:00] quotable=220 would_place=39 would_cancel=0 equity=$500.00
[DRY-RUN] [2026-08-28T05:50:19.520038+00:00] quotable=220 would_place=39 would_cancel=0 equity=$500.00
[DRY-RUN] [2026-08-28T05:51:05.661501+00:00] quotable=220 would_place=39 would_cancel=0 equity=$500.00
[DRY-RUN] [2026-08-28T05:51:51.896161+00:00] quotable=220 would_place=39 would_cancel=0 equity=$500.00
[DRY-RUN] [2026-08-28T05:52:38.031982+00:00] quotable=220 would_place=39 would_cancel=0 equity=$500.00
[DRY-RUN] [2026-08-28T05:53:24.156099+00:00] quotable=220 would_place=39 would_cancel=0 equity=$500.00
[DRY-RUN] [2026-08-28T05:54:10.396295+00:00] quotable=220 would_place=39 would_cancel=0 equity=$500.00
[DRY-RUN] [2026-08-28T05:54:56.513061+00:00] quotable=220 would_place=39 would_cancel=0 equity=$500.00
[DRY-RUN] [2026-08-28T05:55:42.610458+00:00] quotable=220 would_place=42 would_cancel=0 equity=$500.00
[DRY-RUN] [2026-08-28T05:56:29.235587+00:00] quotable=220 would_place=39 would_cancel=0 equity=$500.00
[DRY-RUN] [2026-08-28T05:57:15.376066+00:00] quotable=220 would_place=42 would_cancel=0 equity=$500.00
[DRY-RUN] [2026-08-28T05:58:01.669212+00:00] quotable=220 would_place=39 would_cancel=0 equity=$500.00
[DRY-RUN] [2026-08-28T05:58:47.790742+00:00] quotable=220 would_place=39 would_cancel=0 equity=$500.00
[DRY-RUN] [2026-08-28T05:59:33.880629+00:00] quotable=220 would_place=39 would_cancel=0 equity=$500.00
[DRY-RUN] [2026-08-28T06:00:20.034523+00:00] quotable=220 would_place=39 would_cancel=0 equity=$500.00
[DRY-RUN] [2026-08-28T06:01:06.390678+00:00] quotable=220 would_place=39 would_cancel=0 equity=$500.00
[DRY-RUN] [2026-08-28T06:02:02.520528+00:00] quotable=220 would_place=39 would_cancel=0 equity=$500.00
[DRY-RUN] [2026-08-28T06:02:48.940743+00:00] quotable=220 would_place=39 would_cancel=0 equity=$500.00
[DRY-RUN] [2026-08-28T06:03:35.375246+00:00] quotable=220 would_place=39 would_cancel=0 equity=$500.00
[DRY-RUN] [2026-08-28T06:04:21.508336+00:00] quotable=220 would_place=39 would_cancel=0 equity=$500.00
[DRY-RUN] [2026-08-28T06:05:17.669893+00:00] quotable=220 would_place=39 would_cancel=0 equity=$500.00
[DRY-RUN] [2026-08-28T06:06:13.946564+00:00] quotable=220 would_place=39 would_cancel=0 equity=$500.00
[DRY-RUN] [2026-08-28T06:07:00.047874+00:00] quotable=220 would_place=39 would_cancel=0 equity=$500.00
[DRY-RUN] [2026-08-28T06:07:46.147581+00:00] quotable=220 would_place=39 would_cancel=0 equity=$500.00
[DRY-RUN] [2026-08-28T06:08:32.720847+00:00] quotable=220 would_place=39 would_cancel=0 equity=$500.00
[DRY-RUN] [2026-08-28T06:09:29.243176+00:00] quotable=220 would_place=39 would_cancel=0 equity=$500.00
universe refreshed: 220 quotable market(s)
[DRY-RUN] [2026-08-28T06:10:25.094906+00:00] quotable=220 would_place=37 would_cancel=0 equity=$500.00
[DRY-RUN] [2026-08-28T06:11:16.351287+00:00] quotable=220 would_place=37 would_cancel=0 equity=$500.00
[DRY-RUN] [2026-08-28T06:12:02.304778+00:00] quotable=220 would_place=37 would_cancel=0 equity=$500.00
[DRY-RUN] [2026-08-28T06:12:48.423740+00:00] quotable=220 would_place=38 would_cancel=0 equity=$500.00
[DRY-RUN] [2026-08-28T06:13:34.514696+00:00] quotable=220 would_place=37 would_cancel=0 equity=$500.00
[DRY-RUN] [2026-08-28T06:14:20.659679+00:00] quotable=220 would_place=37 would_cancel=0 equity=$500.00
[DRY-RUN] [2026-08-28T06:15:06.911235+00:00] quotable=220 would_place=38 would_cancel=0 equity=$500.00
[DRY-RUN] [2026-08-28T06:15:53.021841+00:00] quotable=220 would_place=37 would_cancel=0 equity=$500.00
[DRY-RUN] [2026-08-28T06:16:39.269866+00:00] quotable=220 would_place=37 would_cancel=0 equity=$500.00
[DRY-RUN] [2026-08-28T06:17:25.625604+00:00] quotable=220 would_place=37 would_cancel=0 equity=$500.00
[DRY-RUN] [2026-08-28T06:18:11.720113+00:00] quotable=220 would_place=37 would_cancel=0 equity=$500.00
[DRY-RUN] [2026-08-28T06:18:57.844711+00:00] quotable=220 would_place=37 would_cancel=0 equity=$500.00
[DRY-RUN] [2026-08-28T06:19:44.104822+00:00] quotable=220 would_place=37 would_cancel=0 equity=$500.00
[DRY-RUN] [2026-08-28T06:20:30.233189+00:00] quotable=220 would_place=38 would_cancel=0 equity=$500.00
[DRY-RUN] [2026-08-28T06:21:16.490948+00:00] quotable=220 would_place=38 would_cancel=0 equity=$500.00
[DRY-RUN] [2026-08-28T06:22:02.623883+00:00] quotable=220 would_place=38 would_cancel=0 equity=$500.00
[DRY-RUN] [2026-08-28T06:22:48.719198+00:00] quotable=220 would_place=38 would_cancel=0 equity=$500.00
[DRY-RUN] [2026-08-28T06:23:34.994719+00:00] quotable=220 would_place=38 would_cancel=0 equity=$500.00
[DRY-RUN] [2026-08-28T06:24:21.481233+00:00] quotable=220 would_place=38 would_cancel=0 equity=$500.00
[DRY-RUN] [2026-08-28T06:25:07.594445+00:00] quotable=220 would_place=38 would_cancel=0 equity=$500.00
[DRY-RUN] [2026-08-28T06:25:53.849183+00:00] quotable=220 would_place=38 would_cancel=0 equity=$500.00
[DRY-RUN] [2026-08-28T06:26:40.124404+00:00] quotable=220 would_place=38 would_cancel=0 equity=$500.00
[DRY-RUN] [2026-08-28T06:27:26.212136+00:00] quotable=220 would_place=38 would_cancel=0 equity=$500.00
[DRY-RUN] [2026-08-28T06:28:12.665229+00:00] quotable=220 would_place=38 would_cancel=0 equity=$500.00
[DRY-RUN] [2026-08-28T06:28:58.795297+00:00] quotable=220 would_place=38 would_cancel=0 equity=$500.00
[DRY-RUN] [2026-08-28T06:29:44.949823+00:00] quotable=220 would_place=37 would_cancel=0 equity=$500.00
[DRY-RUN] [2026-08-28T06:30:31.039810+00:00] quotable=220 would_place=37 would_cancel=0 equity=$500.00
[DRY-RUN] [2026-08-28T06:31:17.164339+00:00] quotable=220 would_place=37 would_cancel=0 equity=$500.00
[DRY-RUN] [2026-08-28T06:32:03.261778+00:00] quotable=220 would_place=37 would_cancel=0 equity=$500.00
[DRY-RUN] [2026-08-28T06:32:59.671939+00:00] quotable=220 would_place=37 would_cancel=0 equity=$500.00
[DRY-RUN] [2026-08-28T06:33:46.024827+00:00] quotable=220 would_place=37 would_cancel=0 equity=$500.00
[DRY-RUN] [2026-08-28T06:34:31.963210+00:00] quotable=220 would_place=37 would_cancel=0 equity=$500.00
[DRY-RUN] [2026-08-28T06:35:25.344699+00:00] quotable=220 would_place=37 would_cancel=0 equity=$500.00
[DRY-RUN] [2026-08-28T06:36:11.508867+00:00] quotable=220 would_place=37 would_cancel=0 equity=$500.00
[DRY-RUN] [2026-08-28T06:36:57.773419+00:00] quotable=220 would_place=37 would_cancel=0 equity=$500.00
[DRY-RUN] [2026-08-28T06:37:44.046849+00:00] quotable=220 would_place=37 would_cancel=0 equity=$500.00
[DRY-RUN] [2026-08-28T06:38:30.334125+00:00] quotable=220 would_place=37 would_cancel=0 equity=$500.00
[DRY-RUN] [2026-08-28T06:39:16.583046+00:00] quotable=220 would_place=37 would_cancel=0 equity=$500.00
[DRY-RUN] [2026-08-28T06:40:02.842955+00:00] quotable=220 would_place=37 would_cancel=0 equity=$500.00
universe refreshed: 205 quotable market(s)
[DRY-RUN] [2026-08-28T06:41:04.201469+00:00] quotable=205 would_place=34 would_cancel=0 equity=$500.00
[DRY-RUN] [2026-08-28T06:41:54.254526+00:00] quotable=205 would_place=34 would_cancel=0 equity=$500.00
[DRY-RUN] [2026-08-28T06:42:40.523041+00:00] quotable=205 would_place=34 would_cancel=0 equity=$500.00
[DRY-RUN] [2026-08-28T06:43:26.766373+00:00] quotable=205 would_place=34 would_cancel=0 equity=$500.00
[DRY-RUN] [2026-08-28T06:44:13.214526+00:00] quotable=205 would_place=34 would_cancel=0 equity=$500.00
[DRY-RUN] [2026-08-28T06:44:59.317371+00:00] quotable=205 would_place=34 would_cancel=0 equity=$500.00
[DRY-RUN] [2026-08-28T06:45:45.793070+00:00] quotable=205 would_place=34 would_cancel=0 equity=$500.00
[DRY-RUN] [2026-08-28T06:46:31.911824+00:00] quotable=205 would_place=34 would_cancel=0 equity=$500.00
[DRY-RUN] [2026-08-28T06:47:18.239185+00:00] quotable=205 would_place=34 would_cancel=0 equity=$500.00
[DRY-RUN] [2026-08-28T06:48:04.328350+00:00] quotable=205 would_place=34 would_cancel=0 equity=$500.00
[DRY-RUN] [2026-08-28T06:48:50.736023+00:00] quotable=205 would_place=34 would_cancel=0 equity=$500.00
[DRY-RUN] [2026-08-28T06:49:37.176770+00:00] quotable=205 would_place=34 would_cancel=0 equity=$500.00
[DRY-RUN] [2026-08-28T06:50:23.347927+00:00] quotable=205 would_place=34 would_cancel=0 equity=$500.00
[DRY-RUN] [2026-08-28T06:51:09.811260+00:00] quotable=205 would_place=34 would_cancel=0 equity=$500.00
[DRY-RUN] [2026-08-28T06:51:55.908216+00:00] quotable=205 would_place=34 would_cancel=0 equity=$500.00
[DRY-RUN] [2026-08-28T06:52:42.013410+00:00] quotable=205 would_place=34 would_cancel=0 equity=$500.00
[DRY-RUN] [2026-08-28T06:53:28.437257+00:00] quotable=205 would_place=34 would_cancel=0 equity=$500.00
[DRY-RUN] [2026-08-28T06:54:14.551326+00:00] quotable=205 would_place=34 would_cancel=0 equity=$500.00
[DRY-RUN] [2026-08-28T06:55:00.692834+00:00] quotable=205 would_place=34 would_cancel=0 equity=$500.00
[DRY-RUN] [2026-08-28T06:55:46.875774+00:00] quotable=205 would_place=34 would_cancel=0 equity=$500.00
[DRY-RUN] [2026-08-28T06:56:32.986357+00:00] quotable=205 would_place=34 would_cancel=0 equity=$500.00
[DRY-RUN] [2026-08-28T06:57:19.093841+00:00] quotable=205 would_place=34 would_cancel=0 equity=$500.00
[DRY-RUN] [2026-08-28T06:58:05.191359+00:00] quotable=205 would_place=34 would_cancel=0 equity=$500.00
[DRY-RUN] [2026-08-28T06:59:01.479843+00:00] quotable=205 would_place=34 would_cancel=0 equity=$500.00
[DRY-RUN] [2026-08-28T06:59:47.580827+00:00] quotable=205 would_place=34 would_cancel=0 equity=$500.00
[DRY-RUN] [2026-08-28T07:00:34.019727+00:00] quotable=205 would_place=34 would_cancel=0 equity=$500.00
[DRY-RUN] [2026-08-28T07:01:20.162869+00:00] quotable=205 would_place=34 would_cancel=0 equity=$500.00
[DRY-RUN] [2026-08-28T07:02:16.262179+00:00] quotable=205 would_place=33 would_cancel=0 equity=$500.00
[DRY-RUN] [2026-08-28T07:03:12.365134+00:00] quotable=205 would_place=33 would_cancel=0 equity=$500.00
[DRY-RUN] [2026-08-28T07:03:58.633650+00:00] quotable=205 would_place=33 would_cancel=0 equity=$500.00
[DRY-RUN] [2026-08-28T07:04:44.742410+00:00] quotable=205 would_place=33 would_cancel=0 equity=$500.00
[DRY-RUN] [2026-08-28T07:05:30.878826+00:00] quotable=205 would_place=33 would_cancel=0 equity=$500.00
[DRY-RUN] [2026-08-28T07:06:17.046432+00:00] quotable=205 would_place=33 would_cancel=0 equity=$500.00
[DRY-RUN] [2026-08-28T07:07:03.140229+00:00] quotable=205 would_place=33 would_cancel=0 equity=$500.00
[DRY-RUN] [2026-08-28T07:07:49.507558+00:00] quotable=205 would_place=33 would_cancel=0 equity=$500.00
[DRY-RUN] [2026-08-28T07:08:35.607074+00:00] quotable=205 would_place=33 would_cancel=0 equity=$500.00
[DRY-RUN] [2026-08-28T07:09:22.014277+00:00] quotable=205 would_place=33 would_cancel=0 equity=$500.00
[DRY-RUN] [2026-08-28T07:10:08.132636+00:00] quotable=205 would_place=33 would_cancel=0 equity=$500.00
[DRY-RUN] [2026-08-28T07:10:54.427770+00:00] quotable=205 would_place=33 would_cancel=0 equity=$500.00
universe refreshed: 202 quotable market(s)
[DRY-RUN] [2026-08-28T07:11:45.627718+00:00] quotable=202 would_place=37 would_cancel=0 equity=$500.00
[DRY-RUN] [2026-08-28T07:12:35.858020+00:00] quotable=202 would_place=37 would_cancel=0 equity=$500.00
[DRY-RUN] [2026-08-28T07:13:21.958522+00:00] quotable=202 would_place=37 would_cancel=0 equity=$500.00
[DRY-RUN] [2026-08-28T07:14:08.391492+00:00] quotable=202 would_place=37 would_cancel=0 equity=$500.00
[DRY-RUN] [2026-08-28T07:14:54.481859+00:00] quotable=202 would_place=37 would_cancel=0 equity=$500.00
[DRY-RUN] [2026-08-28T07:15:50.912291+00:00] quotable=202 would_place=37 would_cancel=0 equity=$500.00
[DRY-RUN] [2026-08-28T07:16:37.053296+00:00] quotable=202 would_place=37 would_cancel=0 equity=$500.00
[DRY-RUN] [2026-08-28T07:17:23.319043+00:00] quotable=202 would_place=37 would_cancel=0 equity=$500.00
[DRY-RUN] [2026-08-28T07:18:09.589906+00:00] quotable=202 would_place=37 would_cancel=0 equity=$500.00
[DRY-RUN] [2026-08-28T07:18:55.789252+00:00] quotable=202 would_place=37 would_cancel=0 equity=$500.00
[DRY-RUN] [2026-08-28T07:19:42.078330+00:00] quotable=202 would_place=37 would_cancel=0 equity=$500.00
[DRY-RUN] [2026-08-28T07:20:28.336546+00:00] quotable=202 would_place=37 would_cancel=0 equity=$500.00
[DRY-RUN] [2026-08-28T07:21:14.444848+00:00] quotable=202 would_place=37 would_cancel=0 equity=$500.00
[DRY-RUN] [2026-08-28T07:22:10.546605+00:00] quotable=202 would_place=37 would_cancel=0 equity=$500.00
[DRY-RUN] [2026-08-28T07:22:56.656373+00:00] quotable=202 would_place=37 would_cancel=0 equity=$500.00
[DRY-RUN] [2026-08-28T07:23:42.763850+00:00] quotable=202 would_place=37 would_cancel=0 equity=$500.00
[DRY-RUN] [2026-08-28T07:24:28.863669+00:00] quotable=202 would_place=37 would_cancel=0 equity=$500.00
[DRY-RUN] [2026-08-28T07:25:14.950408+00:00] quotable=202 would_place=37 would_cancel=0 equity=$500.00
[DRY-RUN] [2026-08-28T07:26:01.247915+00:00] quotable=202 would_place=37 would_cancel=0 equity=$500.00
[DRY-RUN] [2026-08-28T07:26:47.383446+00:00] quotable=202 would_place=37 would_cancel=0 equity=$500.00
[DRY-RUN] [2026-08-28T07:27:33.785383+00:00] quotable=202 would_place=37 would_cancel=0 equity=$500.00
[DRY-RUN] [2026-08-28T07:28:19.925504+00:00] quotable=202 would_place=37 would_cancel=0 equity=$500.00
[DRY-RUN] [2026-08-28T07:29:06.012835+00:00] quotable=202 would_place=37 would_cancel=0 equity=$500.00
[DRY-RUN] [2026-08-28T07:29:52.108827+00:00] quotable=202 would_place=37 would_cancel=0 equity=$500.00
[DRY-RUN] [2026-08-28T07:30:38.208929+00:00] quotable=202 would_place=37 would_cancel=0 equity=$500.00
[DRY-RUN] [2026-08-28T07:31:24.647543+00:00] quotable=202 would_place=37 would_cancel=0 equity=$500.00
[DRY-RUN] [2026-08-28T07:32:10.755281+00:00] quotable=202 would_place=37 would_cancel=0 equity=$500.00
[DRY-RUN] [2026-08-28T07:32:56.874737+00:00] quotable=202 would_place=37 would_cancel=0 equity=$500.00
[DRY-RUN] [2026-08-28T07:33:42.994450+00:00] quotable=202 would_place=37 would_cancel=0 equity=$500.00
[DRY-RUN] [2026-08-28T07:34:29.193011+00:00] quotable=202 would_place=37 would_cancel=0 equity=$500.00
[DRY-RUN] [2026-08-28T07:35:15.371770+00:00] quotable=202 would_place=37 would_cancel=0 equity=$500.00
[DRY-RUN] [2026-08-28T07:36:01.773344+00:00] quotable=202 would_place=37 would_cancel=0 equity=$500.00
[DRY-RUN] [2026-08-28T07:36:47.920311+00:00] quotable=202 would_place=37 would_cancel=0 equity=$500.00
[DRY-RUN] [2026-08-28T07:37:34.044754+00:00] quotable=202 would_place=37 would_cancel=0 equity=$500.00
[DRY-RUN] [2026-08-28T07:38:20.296260+00:00] quotable=202 would_place=37 would_cancel=0 equity=$500.00
[DRY-RUN] [2026-08-28T07:39:16.405827+00:00] quotable=202 would_place=37 would_cancel=0 equity=$500.00
[DRY-RUN] [2026-08-28T07:40:02.599404+00:00] quotable=202 would_place=37 would_cancel=0 equity=$500.00
[DRY-RUN] [2026-08-28T07:40:48.714479+00:00] quotable=202 would_place=37 would_cancel=0 equity=$500.00
[DRY-RUN] [2026-08-28T07:41:34.790686+00:00] quotable=202 would_place=37 would_cancel=0 equity=$500.00
universe refreshed: 198 quotable market(s)
[DRY-RUN] [2026-08-28T07:42:27.728487+00:00] quotable=198 would_place=37 would_cancel=0 equity=$500.00
[DRY-RUN] [2026-08-28T07:43:16.738937+00:00] quotable=198 would_place=37 would_cancel=0 equity=$500.00
[DRY-RUN] [2026-08-28T07:44:02.842516+00:00] quotable=198 would_place=37 would_cancel=0 equity=$500.00
[DRY-RUN] [2026-08-28T07:44:48.954625+00:00] quotable=198 would_place=37 would_cancel=0 equity=$500.00
[DRY-RUN] [2026-08-28T07:45:35.064180+00:00] quotable=198 would_place=37 would_cancel=0 equity=$500.00
[DRY-RUN] [2026-08-28T07:46:21.290763+00:00] quotable=198 would_place=37 would_cancel=0 equity=$500.00
[DRY-RUN] [2026-08-28T07:47:07.389502+00:00] quotable=198 would_place=37 would_cancel=0 equity=$500.00
[DRY-RUN] [2026-08-28T07:47:53.644751+00:00] quotable=198 would_place=37 would_cancel=0 equity=$500.00
[DRY-RUN] [2026-08-28T07:48:39.759142+00:00] quotable=198 would_place=37 would_cancel=0 equity=$500.00
[DRY-RUN] [2026-08-28T07:49:26.236140+00:00] quotable=198 would_place=37 would_cancel=0 equity=$500.00
[DRY-RUN] [2026-08-28T07:50:12.355478+00:00] quotable=198 would_place=37 would_cancel=0 equity=$500.00
[DRY-RUN] [2026-08-28T07:50:58.792014+00:00] quotable=198 would_place=37 would_cancel=0 equity=$500.00
[DRY-RUN] [2026-08-28T07:51:45.268208+00:00] quotable=198 would_place=37 would_cancel=0 equity=$500.00
[DRY-RUN] [2026-08-28T07:52:31.722746+00:00] quotable=198 would_place=37 would_cancel=0 equity=$500.00
[DRY-RUN] [2026-08-28T07:53:17.814995+00:00] quotable=198 would_place=37 would_cancel=0 equity=$500.00
[DRY-RUN] [2026-08-28T07:54:04.083526+00:00] quotable=198 would_place=37 would_cancel=0 equity=$500.00
[DRY-RUN] [2026-08-28T07:54:50.189530+00:00] quotable=198 would_place=37 would_cancel=0 equity=$500.00
[DRY-RUN] [2026-08-28T07:55:36.300749+00:00] quotable=198 would_place=37 would_cancel=0 equity=$500.00
[DRY-RUN] [2026-08-28T07:56:22.940977+00:00] quotable=198 would_place=37 would_cancel=0 equity=$500.00
[DRY-RUN] [2026-08-28T07:57:09.377382+00:00] quotable=198 would_place=37 would_cancel=0 equity=$500.00
[DRY-RUN] [2026-08-28T07:57:55.651526+00:00] quotable=198 would_place=37 would_cancel=0 equity=$500.00
[DRY-RUN] [2026-08-28T07:58:41.752638+00:00] quotable=198 would_place=37 would_cancel=0 equity=$500.00
[DRY-RUN] [2026-08-28T07:59:37.897583+00:00] quotable=198 would_place=37 would_cancel=0 equity=$500.00
[DRY-RUN] [2026-08-28T08:00:23.999566+00:00] quotable=198 would_place=37 would_cancel=0 equity=$500.00
[DRY-RUN] [2026-08-28T08:01:10.169890+00:00] quotable=198 would_place=37 would_cancel=0 equity=$500.00
[DRY-RUN] [2026-08-28T08:01:56.277707+00:00] quotable=198 would_place=37 would_cancel=0 equity=$500.00
[DRY-RUN] [2026-08-28T08:02:42.704645+00:00] quotable=198 would_place=37 would_cancel=0 equity=$500.00
[DRY-RUN] [2026-08-28T08:03:28.994748+00:00] quotable=198 would_place=37 would_cancel=0 equity=$500.00
[DRY-RUN] [2026-08-28T08:04:15.397411+00:00] quotable=198 would_place=37 would_cancel=0 equity=$500.00
[DRY-RUN] [2026-08-28T08:05:01.516243+00:00] quotable=198 would_place=37 would_cancel=0 equity=$500.00
[DRY-RUN] [2026-08-28T08:05:47.643862+00:00] quotable=198 would_place=37 would_cancel=0 equity=$500.00
[DRY-RUN] [2026-08-28T08:06:43.534645+00:00] quotable=198 would_place=37 would_cancel=0 equity=$500.00
[DRY-RUN] [2026-08-28T08:07:29.641610+00:00] quotable=198 would_place=37 would_cancel=0 equity=$500.00
[DRY-RUN] [2026-08-28T08:08:15.722497+00:00] quotable=198 would_place=37 would_cancel=0 equity=$500.00
[DRY-RUN] [2026-08-28T08:09:01.859839+00:00] quotable=198 would_place=37 would_cancel=0 equity=$500.00
[DRY-RUN] [2026-08-28T08:09:47.995365+00:00] quotable=198 would_place=37 would_cancel=0 equity=$500.00
[DRY-RUN] [2026-08-28T08:10:34.088479+00:00] quotable=198 would_place=37 would_cancel=0 equity=$500.00
[DRY-RUN] [2026-08-28T08:11:20.180696+00:00] quotable=198 would_place=37 would_cancel=0 equity=$500.00
[DRY-RUN] [2026-08-28T08:12:06.289258+00:00] quotable=198 would_place=37 would_cancel=0 equity=$500.00
universe refreshed: 201 quotable market(s)
[DRY-RUN] [2026-08-28T08:12:59.446593+00:00] quotable=201 would_place=37 would_cancel=0 equity=$500.00
[DRY-RUN] [2026-08-28T08:13:58.154081+00:00] quotable=201 would_place=37 would_cancel=0 equity=$500.00
[DRY-RUN] [2026-08-28T08:14:44.420967+00:00] quotable=201 would_place=37 would_cancel=0 equity=$500.00
[DRY-RUN] [2026-08-28T08:15:30.827074+00:00] quotable=201 would_place=37 would_cancel=0 equity=$500.00
[DRY-RUN] [2026-08-28T08:16:16.931004+00:00] quotable=201 would_place=37 would_cancel=0 equity=$500.00
[DRY-RUN] [2026-08-28T08:17:03.046501+00:00] quotable=201 would_place=37 would_cancel=0 equity=$500.00
[DRY-RUN] [2026-08-28T08:17:49.278878+00:00] quotable=201 would_place=37 would_cancel=0 equity=$500.00
[DRY-RUN] [2026-08-28T08:18:35.534971+00:00] quotable=201 would_place=37 would_cancel=0 equity=$500.00
[DRY-RUN] [2026-08-28T08:19:21.630878+00:00] quotable=201 would_place=37 would_cancel=0 equity=$500.00
[DRY-RUN] [2026-08-28T08:20:08.038747+00:00] quotable=201 would_place=37 would_cancel=0 equity=$500.00
[DRY-RUN] [2026-08-28T08:20:54.136682+00:00] quotable=201 would_place=37 would_cancel=0 equity=$500.00
[DRY-RUN] [2026-08-28T08:21:40.251508+00:00] quotable=201 would_place=37 would_cancel=0 equity=$500.00
[DRY-RUN] [2026-08-28T08:22:26.698706+00:00] quotable=201 would_place=37 would_cancel=0 equity=$500.00
[DRY-RUN] [2026-08-28T08:23:12.935044+00:00] quotable=201 would_place=37 would_cancel=0 equity=$500.00
[DRY-RUN] [2026-08-28T08:23:59.031536+00:00] quotable=201 would_place=37 would_cancel=0 equity=$500.00
[DRY-RUN] [2026-08-28T08:24:55.331336+00:00] quotable=201 would_place=37 would_cancel=0 equity=$500.00
[DRY-RUN] [2026-08-28T08:25:41.628307+00:00] quotable=201 would_place=37 would_cancel=0 equity=$500.00
[DRY-RUN] [2026-08-28T08:26:27.735237+00:00] quotable=201 would_place=37 would_cancel=0 equity=$500.00
[DRY-RUN] [2026-08-28T08:27:13.845121+00:00] quotable=201 would_place=37 would_cancel=0 equity=$500.00
[DRY-RUN] [2026-08-28T08:27:59.949630+00:00] quotable=201 would_place=37 would_cancel=0 equity=$500.00
[DRY-RUN] [2026-08-28T08:28:46.074906+00:00] quotable=201 would_place=37 would_cancel=0 equity=$500.00
[DRY-RUN] [2026-08-28T08:29:32.512772+00:00] quotable=201 would_place=37 would_cancel=0 equity=$500.00
[DRY-RUN] [2026-08-28T08:30:18.613955+00:00] quotable=201 would_place=37 would_cancel=0 equity=$500.00
[DRY-RUN] [2026-08-28T08:31:04.715771+00:00] quotable=201 would_place=37 would_cancel=0 equity=$500.00
[DRY-RUN] [2026-08-28T08:31:50.862425+00:00] quotable=201 would_place=37 would_cancel=0 equity=$500.00
[DRY-RUN] [2026-08-28T08:32:37.159577+00:00] quotable=201 would_place=37 would_cancel=0 equity=$500.00
[DRY-RUN] [2026-08-28T08:33:23.626315+00:00] quotable=201 would_place=37 would_cancel=0 equity=$500.00
[DRY-RUN] [2026-08-28T08:34:19.921186+00:00] quotable=201 would_place=37 would_cancel=0 equity=$500.00
[DRY-RUN] [2026-08-28T08:35:06.039851+00:00] quotable=201 would_place=37 would_cancel=0 equity=$500.00
[DRY-RUN] [2026-08-28T08:35:52.306290+00:00] quotable=201 would_place=37 would_cancel=0 equity=$500.00
[DRY-RUN] [2026-08-28T08:36:38.729176+00:00] quotable=201 would_place=37 would_cancel=0 equity=$500.00
[DRY-RUN] [2026-08-28T08:37:34.856240+00:00] quotable=201 would_place=37 would_cancel=0 equity=$500.00
[DRY-RUN] [2026-08-28T08:38:21.138593+00:00] quotable=201 would_place=37 would_cancel=0 equity=$500.00
[DRY-RUN] [2026-08-28T08:39:07.253735+00:00] quotable=201 would_place=37 would_cancel=0 equity=$500.00
[DRY-RUN] [2026-08-28T08:39:53.656406+00:00] quotable=201 would_place=37 would_cancel=0 equity=$500.00
[DRY-RUN] [2026-08-28T08:40:39.770892+00:00] quotable=201 would_place=37 would_cancel=0 equity=$500.00
[DRY-RUN] [2026-08-28T08:41:26.192516+00:00] quotable=201 would_place=37 would_cancel=0 equity=$500.00
[DRY-RUN] [2026-08-28T08:42:12.315412+00:00] quotable=201 would_place=37 would_cancel=0 equity=$500.00
universe refreshed: 203 quotable market(s)
[DRY-RUN] [2026-08-28T08:43:14.593733+00:00] quotable=203 would_place=43 would_cancel=0 equity=$500.00
[DRY-RUN] [2026-08-28T08:44:03.467129+00:00] quotable=203 would_place=43 would_cancel=0 equity=$500.00
[DRY-RUN] [2026-08-28T08:44:49.580467+00:00] quotable=203 would_place=43 would_cancel=0 equity=$500.00
[DRY-RUN] [2026-08-28T08:45:35.702425+00:00] quotable=203 would_place=43 would_cancel=0 equity=$500.00
[DRY-RUN] [2026-08-28T08:46:21.788482+00:00] quotable=203 would_place=43 would_cancel=0 equity=$500.00
[DRY-RUN] [2026-08-28T08:47:08.188994+00:00] quotable=203 would_place=43 would_cancel=0 equity=$500.00
[DRY-RUN] [2026-08-28T08:47:54.283145+00:00] quotable=203 would_place=43 would_cancel=0 equity=$500.00
[DRY-RUN] [2026-08-28T08:48:40.543421+00:00] quotable=203 would_place=43 would_cancel=0 equity=$500.00
[DRY-RUN] [2026-08-28T08:49:26.667862+00:00] quotable=203 would_place=43 would_cancel=0 equity=$500.00
[DRY-RUN] [2026-08-28T08:50:12.817701+00:00] quotable=203 would_place=43 would_cancel=0 equity=$500.00
[DRY-RUN] [2026-08-28T08:50:58.964806+00:00] quotable=203 would_place=43 would_cancel=0 equity=$500.00
[DRY-RUN] [2026-08-28T08:51:45.256085+00:00] quotable=203 would_place=43 would_cancel=0 equity=$500.00
[DRY-RUN] [2026-08-28T08:52:31.603261+00:00] quotable=203 would_place=43 would_cancel=0 equity=$500.00
[DRY-RUN] [2026-08-28T08:53:17.696876+00:00] quotable=203 would_place=43 would_cancel=0 equity=$500.00
[DRY-RUN] [2026-08-28T08:54:03.829673+00:00] quotable=203 would_place=43 would_cancel=0 equity=$500.00
[DRY-RUN] [2026-08-28T08:55:00.045445+00:00] quotable=203 would_place=43 would_cancel=0 equity=$500.00
[DRY-RUN] [2026-08-28T08:55:46.155124+00:00] quotable=203 would_place=43 would_cancel=0 equity=$500.00
[DRY-RUN] [2026-08-28T08:56:32.348518+00:00] quotable=203 would_place=43 would_cancel=0 equity=$500.00
[DRY-RUN] [2026-08-28T08:57:18.608636+00:00] quotable=203 would_place=43 would_cancel=0 equity=$500.00
[DRY-RUN] [2026-08-28T08:58:04.714485+00:00] quotable=203 would_place=42 would_cancel=0 equity=$500.00
[DRY-RUN] [2026-08-28T08:58:51.059273+00:00] quotable=203 would_place=43 would_cancel=0 equity=$500.00
[DRY-RUN] [2026-08-28T08:59:37.150119+00:00] quotable=203 would_place=42 would_cancel=0 equity=$500.00
[DRY-RUN] [2026-08-28T09:00:23.254349+00:00] quotable=203 would_place=42 would_cancel=0 equity=$500.00
[DRY-RUN] [2026-08-28T09:01:09.343550+00:00] quotable=203 would_place=42 would_cancel=0 equity=$500.00
[DRY-RUN] [2026-08-28T09:01:55.797725+00:00] quotable=203 would_place=42 would_cancel=0 equity=$500.00
[DRY-RUN] [2026-08-28T09:02:52.453435+00:00] quotable=203 would_place=42 would_cancel=0 equity=$500.00
[DRY-RUN] [2026-08-28T09:03:38.569175+00:00] quotable=203 would_place=42 would_cancel=0 equity=$500.00
[DRY-RUN] [2026-08-28T09:04:24.670203+00:00] quotable=203 would_place=42 would_cancel=0 equity=$500.00
[DRY-RUN] [2026-08-28T09:05:20.771252+00:00] quotable=203 would_place=42 would_cancel=0 equity=$500.00
[DRY-RUN] [2026-08-28T09:06:17.123625+00:00] quotable=203 would_place=42 would_cancel=0 equity=$500.00
[DRY-RUN] [2026-08-28T09:07:03.512024+00:00] quotable=203 would_place=42 would_cancel=0 equity=$500.00
[DRY-RUN] [2026-08-28T09:07:49.672268+00:00] quotable=203 would_place=42 would_cancel=0 equity=$500.00
[DRY-RUN] [2026-08-28T09:08:35.781148+00:00] quotable=203 would_place=42 would_cancel=0 equity=$500.00
[DRY-RUN] [2026-08-28T09:09:21.950519+00:00] quotable=203 would_place=42 would_cancel=0 equity=$500.00
[DRY-RUN] [2026-08-28T09:10:08.029454+00:00] quotable=203 would_place=42 would_cancel=0 equity=$500.00
[DRY-RUN] [2026-08-28T09:10:54.127637+00:00] quotable=203 would_place=42 would_cancel=0 equity=$500.00
[DRY-RUN] [2026-08-28T09:11:40.508188+00:00] quotable=203 would_place=42 would_cancel=0 equity=$500.00
[DRY-RUN] [2026-08-28T09:12:36.625876+00:00] quotable=203 would_place=42 would_cancel=0 equity=$500.00
universe refreshed: 192 quotable market(s)
[DRY-RUN] [2026-08-28T09:13:28.684289+00:00] quotable=192 would_place=38 would_cancel=0 equity=$500.00
[DRY-RUN] [2026-08-28T09:14:19.307833+00:00] quotable=192 would_place=38 would_cancel=0 equity=$500.00
[DRY-RUN] [2026-08-28T09:15:05.405429+00:00] quotable=192 would_place=38 would_cancel=0 equity=$500.00
[DRY-RUN] [2026-08-28T09:15:51.641157+00:00] quotable=192 would_place=38 would_cancel=0 equity=$500.00
[DRY-RUN] [2026-08-28T09:16:38.008401+00:00] quotable=192 would_place=38 would_cancel=0 equity=$500.00
[DRY-RUN] [2026-08-28T09:17:24.563675+00:00] quotable=192 would_place=38 would_cancel=0 equity=$500.00
[DRY-RUN] [2026-08-28T09:18:10.684740+00:00] quotable=192 would_place=38 would_cancel=0 equity=$500.00
[DRY-RUN] [2026-08-28T09:18:56.964765+00:00] quotable=192 would_place=38 would_cancel=0 equity=$500.00
[DRY-RUN] [2026-08-28T09:19:43.325114+00:00] quotable=192 would_place=38 would_cancel=0 equity=$500.00
[DRY-RUN] [2026-08-28T09:20:29.489163+00:00] quotable=192 would_place=38 would_cancel=0 equity=$500.00
[DRY-RUN] [2026-08-28T09:21:15.602851+00:00] quotable=192 would_place=38 would_cancel=0 equity=$500.00
[DRY-RUN] [2026-08-28T09:22:01.728839+00:00] quotable=192 would_place=38 would_cancel=0 equity=$500.00
[DRY-RUN] [2026-08-28T09:22:47.825631+00:00] quotable=192 would_place=38 would_cancel=0 equity=$500.00
[DRY-RUN] [2026-08-28T09:23:34.142418+00:00] quotable=192 would_place=38 would_cancel=0 equity=$500.00
[DRY-RUN] [2026-08-28T09:24:30.234230+00:00] quotable=192 would_place=38 would_cancel=0 equity=$500.00
[DRY-RUN] [2026-08-28T09:25:16.400615+00:00] quotable=192 would_place=38 would_cancel=0 equity=$500.00
[DRY-RUN] [2026-08-28T09:26:02.749740+00:00] quotable=192 would_place=38 would_cancel=0 equity=$500.00
[DRY-RUN] [2026-08-28T09:26:48.879850+00:00] quotable=192 would_place=38 would_cancel=0 equity=$500.00
[DRY-RUN] [2026-08-28T09:27:34.982126+00:00] quotable=192 would_place=38 would_cancel=0 equity=$500.00
[DRY-RUN] [2026-08-28T09:28:21.119343+00:00] quotable=192 would_place=38 would_cancel=0 equity=$500.00
[DRY-RUN] [2026-08-28T09:29:07.241141+00:00] quotable=192 would_place=38 would_cancel=0 equity=$500.00
[DRY-RUN] [2026-08-28T09:29:53.324829+00:00] quotable=192 would_place=38 would_cancel=0 equity=$500.00
[DRY-RUN] [2026-08-28T09:30:49.607087+00:00] quotable=192 would_place=38 would_cancel=0 equity=$500.00
[DRY-RUN] [2026-08-28T09:31:45.854965+00:00] quotable=192 would_place=38 would_cancel=0 equity=$500.00
[DRY-RUN] [2026-08-28T09:32:31.954305+00:00] quotable=192 would_place=38 would_cancel=0 equity=$500.00
[DRY-RUN] [2026-08-28T09:33:18.142796+00:00] quotable=192 would_place=39 would_cancel=0 equity=$500.00
[DRY-RUN] [2026-08-28T09:34:04.411523+00:00] quotable=192 would_place=39 would_cancel=0 equity=$500.00
[DRY-RUN] [2026-08-28T09:34:50.808599+00:00] quotable=192 would_place=39 would_cancel=0 equity=$500.00
[DRY-RUN] [2026-08-28T09:35:36.893394+00:00] quotable=192 would_place=39 would_cancel=0 equity=$500.00
[DRY-RUN] [2026-08-28T09:36:23.160706+00:00] quotable=192 would_place=39 would_cancel=0 equity=$500.00
[DRY-RUN] [2026-08-28T09:37:09.256363+00:00] quotable=192 would_place=39 would_cancel=0 equity=$500.00
[DRY-RUN] [2026-08-28T09:38:05.367422+00:00] quotable=192 would_place=39 would_cancel=0 equity=$500.00
[DRY-RUN] [2026-08-28T09:38:51.644084+00:00] quotable=192 would_place=39 would_cancel=0 equity=$500.00
[DRY-RUN] [2026-08-28T09:39:37.916293+00:00] quotable=192 would_place=39 would_cancel=0 equity=$500.00
[DRY-RUN] [2026-08-28T09:40:24.039049+00:00] quotable=192 would_place=39 would_cancel=0 equity=$500.00
[DRY-RUN] [2026-08-28T09:41:10.120970+00:00] quotable=192 would_place=39 would_cancel=0 equity=$500.00
[DRY-RUN] [2026-08-28T09:41:56.257238+00:00] quotable=192 would_place=39 would_cancel=0 equity=$500.00
[DRY-RUN] [2026-08-28T09:42:42.358389+00:00] quotable=192 would_place=39 would_cancel=0 equity=$500.00
[DRY-RUN] [2026-08-28T09:43:28.511707+00:00] quotable=192 would_place=39 would_cancel=0 equity=$500.00
universe refreshed: 198 quotable market(s)
[DRY-RUN] [2026-08-28T09:44:23.977384+00:00] quotable=198 would_place=43 would_cancel=0 equity=$500.00
[DRY-RUN] [2026-08-28T09:45:13.465498+00:00] quotable=198 would_place=43 would_cancel=0 equity=$500.00
[DRY-RUN] [2026-08-28T09:45:59.596584+00:00] quotable=198 would_place=43 would_cancel=0 equity=$500.00
[DRY-RUN] [2026-08-28T09:46:45.684108+00:00] quotable=198 would_place=43 would_cancel=0 equity=$500.00
[DRY-RUN] [2026-08-28T09:47:31.946552+00:00] quotable=198 would_place=43 would_cancel=0 equity=$500.00
[DRY-RUN] [2026-08-28T09:48:18.215367+00:00] quotable=198 would_place=43 would_cancel=0 equity=$500.00
[DRY-RUN] [2026-08-28T09:49:04.308571+00:00] quotable=198 would_place=43 would_cancel=0 equity=$500.00
[DRY-RUN] [2026-08-28T09:49:50.431483+00:00] quotable=198 would_place=43 would_cancel=0 equity=$500.00
[DRY-RUN] [2026-08-28T09:50:36.537418+00:00] quotable=198 would_place=43 would_cancel=0 equity=$500.00
[DRY-RUN] [2026-08-28T09:51:23.020187+00:00] quotable=198 would_place=43 would_cancel=0 equity=$500.00
[DRY-RUN] [2026-08-28T09:52:09.527502+00:00] quotable=198 would_place=42 would_cancel=0 equity=$500.00
[DRY-RUN] [2026-08-28T09:52:56.018196+00:00] quotable=198 would_place=42 would_cancel=0 equity=$500.00
[DRY-RUN] [2026-08-28T09:53:42.253777+00:00] quotable=198 would_place=42 would_cancel=0 equity=$500.00
[DRY-RUN] [2026-08-28T09:54:28.399999+00:00] quotable=198 would_place=42 would_cancel=0 equity=$500.00
[DRY-RUN] [2026-08-28T09:55:14.487806+00:00] quotable=198 would_place=42 would_cancel=0 equity=$500.00
[DRY-RUN] [2026-08-28T09:56:00.794817+00:00] quotable=198 would_place=42 would_cancel=0 equity=$500.00
[DRY-RUN] [2026-08-28T09:56:47.128455+00:00] quotable=198 would_place=42 would_cancel=0 equity=$500.00
[DRY-RUN] [2026-08-28T09:57:33.280577+00:00] quotable=198 would_place=42 would_cancel=0 equity=$500.00
[DRY-RUN] [2026-08-28T09:58:19.400702+00:00] quotable=198 would_place=42 would_cancel=0 equity=$500.00
[DRY-RUN] [2026-08-28T09:59:05.669262+00:00] quotable=198 would_place=42 would_cancel=0 equity=$500.00
[DRY-RUN] [2026-08-28T09:59:51.787365+00:00] quotable=198 would_place=42 would_cancel=0 equity=$500.00
[DRY-RUN] [2026-08-28T10:00:47.933460+00:00] quotable=198 would_place=42 would_cancel=0 equity=$500.00
[DRY-RUN] [2026-08-28T10:01:34.026637+00:00] quotable=198 would_place=42 would_cancel=0 equity=$500.00
[DRY-RUN] [2026-08-28T10:02:20.152477+00:00] quotable=198 would_place=42 would_cancel=0 equity=$500.00
[DRY-RUN] [2026-08-28T10:03:06.439388+00:00] quotable=198 would_place=42 would_cancel=0 equity=$500.00
[DRY-RUN] [2026-08-28T10:03:52.545313+00:00] quotable=198 would_place=42 would_cancel=0 equity=$500.00
[DRY-RUN] [2026-08-28T10:04:38.628885+00:00] quotable=198 would_place=42 would_cancel=0 equity=$500.00
[DRY-RUN] [2026-08-28T10:05:25.066520+00:00] quotable=198 would_place=42 would_cancel=0 equity=$500.00
[DRY-RUN] [2026-08-28T10:06:21.237550+00:00] quotable=198 would_place=42 would_cancel=0 equity=$500.00
[DRY-RUN] [2026-08-28T10:07:17.338155+00:00] quotable=198 would_place=42 would_cancel=0 equity=$500.00
[DRY-RUN] [2026-08-28T10:08:03.723064+00:00] quotable=198 would_place=42 would_cancel=0 equity=$500.00
[DRY-RUN] [2026-08-28T10:08:50.077686+00:00] quotable=198 would_place=42 would_cancel=0 equity=$500.00
[DRY-RUN] [2026-08-28T10:09:36.218297+00:00] quotable=198 would_place=42 would_cancel=0 equity=$500.00
[DRY-RUN] [2026-08-28T10:10:22.561738+00:00] quotable=198 would_place=41 would_cancel=0 equity=$500.00
[DRY-RUN] [2026-08-28T10:11:08.649197+00:00] quotable=198 would_place=41 would_cancel=0 equity=$500.00
[DRY-RUN] [2026-08-28T10:11:54.899218+00:00] quotable=198 would_place=41 would_cancel=0 equity=$500.00
[DRY-RUN] [2026-08-28T10:12:41.005081+00:00] quotable=198 would_place=41 would_cancel=0 equity=$500.00
[DRY-RUN] [2026-08-28T10:13:27.098378+00:00] quotable=198 would_place=41 would_cancel=0 equity=$500.00
[DRY-RUN] [2026-08-28T10:14:13.193342+00:00] quotable=198 would_place=41 would_cancel=0 equity=$500.00
universe refreshed: 186 quotable market(s)
[DRY-RUN] [2026-08-28T10:15:07.308375+00:00] quotable=186 would_place=39 would_cancel=0 equity=$500.00
[DRY-RUN] [2026-08-28T10:15:57.433131+00:00] quotable=186 would_place=39 would_cancel=0 equity=$500.00
[DRY-RUN] [2026-08-28T10:16:43.546644+00:00] quotable=186 would_place=39 would_cancel=0 equity=$500.00
[DRY-RUN] [2026-08-28T10:17:29.855023+00:00] quotable=186 would_place=39 would_cancel=0 equity=$500.00
[DRY-RUN] [2026-08-28T10:18:15.964173+00:00] quotable=186 would_place=39 would_cancel=0 equity=$500.00
[DRY-RUN] [2026-08-28T10:19:02.310571+00:00] quotable=186 would_place=39 would_cancel=0 equity=$500.00
[DRY-RUN] [2026-08-28T10:19:48.597746+00:00] quotable=186 would_place=39 would_cancel=0 equity=$500.00
[DRY-RUN] [2026-08-28T10:20:34.696094+00:00] quotable=186 would_place=39 would_cancel=0 equity=$500.00
[DRY-RUN] [2026-08-28T10:21:21.062711+00:00] quotable=186 would_place=39 would_cancel=0 equity=$500.00
[DRY-RUN] [2026-08-28T10:22:17.170450+00:00] quotable=186 would_place=39 would_cancel=0 equity=$500.00
[DRY-RUN] [2026-08-28T10:23:03.327130+00:00] quotable=186 would_place=39 would_cancel=0 equity=$500.00
[DRY-RUN] [2026-08-28T10:23:49.664897+00:00] quotable=186 would_place=39 would_cancel=0 equity=$500.00
[DRY-RUN] [2026-08-28T10:24:36.414261+00:00] quotable=186 would_place=39 would_cancel=0 equity=$500.00
[DRY-RUN] [2026-08-28T10:25:22.622879+00:00] quotable=186 would_place=39 would_cancel=0 equity=$500.00
[DRY-RUN] [2026-08-28T10:26:08.719710+00:00] quotable=186 would_place=39 would_cancel=0 equity=$500.00
[DRY-RUN] [2026-08-28T10:26:55.007648+00:00] quotable=186 would_place=39 would_cancel=0 equity=$500.00
[DRY-RUN] [2026-08-28T10:27:51.146398+00:00] quotable=186 would_place=39 would_cancel=0 equity=$500.00
[DRY-RUN] [2026-08-28T10:28:37.548254+00:00] quotable=186 would_place=39 would_cancel=0 equity=$500.00
[DRY-RUN] [2026-08-28T10:29:23.661764+00:00] quotable=186 would_place=39 would_cancel=0 equity=$500.00
[DRY-RUN] [2026-08-28T10:30:09.759190+00:00] quotable=186 would_place=39 would_cancel=0 equity=$500.00
[DRY-RUN] [2026-08-28T10:30:55.882516+00:00] quotable=186 would_place=39 would_cancel=0 equity=$500.00
[DRY-RUN] [2026-08-28T10:31:42.268657+00:00] quotable=186 would_place=39 would_cancel=0 equity=$500.00
[DRY-RUN] [2026-08-28T10:32:28.660105+00:00] quotable=186 would_place=39 would_cancel=0 equity=$500.00
[DRY-RUN] [2026-08-28T10:33:14.768301+00:00] quotable=186 would_place=39 would_cancel=0 equity=$500.00
[DRY-RUN] [2026-08-28T10:34:00.872017+00:00] quotable=186 would_place=39 would_cancel=0 equity=$500.00
[DRY-RUN] [2026-08-28T10:34:47.245214+00:00] quotable=186 would_place=39 would_cancel=0 equity=$500.00
[DRY-RUN] [2026-08-28T10:35:33.337776+00:00] quotable=186 would_place=39 would_cancel=0 equity=$500.00
[DRY-RUN] [2026-08-28T10:36:19.625514+00:00] quotable=186 would_place=39 would_cancel=0 equity=$500.00
[DRY-RUN] [2026-08-28T10:37:05.725826+00:00] quotable=186 would_place=39 would_cancel=0 equity=$500.00
[DRY-RUN] [2026-08-28T10:37:52.224802+00:00] quotable=186 would_place=39 would_cancel=0 equity=$500.00
[DRY-RUN] [2026-08-28T10:38:38.439398+00:00] quotable=186 would_place=39 would_cancel=0 equity=$500.00
[DRY-RUN] [2026-08-28T10:39:24.620331+00:00] quotable=186 would_place=39 would_cancel=0 equity=$500.00
[DRY-RUN] [2026-08-28T10:40:10.883287+00:00] quotable=186 would_place=39 would_cancel=0 equity=$500.00
[DRY-RUN] [2026-08-28T10:40:57.291207+00:00] quotable=186 would_place=37 would_cancel=0 equity=$500.00
[DRY-RUN] [2026-08-28T10:41:43.409839+00:00] quotable=186 would_place=39 would_cancel=0 equity=$500.00
[DRY-RUN] [2026-08-28T10:42:29.508829+00:00] quotable=186 would_place=39 would_cancel=0 equity=$500.00
[DRY-RUN] [2026-08-28T10:43:15.630309+00:00] quotable=186 would_place=39 would_cancel=0 equity=$500.00
[DRY-RUN] [2026-08-28T10:44:11.732122+00:00] quotable=186 would_place=39 would_cancel=0 equity=$500.00
[DRY-RUN] [2026-08-28T10:44:57.896742+00:00] quotable=186 would_place=39 would_cancel=0 equity=$500.00
universe refreshed: 178 quotable market(s)
[DRY-RUN] [2026-08-28T10:45:49.010919+00:00] quotable=178 would_place=41 would_cancel=0 equity=$500.00
[DRY-RUN] [2026-08-28T10:46:37.734896+00:00] quotable=178 would_place=41 would_cancel=0 equity=$500.00
[DRY-RUN] [2026-08-28T10:47:24.186915+00:00] quotable=178 would_place=41 would_cancel=0 equity=$500.00
[DRY-RUN] [2026-08-28T10:48:20.323285+00:00] quotable=178 would_place=41 would_cancel=0 equity=$500.00
[DRY-RUN] [2026-08-28T10:49:06.587263+00:00] quotable=178 would_place=41 would_cancel=0 equity=$500.00
[DRY-RUN] [2026-08-28T10:49:53.090449+00:00] quotable=178 would_place=41 would_cancel=0 equity=$500.00
[DRY-RUN] [2026-08-28T10:50:39.201289+00:00] quotable=178 would_place=41 would_cancel=0 equity=$500.00
[DRY-RUN] [2026-08-28T10:51:25.327139+00:00] quotable=178 would_place=41 would_cancel=0 equity=$500.00
[DRY-RUN] [2026-08-28T10:52:11.486755+00:00] quotable=178 would_place=41 would_cancel=0 equity=$500.00
[DRY-RUN] [2026-08-28T10:52:57.801567+00:00] quotable=178 would_place=41 would_cancel=0 equity=$500.00
[DRY-RUN] [2026-08-28T10:53:44.218823+00:00] quotable=178 would_place=41 would_cancel=0 equity=$500.00
[DRY-RUN] [2026-08-28T10:54:30.366873+00:00] quotable=178 would_place=41 would_cancel=0 equity=$500.00
[DRY-RUN] [2026-08-28T10:55:16.434280+00:00] quotable=178 would_place=37 would_cancel=0 equity=$500.00
[DRY-RUN] [2026-08-28T10:56:02.546357+00:00] quotable=178 would_place=37 would_cancel=0 equity=$500.00
[DRY-RUN] [2026-08-28T10:56:48.961250+00:00] quotable=178 would_place=37 would_cancel=0 equity=$500.00
[DRY-RUN] [2026-08-28T10:57:35.325710+00:00] quotable=178 would_place=37 would_cancel=0 equity=$500.00
[DRY-RUN] [2026-08-28T10:58:21.723394+00:00] quotable=178 would_place=37 would_cancel=0 equity=$500.00
[DRY-RUN] [2026-08-28T10:59:07.752948+00:00] quotable=178 would_place=37 would_cancel=0 equity=$500.00
[DRY-RUN] [2026-08-28T10:59:53.937594+00:00] quotable=178 would_place=37 would_cancel=0 equity=$500.00
[DRY-RUN] [2026-08-28T11:00:40.366110+00:00] quotable=178 would_place=37 would_cancel=0 equity=$500.00
[DRY-RUN] [2026-08-28T11:01:26.780604+00:00] quotable=178 would_place=41 would_cancel=0 equity=$500.00
[DRY-RUN] [2026-08-28T11:02:12.893155+00:00] quotable=178 would_place=41 would_cancel=0 equity=$500.00
[DRY-RUN] [2026-08-28T11:02:58.992189+00:00] quotable=178 would_place=41 would_cancel=0 equity=$500.00
[DRY-RUN] [2026-08-28T11:03:45.099115+00:00] quotable=178 would_place=41 would_cancel=0 equity=$500.00
[DRY-RUN] [2026-08-28T11:04:31.384636+00:00] quotable=178 would_place=41 would_cancel=0 equity=$500.00
[DRY-RUN] [2026-08-28T11:05:17.500022+00:00] quotable=178 would_place=41 would_cancel=0 equity=$500.00
[DRY-RUN] [2026-08-28T11:06:03.602443+00:00] quotable=178 would_place=41 would_cancel=0 equity=$500.00
[DRY-RUN] [2026-08-28T11:06:59.933348+00:00] quotable=178 would_place=41 would_cancel=0 equity=$500.00
[DRY-RUN] [2026-08-28T11:07:56.223968+00:00] quotable=178 would_place=41 would_cancel=0 equity=$500.00
[DRY-RUN] [2026-08-28T11:08:42.682539+00:00] quotable=178 would_place=41 would_cancel=0 equity=$500.00
[DRY-RUN] [2026-08-28T11:09:28.970232+00:00] quotable=178 would_place=41 would_cancel=0 equity=$500.00
[DRY-RUN] [2026-08-28T11:10:15.111328+00:00] quotable=178 would_place=41 would_cancel=0 equity=$500.00
[DRY-RUN] [2026-08-28T11:11:01.502223+00:00] quotable=178 would_place=37 would_cancel=0 equity=$500.00
[DRY-RUN] [2026-08-28T11:11:47.602308+00:00] quotable=178 would_place=37 would_cancel=0 equity=$500.00
[DRY-RUN] [2026-08-28T11:12:34.002097+00:00] quotable=178 would_place=37 would_cancel=0 equity=$500.00
[DRY-RUN] [2026-08-28T11:13:20.288582+00:00] quotable=178 would_place=37 would_cancel=0 equity=$500.00
[DRY-RUN] [2026-08-28T11:14:06.648278+00:00] quotable=178 would_place=37 would_cancel=0 equity=$500.00
[DRY-RUN] [2026-08-28T11:14:52.775473+00:00] quotable=178 would_place=37 would_cancel=0 equity=$500.00
[DRY-RUN] [2026-08-28T11:15:38.893983+00:00] quotable=178 would_place=37 would_cancel=0 equity=$500.00
universe refreshed: 175 quotable market(s)
[DRY-RUN] [2026-08-28T11:16:30.416349+00:00] quotable=175 would_place=41 would_cancel=0 equity=$500.00
[DRY-RUN] [2026-08-28T11:17:20.773870+00:00] quotable=175 would_place=41 would_cancel=0 equity=$500.00
[DRY-RUN] [2026-08-28T11:18:17.095809+00:00] quotable=175 would_place=41 would_cancel=0 equity=$500.00
[DRY-RUN] [2026-08-28T11:19:03.313615+00:00] quotable=175 would_place=41 would_cancel=0 equity=$500.00
[DRY-RUN] [2026-08-28T11:19:49.632664+00:00] quotable=175 would_place=41 would_cancel=0 equity=$500.00
[DRY-RUN] [2026-08-28T11:20:35.769988+00:00] quotable=175 would_place=41 would_cancel=0 equity=$500.00
[DRY-RUN] [2026-08-28T11:21:21.875840+00:00] quotable=175 would_place=41 would_cancel=0 equity=$500.00
[DRY-RUN] [2026-08-28T11:22:17.969409+00:00] quotable=175 would_place=41 would_cancel=0 equity=$500.00
[DRY-RUN] [2026-08-28T11:23:04.357260+00:00] quotable=175 would_place=41 would_cancel=0 equity=$500.00
[DRY-RUN] [2026-08-28T11:23:50.605437+00:00] quotable=175 would_place=41 would_cancel=0 equity=$500.00
[DRY-RUN] [2026-08-28T11:24:36.800873+00:00] quotable=175 would_place=41 would_cancel=0 equity=$500.00
[DRY-RUN] [2026-08-28T11:25:23.062173+00:00] quotable=175 would_place=41 would_cancel=0 equity=$500.00
[DRY-RUN] [2026-08-28T11:26:09.154242+00:00] quotable=175 would_place=41 would_cancel=0 equity=$500.00
[DRY-RUN] [2026-08-28T11:26:55.268194+00:00] quotable=175 would_place=41 would_cancel=0 equity=$500.00
[DRY-RUN] [2026-08-28T11:27:41.370929+00:00] quotable=175 would_place=41 would_cancel=0 equity=$500.00
[DRY-RUN] [2026-08-28T11:28:27.521388+00:00] quotable=175 would_place=41 would_cancel=0 equity=$500.00
[DRY-RUN] [2026-08-28T11:29:14.009770+00:00] quotable=175 would_place=41 would_cancel=0 equity=$500.00
[DRY-RUN] [2026-08-28T11:30:00.180318+00:00] quotable=175 would_place=41 would_cancel=0 equity=$500.00
[DRY-RUN] [2026-08-28T11:30:46.369578+00:00] quotable=175 would_place=41 would_cancel=0 equity=$500.00
[DRY-RUN] [2026-08-28T11:31:32.841548+00:00] quotable=175 would_place=41 would_cancel=0 equity=$500.00
[DRY-RUN] [2026-08-28T11:32:18.981953+00:00] quotable=175 would_place=41 would_cancel=0 equity=$500.00
[DRY-RUN] [2026-08-28T11:33:05.426478+00:00] quotable=175 would_place=41 would_cancel=0 equity=$500.00
[DRY-RUN] [2026-08-28T11:34:01.873736+00:00] quotable=175 would_place=41 would_cancel=0 equity=$500.00
[DRY-RUN] [2026-08-28T11:34:47.962385+00:00] quotable=175 would_place=41 would_cancel=0 equity=$500.00
[DRY-RUN] [2026-08-28T11:35:34.056678+00:00] quotable=175 would_place=41 would_cancel=0 equity=$500.00
[DRY-RUN] [2026-08-28T11:36:20.292603+00:00] quotable=175 would_place=41 would_cancel=0 equity=$500.00
[DRY-RUN] [2026-08-28T11:37:06.389509+00:00] quotable=175 would_place=41 would_cancel=0 equity=$500.00
[DRY-RUN] [2026-08-28T11:37:52.523507+00:00] quotable=175 would_place=41 would_cancel=0 equity=$500.00
[DRY-RUN] [2026-08-28T11:38:38.771769+00:00] quotable=175 would_place=41 would_cancel=0 equity=$500.00
[DRY-RUN] [2026-08-28T11:39:25.060024+00:00] quotable=175 would_place=41 would_cancel=0 equity=$500.00
[DRY-RUN] [2026-08-28T11:40:11.585341+00:00] quotable=175 would_place=41 would_cancel=0 equity=$500.00
[DRY-RUN] [2026-08-28T11:40:58.104491+00:00] quotable=175 would_place=39 would_cancel=0 equity=$500.00
[DRY-RUN] [2026-08-28T11:41:44.207628+00:00] quotable=175 would_place=41 would_cancel=0 equity=$500.00
[DRY-RUN] [2026-08-28T11:42:30.459269+00:00] quotable=175 would_place=41 would_cancel=0 equity=$500.00
[DRY-RUN] [2026-08-28T11:43:16.544236+00:00] quotable=175 would_place=39 would_cancel=0 equity=$500.00
[DRY-RUN] [2026-08-28T11:44:02.920349+00:00] quotable=175 would_place=39 would_cancel=0 equity=$500.00
[DRY-RUN] [2026-08-28T11:44:49.081860+00:00] quotable=175 would_place=39 would_cancel=0 equity=$500.00
[DRY-RUN] [2026-08-28T11:45:35.154470+00:00] quotable=175 would_place=41 would_cancel=0 equity=$500.00
[DRY-RUN] [2026-08-28T11:46:21.232456+00:00] quotable=175 would_place=39 would_cancel=0 equity=$500.00
universe refreshed: 162 quotable market(s)
[DRY-RUN] [2026-08-28T11:47:13.285268+00:00] quotable=162 would_place=38 would_cancel=0 equity=$500.00
[DRY-RUN] [2026-08-28T11:48:01.794646+00:00] quotable=162 would_place=38 would_cancel=0 equity=$500.00
[DRY-RUN] [2026-08-28T11:48:48.552070+00:00] quotable=162 would_place=38 would_cancel=0 equity=$500.00
[DRY-RUN] [2026-08-28T11:49:44.661391+00:00] quotable=162 would_place=38 would_cancel=0 equity=$500.00
[DRY-RUN] [2026-08-28T11:50:30.765217+00:00] quotable=162 would_place=38 would_cancel=0 equity=$500.00
[DRY-RUN] [2026-08-28T11:51:16.890494+00:00] quotable=162 would_place=38 would_cancel=0 equity=$500.00
[DRY-RUN] [2026-08-28T11:52:02.991138+00:00] quotable=162 would_place=40 would_cancel=0 equity=$500.00
[DRY-RUN] [2026-08-28T11:52:49.290401+00:00] quotable=162 would_place=40 would_cancel=0 equity=$500.00
[DRY-RUN] [2026-08-28T11:53:35.410987+00:00] quotable=162 would_place=40 would_cancel=0 equity=$500.00
[DRY-RUN] [2026-08-28T11:54:21.536448+00:00] quotable=162 would_place=38 would_cancel=0 equity=$500.00
[DRY-RUN] [2026-08-28T11:55:07.983577+00:00] quotable=162 would_place=38 would_cancel=0 equity=$500.00
[DRY-RUN] [2026-08-28T11:55:54.324450+00:00] quotable=162 would_place=38 would_cancel=0 equity=$500.00
[DRY-RUN] [2026-08-28T11:56:40.497824+00:00] quotable=162 would_place=38 would_cancel=0 equity=$500.00
[DRY-RUN] [2026-08-28T11:57:36.776183+00:00] quotable=162 would_place=38 would_cancel=0 equity=$500.00
[DRY-RUN] [2026-08-28T11:58:22.874308+00:00] quotable=162 would_place=38 would_cancel=0 equity=$500.00
[DRY-RUN] [2026-08-28T11:59:08.996097+00:00] quotable=162 would_place=38 would_cancel=0 equity=$500.00
[DRY-RUN] [2026-08-28T11:59:55.192077+00:00] quotable=162 would_place=38 would_cancel=0 equity=$500.00
[DRY-RUN] [2026-08-28T12:00:51.296291+00:00] quotable=162 would_place=38 would_cancel=0 equity=$500.00
[DRY-RUN] [2026-08-28T12:01:37.434443+00:00] quotable=162 would_place=40 would_cancel=0 equity=$500.00
[DRY-RUN] [2026-08-28T12:02:23.452836+00:00] quotable=162 would_place=40 would_cancel=0 equity=$500.00
[DRY-RUN] [2026-08-28T12:03:09.888308+00:00] quotable=162 would_place=40 would_cancel=0 equity=$500.00
[DRY-RUN] [2026-08-28T12:03:55.833051+00:00] quotable=162 would_place=40 would_cancel=0 equity=$500.00
[DRY-RUN] [2026-08-28T12:04:42.132491+00:00] quotable=162 would_place=40 would_cancel=0 equity=$500.00
[DRY-RUN] [2026-08-28T12:05:28.254166+00:00] quotable=162 would_place=40 would_cancel=0 equity=$500.00
[DRY-RUN] [2026-08-28T12:06:14.688665+00:00] quotable=162 would_place=40 would_cancel=0 equity=$500.00
[DRY-RUN] [2026-08-28T12:07:00.678851+00:00] quotable=162 would_place=40 would_cancel=0 equity=$500.00
[DRY-RUN] [2026-08-28T12:07:46.766125+00:00] quotable=162 would_place=40 would_cancel=0 equity=$500.00
[DRY-RUN] [2026-08-28T12:08:32.871877+00:00] quotable=162 would_place=40 would_cancel=0 equity=$500.00
[DRY-RUN] [2026-08-28T12:09:19.125487+00:00] quotable=162 would_place=40 would_cancel=0 equity=$500.00
[DRY-RUN] [2026-08-28T12:10:15.572575+00:00] quotable=162 would_place=40 would_cancel=0 equity=$500.00
[DRY-RUN] [2026-08-28T12:11:01.916412+00:00] quotable=162 would_place=40 would_cancel=0 equity=$500.00
[DRY-RUN] [2026-08-28T12:11:48.333103+00:00] quotable=162 would_place=40 would_cancel=0 equity=$500.00
[DRY-RUN] [2026-08-28T12:12:34.437665+00:00] quotable=162 would_place=40 would_cancel=0 equity=$500.00
[DRY-RUN] [2026-08-28T12:13:20.534368+00:00] quotable=162 would_place=40 would_cancel=0 equity=$500.00
[DRY-RUN] [2026-08-28T12:14:06.652494+00:00] quotable=162 would_place=40 would_cancel=0 equity=$500.00
[DRY-RUN] [2026-08-28T12:14:52.735940+00:00] quotable=162 would_place=40 would_cancel=0 equity=$500.00
[DRY-RUN] [2026-08-28T12:15:39.007729+00:00] quotable=162 would_place=40 would_cancel=0 equity=$500.00
[DRY-RUN] [2026-08-28T12:16:35.163817+00:00] quotable=162 would_place=40 would_cancel=0 equity=$500.00
universe refreshed: 160 quotable market(s)
[DRY-RUN] [2026-08-28T12:17:27.071862+00:00] quotable=160 would_place=41 would_cancel=0 equity=$500.00
[DRY-RUN] [2026-08-28T12:18:16.169715+00:00] quotable=160 would_place=41 would_cancel=0 equity=$500.00
[DRY-RUN] [2026-08-28T12:19:02.261874+00:00] quotable=160 would_place=41 would_cancel=0 equity=$500.00
[DRY-RUN] [2026-08-28T12:19:58.347133+00:00] quotable=160 would_place=41 would_cancel=0 equity=$500.00
[DRY-RUN] [2026-08-28T12:20:44.452088+00:00] quotable=160 would_place=41 would_cancel=0 equity=$500.00
[DRY-RUN] [2026-08-28T12:21:30.758288+00:00] quotable=160 would_place=41 would_cancel=0 equity=$500.00
[DRY-RUN] [2026-08-28T12:22:17.046548+00:00] quotable=160 would_place=41 would_cancel=0 equity=$500.00
[DRY-RUN] [2026-08-28T12:23:03.316147+00:00] quotable=160 would_place=41 would_cancel=0 equity=$500.00
[DRY-RUN] [2026-08-28T12:23:49.600826+00:00] quotable=160 would_place=41 would_cancel=0 equity=$500.00
[DRY-RUN] [2026-08-28T12:24:35.679372+00:00] quotable=160 would_place=41 would_cancel=0 equity=$500.00
[DRY-RUN] [2026-08-28T12:25:21.815391+00:00] quotable=160 would_place=41 would_cancel=0 equity=$500.00
[DRY-RUN] [2026-08-28T12:26:08.083071+00:00] quotable=160 would_place=41 would_cancel=0 equity=$500.00
[DRY-RUN] [2026-08-28T12:26:54.381323+00:00] quotable=160 would_place=41 would_cancel=0 equity=$500.00
[DRY-RUN] [2026-08-28T12:27:40.478209+00:00] quotable=160 would_place=41 would_cancel=0 equity=$500.00
[DRY-RUN] [2026-08-28T12:28:26.590023+00:00] quotable=160 would_place=41 would_cancel=0 equity=$500.00
[DRY-RUN] [2026-08-28T12:29:12.711385+00:00] quotable=160 would_place=41 would_cancel=0 equity=$500.00
[DRY-RUN] [2026-08-28T12:29:58.751667+00:00] quotable=160 would_place=40 would_cancel=0 equity=$500.00
[DRY-RUN] [2026-08-28T12:30:44.694984+00:00] quotable=160 would_place=40 would_cancel=0 equity=$500.00
[DRY-RUN] [2026-08-28T12:31:40.885403+00:00] quotable=160 would_place=40 would_cancel=0 equity=$500.00
[DRY-RUN] [2026-08-28T12:32:26.979354+00:00] quotable=160 would_place=41 would_cancel=0 equity=$500.00
[DRY-RUN] [2026-08-28T12:33:13.094929+00:00] quotable=160 would_place=41 would_cancel=0 equity=$500.00
[DRY-RUN] [2026-08-28T12:33:59.197660+00:00] quotable=160 would_place=41 would_cancel=0 equity=$500.00
[DRY-RUN] [2026-08-28T12:34:45.306830+00:00] quotable=160 would_place=41 would_cancel=0 equity=$500.00
[DRY-RUN] [2026-08-28T12:35:31.408292+00:00] quotable=160 would_place=41 would_cancel=0 equity=$500.00
[DRY-RUN] [2026-08-28T12:36:17.408490+00:00] quotable=160 would_place=41 would_cancel=0 equity=$500.00
[DRY-RUN] [2026-08-28T12:37:03.835731+00:00] quotable=160 would_place=41 would_cancel=0 equity=$500.00
[DRY-RUN] [2026-08-28T12:37:49.973541+00:00] quotable=160 would_place=41 would_cancel=0 equity=$500.00
[DRY-RUN] [2026-08-28T12:38:36.395129+00:00] quotable=160 would_place=41 would_cancel=0 equity=$500.00
[DRY-RUN] [2026-08-28T12:39:22.487492+00:00] quotable=160 would_place=41 would_cancel=0 equity=$500.00
[DRY-RUN] [2026-08-28T12:40:08.411549+00:00] quotable=160 would_place=41 would_cancel=0 equity=$500.00
[DRY-RUN] [2026-08-28T12:40:54.499926+00:00] quotable=160 would_place=41 would_cancel=0 equity=$500.00
[DRY-RUN] [2026-08-28T12:41:40.583303+00:00] quotable=160 would_place=41 would_cancel=0 equity=$500.00
[DRY-RUN] [2026-08-28T12:42:26.937007+00:00] quotable=160 would_place=41 would_cancel=0 equity=$500.00
[DRY-RUN] [2026-08-28T12:43:13.401383+00:00] quotable=160 would_place=41 would_cancel=0 equity=$500.00
[DRY-RUN] [2026-08-28T12:44:00.159455+00:00] quotable=160 would_place=41 would_cancel=0 equity=$500.00
[DRY-RUN] [2026-08-28T12:44:46.348189+00:00] quotable=160 would_place=41 would_cancel=0 equity=$500.00
[DRY-RUN] [2026-08-28T12:45:32.612527+00:00] quotable=160 would_place=41 would_cancel=0 equity=$500.00
[DRY-RUN] [2026-08-28T12:46:18.859747+00:00] quotable=160 would_place=41 would_cancel=0 equity=$500.00
[DRY-RUN] [2026-08-28T12:47:04.951889+00:00] quotable=160 would_place=41 would_cancel=0 equity=$500.00
universe refreshed: 168 quotable market(s)
[DRY-RUN] [2026-08-28T12:47:56.515966+00:00] quotable=168 would_place=41 would_cancel=0 equity=$500.00
[DRY-RUN] [2026-08-28T12:48:45.596494+00:00] quotable=168 would_place=41 would_cancel=0 equity=$500.00
[DRY-RUN] [2026-08-28T12:49:31.704703+00:00] quotable=168 would_place=41 would_cancel=0 equity=$500.00
[DRY-RUN] [2026-08-28T12:50:17.803139+00:00] quotable=168 would_place=41 would_cancel=0 equity=$500.00
[DRY-RUN] [2026-08-28T12:51:04.541760+00:00] quotable=168 would_place=41 would_cancel=0 equity=$500.00
[DRY-RUN] [2026-08-28T12:51:50.789887+00:00] quotable=168 would_place=41 would_cancel=0 equity=$500.00
[DRY-RUN] [2026-08-28T12:52:37.292890+00:00] quotable=168 would_place=41 would_cancel=0 equity=$500.00
[DRY-RUN] [2026-08-28T12:53:23.405101+00:00] quotable=168 would_place=41 would_cancel=0 equity=$500.00
[DRY-RUN] [2026-08-28T12:54:09.579952+00:00] quotable=168 would_place=41 would_cancel=0 equity=$500.00
[DRY-RUN] [2026-08-28T12:54:55.681945+00:00] quotable=168 would_place=41 would_cancel=0 equity=$500.00
[DRY-RUN] [2026-08-28T12:55:41.816092+00:00] quotable=168 would_place=41 would_cancel=0 equity=$500.00
[DRY-RUN] [2026-08-28T12:56:27.756197+00:00] quotable=168 would_place=41 would_cancel=0 equity=$500.00
[DRY-RUN] [2026-08-28T12:57:14.059998+00:00] quotable=168 would_place=41 would_cancel=0 equity=$500.00
[DRY-RUN] [2026-08-28T12:58:00.174808+00:00] quotable=168 would_place=41 would_cancel=0 equity=$500.00
[DRY-RUN] [2026-08-28T12:58:46.441814+00:00] quotable=168 would_place=41 would_cancel=0 equity=$500.00
[DRY-RUN] [2026-08-28T12:59:32.720538+00:00] quotable=168 would_place=41 would_cancel=0 equity=$500.00
[DRY-RUN] [2026-08-28T13:00:18.817683+00:00] quotable=168 would_place=41 would_cancel=0 equity=$500.00
[DRY-RUN] [2026-08-28T13:01:04.912760+00:00] quotable=168 would_place=41 would_cancel=0 equity=$500.00
[DRY-RUN] [2026-08-28T13:02:01.084479+00:00] quotable=168 would_place=41 would_cancel=0 equity=$500.00
[DRY-RUN] [2026-08-28T13:02:47.214847+00:00] quotable=168 would_place=41 would_cancel=0 equity=$500.00
[DRY-RUN] [2026-08-28T13:03:33.429399+00:00] quotable=168 would_place=41 would_cancel=0 equity=$500.00
[DRY-RUN] [2026-08-28T13:04:29.550388+00:00] quotable=168 would_place=41 would_cancel=0 equity=$500.00
[DRY-RUN] [2026-08-28T13:05:15.793598+00:00] quotable=168 would_place=41 would_cancel=0 equity=$500.00
[DRY-RUN] [2026-08-28T13:06:01.889515+00:00] quotable=168 would_place=41 would_cancel=0 equity=$500.00
[DRY-RUN] [2026-08-28T13:06:48.097347+00:00] quotable=168 would_place=41 would_cancel=0 equity=$500.00
[DRY-RUN] [2026-08-28T13:07:34.329465+00:00] quotable=168 would_place=41 would_cancel=0 equity=$500.00
[DRY-RUN] [2026-08-28T13:08:20.440358+00:00] quotable=168 would_place=41 would_cancel=0 equity=$500.00
[DRY-RUN] [2026-08-28T13:09:06.608562+00:00] quotable=168 would_place=41 would_cancel=0 equity=$500.00
[DRY-RUN] [2026-08-28T13:09:52.715806+00:00] quotable=168 would_place=41 would_cancel=0 equity=$500.00
[DRY-RUN] [2026-08-28T13:10:38.849151+00:00] quotable=168 would_place=41 would_cancel=0 equity=$500.00
[DRY-RUN] [2026-08-28T13:11:35.118007+00:00] quotable=168 would_place=41 would_cancel=0 equity=$500.00
[DRY-RUN] [2026-08-28T13:12:21.255854+00:00] quotable=168 would_place=41 would_cancel=0 equity=$500.00
[DRY-RUN] [2026-08-28T13:13:17.365311+00:00] quotable=168 would_place=41 would_cancel=0 equity=$500.00
[DRY-RUN] [2026-08-28T13:14:03.639672+00:00] quotable=168 would_place=41 would_cancel=0 equity=$500.00
[DRY-RUN] [2026-08-28T13:14:59.928705+00:00] quotable=168 would_place=41 would_cancel=0 equity=$500.00
[DRY-RUN] [2026-08-28T13:15:46.384695+00:00] quotable=168 would_place=41 would_cancel=0 equity=$500.00
[DRY-RUN] [2026-08-28T13:16:32.489766+00:00] quotable=168 would_place=41 would_cancel=0 equity=$500.00
[DRY-RUN] [2026-08-28T13:17:18.585286+00:00] quotable=168 would_place=40 would_cancel=0 equity=$500.00
universe refreshed: 163 quotable market(s)
[DRY-RUN] [2026-08-28T13:18:23.493502+00:00] quotable=163 would_place=44 would_cancel=0 equity=$500.00
[DRY-RUN] [2026-08-28T13:19:14.074721+00:00] quotable=163 would_place=44 would_cancel=0 equity=$500.00
[DRY-RUN] [2026-08-28T13:20:00.376506+00:00] quotable=163 would_place=44 would_cancel=0 equity=$500.00
[DRY-RUN] [2026-08-28T13:20:46.671626+00:00] quotable=163 would_place=45 would_cancel=0 equity=$500.00
[DRY-RUN] [2026-08-28T13:21:32.761420+00:00] quotable=163 would_place=45 would_cancel=0 equity=$500.00
[DRY-RUN] [2026-08-28T13:22:18.845181+00:00] quotable=163 would_place=45 would_cancel=0 equity=$500.00
[DRY-RUN] [2026-08-28T13:23:04.949577+00:00] quotable=163 would_place=44 would_cancel=0 equity=$500.00
[DRY-RUN] [2026-08-28T13:23:51.429409+00:00] quotable=163 would_place=44 would_cancel=0 equity=$500.00
[DRY-RUN] [2026-08-28T13:24:37.516189+00:00] quotable=163 would_place=44 would_cancel=0 equity=$500.00
[DRY-RUN] [2026-08-28T13:25:23.621330+00:00] quotable=163 would_place=44 would_cancel=0 equity=$500.00
[DRY-RUN] [2026-08-28T13:26:09.745020+00:00] quotable=163 would_place=44 would_cancel=0 equity=$500.00
[DRY-RUN] [2026-08-28T13:26:55.830661+00:00] quotable=163 would_place=44 would_cancel=0 equity=$500.00
[DRY-RUN] [2026-08-28T13:27:42.061971+00:00] quotable=163 would_place=44 would_cancel=0 equity=$500.00
[DRY-RUN] [2026-08-28T13:28:28.162090+00:00] quotable=163 would_place=44 would_cancel=0 equity=$500.00
[DRY-RUN] [2026-08-28T13:29:14.519895+00:00] quotable=163 would_place=44 would_cancel=0 equity=$500.00
[DRY-RUN] [2026-08-28T13:30:00.604543+00:00] quotable=163 would_place=44 would_cancel=0 equity=$500.00
[DRY-RUN] [2026-08-28T13:30:46.769759+00:00] quotable=163 would_place=44 would_cancel=0 equity=$500.00
[DRY-RUN] [2026-08-28T13:31:43.085252+00:00] quotable=163 would_place=44 would_cancel=0 equity=$500.00
[DRY-RUN] [2026-08-28T13:32:29.534382+00:00] quotable=163 would_place=44 would_cancel=0 equity=$500.00
[DRY-RUN] [2026-08-28T13:33:15.788206+00:00] quotable=163 would_place=44 would_cancel=0 equity=$500.00
[DRY-RUN] [2026-08-28T13:34:01.899438+00:00] quotable=163 would_place=44 would_cancel=0 equity=$500.00
[DRY-RUN] [2026-08-28T13:34:47.987227+00:00] quotable=163 would_place=44 would_cancel=0 equity=$500.00
[DRY-RUN] [2026-08-28T13:35:34.093116+00:00] quotable=163 would_place=44 would_cancel=0 equity=$500.00
[DRY-RUN] [2026-08-28T13:36:20.368806+00:00] quotable=163 would_place=44 would_cancel=0 equity=$500.00
[DRY-RUN] [2026-08-28T13:37:06.489568+00:00] quotable=163 would_place=44 would_cancel=0 equity=$500.00
[DRY-RUN] [2026-08-28T13:37:52.614839+00:00] quotable=163 would_place=44 would_cancel=0 equity=$500.00
[DRY-RUN] [2026-08-28T13:38:38.697641+00:00] quotable=163 would_place=44 would_cancel=0 equity=$500.00
[DRY-RUN] [2026-08-28T13:39:24.804881+00:00] quotable=163 would_place=44 would_cancel=0 equity=$500.00
[DRY-RUN] [2026-08-28T13:40:11.308972+00:00] quotable=163 would_place=44 would_cancel=0 equity=$500.00
[DRY-RUN] [2026-08-28T13:40:57.683613+00:00] quotable=163 would_place=44 would_cancel=0 equity=$500.00
[DRY-RUN] [2026-08-28T13:41:43.766341+00:00] quotable=163 would_place=44 would_cancel=0 equity=$500.00
[DRY-RUN] [2026-08-28T13:42:29.884874+00:00] quotable=163 would_place=44 would_cancel=0 equity=$500.00
[DRY-RUN] [2026-08-28T13:43:15.979333+00:00] quotable=163 would_place=44 would_cancel=0 equity=$500.00
[DRY-RUN] [2026-08-28T13:44:02.263358+00:00] quotable=163 would_place=44 would_cancel=0 equity=$500.00
[DRY-RUN] [2026-08-28T13:44:48.433333+00:00] quotable=163 would_place=44 would_cancel=0 equity=$500.00
[DRY-RUN] [2026-08-28T13:45:34.834474+00:00] quotable=163 would_place=44 would_cancel=0 equity=$500.00
[DRY-RUN] [2026-08-28T13:46:20.921752+00:00] quotable=163 would_place=44 would_cancel=0 equity=$500.00
[DRY-RUN] [2026-08-28T13:47:07.009867+00:00] quotable=163 would_place=44 would_cancel=0 equity=$500.00
[DRY-RUN] [2026-08-28T13:47:53.147324+00:00] quotable=163 would_place=44 would_cancel=0 equity=$500.00
universe refreshed: 153 quotable market(s)
[DRY-RUN] [2026-08-28T13:48:57.918539+00:00] quotable=153 would_place=35 would_cancel=0 equity=$500.00
[DRY-RUN] [2026-08-28T13:49:48.081487+00:00] quotable=153 would_place=35 would_cancel=0 equity=$500.00
[DRY-RUN] [2026-08-28T13:50:44.376692+00:00] quotable=153 would_place=35 would_cancel=0 equity=$500.00
[DRY-RUN] [2026-08-28T13:51:30.470583+00:00] quotable=153 would_place=35 would_cancel=0 equity=$500.00
[DRY-RUN] [2026-08-28T13:52:16.583772+00:00] quotable=153 would_place=35 would_cancel=0 equity=$500.00
[DRY-RUN] [2026-08-28T13:53:02.829977+00:00] quotable=153 would_place=35 would_cancel=0 equity=$500.00
[DRY-RUN] [2026-08-28T13:53:49.276361+00:00] quotable=153 would_place=35 would_cancel=0 equity=$500.00
[DRY-RUN] [2026-08-28T13:54:35.669837+00:00] quotable=153 would_place=35 would_cancel=0 equity=$500.00
[DRY-RUN] [2026-08-28T13:55:21.794524+00:00] quotable=153 would_place=35 would_cancel=0 equity=$500.00
[DRY-RUN] [2026-08-28T13:56:08.282208+00:00] quotable=153 would_place=35 would_cancel=0 equity=$500.00
[DRY-RUN] [2026-08-28T13:56:54.731110+00:00] quotable=153 would_place=36 would_cancel=0 equity=$500.00
[DRY-RUN] [2026-08-28T13:57:40.811131+00:00] quotable=153 would_place=36 would_cancel=0 equity=$500.00
[DRY-RUN] [2026-08-28T13:58:27.287072+00:00] quotable=153 would_place=36 would_cancel=0 equity=$500.00
[DRY-RUN] [2026-08-28T13:59:13.425025+00:00] quotable=153 would_place=36 would_cancel=0 equity=$500.00
[DRY-RUN] [2026-08-28T13:59:59.740671+00:00] quotable=153 would_place=36 would_cancel=0 equity=$500.00
[DRY-RUN] [2026-08-28T14:00:46.366835+00:00] quotable=153 would_place=36 would_cancel=0 equity=$500.00
[DRY-RUN] [2026-08-28T14:01:32.639922+00:00] quotable=153 would_place=36 would_cancel=0 equity=$500.00
[DRY-RUN] [2026-08-28T14:02:18.938588+00:00] quotable=153 would_place=36 would_cancel=0 equity=$500.00
[DRY-RUN] [2026-08-28T14:03:05.315815+00:00] quotable=153 would_place=36 would_cancel=0 equity=$500.00
[DRY-RUN] [2026-08-28T14:03:51.633776+00:00] quotable=153 would_place=36 would_cancel=0 equity=$500.00
[DRY-RUN] [2026-08-28T14:04:37.877349+00:00] quotable=153 would_place=36 would_cancel=0 equity=$500.00
[DRY-RUN] [2026-08-28T14:05:33.982995+00:00] quotable=153 would_place=35 would_cancel=0 equity=$500.00
[DRY-RUN] [2026-08-28T14:06:20.382367+00:00] quotable=153 would_place=35 would_cancel=0 equity=$500.00
[DRY-RUN] [2026-08-28T14:07:06.678011+00:00] quotable=153 would_place=35 would_cancel=0 equity=$500.00
[DRY-RUN] [2026-08-28T14:07:53.272947+00:00] quotable=153 would_place=35 would_cancel=0 equity=$500.00
[DRY-RUN] [2026-08-28T14:08:39.535931+00:00] quotable=153 would_place=35 would_cancel=0 equity=$500.00
[DRY-RUN] [2026-08-28T14:09:25.856758+00:00] quotable=153 would_place=35 would_cancel=0 equity=$500.00
[DRY-RUN] [2026-08-28T14:10:12.047895+00:00] quotable=153 would_place=35 would_cancel=0 equity=$500.00
[DRY-RUN] [2026-08-28T14:10:58.206455+00:00] quotable=153 would_place=35 would_cancel=0 equity=$500.00
[DRY-RUN] [2026-08-28T14:11:44.458682+00:00] quotable=153 would_place=35 would_cancel=0 equity=$500.00
[DRY-RUN] [2026-08-28T14:12:30.564034+00:00] quotable=153 would_place=35 would_cancel=0 equity=$500.00
[DRY-RUN] [2026-08-28T14:13:17.186677+00:00] quotable=153 would_place=35 would_cancel=0 equity=$500.00
[DRY-RUN] [2026-08-28T14:14:04.331501+00:00] quotable=153 would_place=35 would_cancel=0 equity=$500.00
[DRY-RUN] [2026-08-28T14:15:00.450823+00:00] quotable=153 would_place=35 would_cancel=0 equity=$500.00
[DRY-RUN] [2026-08-28T14:15:46.577745+00:00] quotable=153 would_place=35 would_cancel=0 equity=$500.00
[DRY-RUN] [2026-08-28T14:16:32.676055+00:00] quotable=153 would_place=35 would_cancel=0 equity=$500.00
[DRY-RUN] [2026-08-28T14:17:18.955278+00:00] quotable=153 would_place=35 would_cancel=0 equity=$500.00
[DRY-RUN] [2026-08-28T14:18:05.366656+00:00] quotable=153 would_place=35 would_cancel=0 equity=$500.00
[DRY-RUN] [2026-08-28T14:18:51.544400+00:00] quotable=153 would_place=35 would_cancel=0 equity=$500.00
universe refreshed: 155 quotable market(s)
[DRY-RUN] [2026-08-28T14:19:42.230889+00:00] quotable=155 would_place=31 would_cancel=0 equity=$500.00
[DRY-RUN] [2026-08-28T14:20:32.292229+00:00] quotable=155 would_place=31 would_cancel=0 equity=$500.00
[DRY-RUN] [2026-08-28T14:21:18.405547+00:00] quotable=155 would_place=31 would_cancel=0 equity=$500.00
[DRY-RUN] [2026-08-28T14:22:04.660135+00:00] quotable=155 would_place=31 would_cancel=0 equity=$500.00
[DRY-RUN] [2026-08-28T14:22:51.094725+00:00] quotable=155 would_place=31 would_cancel=0 equity=$500.00
[DRY-RUN] [2026-08-28T14:23:37.422109+00:00] quotable=155 would_place=31 would_cancel=0 equity=$500.00
[DRY-RUN] [2026-08-28T14:24:23.775536+00:00] quotable=155 would_place=31 would_cancel=0 equity=$500.00
[DRY-RUN] [2026-08-28T14:25:10.027297+00:00] quotable=155 would_place=31 would_cancel=0 equity=$500.00
[DRY-RUN] [2026-08-28T14:25:56.444401+00:00] quotable=155 would_place=31 would_cancel=0 equity=$500.00
[DRY-RUN] [2026-08-28T14:26:42.930656+00:00] quotable=155 would_place=31 would_cancel=0 equity=$500.00
[DRY-RUN] [2026-08-28T14:27:29.050440+00:00] quotable=155 would_place=31 would_cancel=0 equity=$500.00
[DRY-RUN] [2026-08-28T14:28:15.276576+00:00] quotable=155 would_place=31 would_cancel=0 equity=$500.00
[DRY-RUN] [2026-08-28T14:29:01.522326+00:00] quotable=155 would_place=31 would_cancel=0 equity=$500.00
[DRY-RUN] [2026-08-28T14:29:47.671223+00:00] quotable=155 would_place=31 would_cancel=0 equity=$500.00
[DRY-RUN] [2026-08-28T14:30:33.789047+00:00] quotable=155 would_place=31 would_cancel=0 equity=$500.00
[DRY-RUN] [2026-08-28T14:31:20.119213+00:00] quotable=155 would_place=31 would_cancel=0 equity=$500.00
[DRY-RUN] [2026-08-28T14:32:16.419245+00:00] quotable=155 would_place=31 would_cancel=0 equity=$500.00
[DRY-RUN] [2026-08-28T14:33:02.694717+00:00] quotable=155 would_place=31 would_cancel=0 equity=$500.00
[DRY-RUN] [2026-08-28T14:33:48.786634+00:00] quotable=155 would_place=31 would_cancel=0 equity=$500.00
[DRY-RUN] [2026-08-28T14:34:34.902096+00:00] quotable=155 would_place=31 would_cancel=0 equity=$500.00
[DRY-RUN] [2026-08-28T14:35:21.005002+00:00] quotable=155 would_place=31 would_cancel=0 equity=$500.00
[DRY-RUN] [2026-08-28T14:36:07.124401+00:00] quotable=155 would_place=31 would_cancel=0 equity=$500.00
[DRY-RUN] [2026-08-28T14:36:53.136893+00:00] quotable=155 would_place=31 would_cancel=0 equity=$500.00
[DRY-RUN] [2026-08-28T14:37:39.416834+00:00] quotable=155 would_place=31 would_cancel=0 equity=$500.00
[DRY-RUN] [2026-08-28T14:38:25.542025+00:00] quotable=155 would_place=31 would_cancel=0 equity=$500.00
[DRY-RUN] [2026-08-28T14:39:21.628272+00:00] quotable=155 would_place=31 would_cancel=0 equity=$500.00
[DRY-RUN] [2026-08-28T14:40:07.866950+00:00] quotable=155 would_place=31 would_cancel=0 equity=$500.00
[DRY-RUN] [2026-08-28T14:40:54.112942+00:00] quotable=155 would_place=31 would_cancel=0 equity=$500.00
[DRY-RUN] [2026-08-28T14:41:40.236163+00:00] quotable=155 would_place=31 would_cancel=0 equity=$500.00
[DRY-RUN] [2026-08-28T14:42:26.355186+00:00] quotable=155 would_place=31 would_cancel=0 equity=$500.00
[DRY-RUN] [2026-08-28T14:43:12.631188+00:00] quotable=155 would_place=31 would_cancel=0 equity=$500.00
[DRY-RUN] [2026-08-28T14:43:58.764650+00:00] quotable=155 would_place=31 would_cancel=0 equity=$500.00
[DRY-RUN] [2026-08-28T14:44:44.881258+00:00] quotable=155 would_place=31 would_cancel=0 equity=$500.00
[DRY-RUN] [2026-08-28T14:45:30.976616+00:00] quotable=155 would_place=31 would_cancel=0 equity=$500.00
[DRY-RUN] [2026-08-28T14:46:17.284532+00:00] quotable=155 would_place=31 would_cancel=0 equity=$500.00
[DRY-RUN] [2026-08-28T14:47:13.374762+00:00] quotable=155 would_place=31 would_cancel=0 equity=$500.00
[DRY-RUN] [2026-08-28T14:47:59.662082+00:00] quotable=155 would_place=31 would_cancel=0 equity=$500.00
[DRY-RUN] [2026-08-28T14:48:46.115498+00:00] quotable=155 would_place=31 would_cancel=0 equity=$500.00
universe refreshed: 158 quotable market(s)
[DRY-RUN] [2026-08-28T14:49:48.017809+00:00] quotable=158 would_place=30 would_cancel=0 equity=$500.00
[DRY-RUN] [2026-08-28T14:50:36.072844+00:00] quotable=158 would_place=30 would_cancel=0 equity=$500.00
[DRY-RUN] [2026-08-28T14:51:22.216337+00:00] quotable=158 would_place=30 would_cancel=0 equity=$500.00
[DRY-RUN] [2026-08-28T14:52:08.458262+00:00] quotable=158 would_place=30 would_cancel=0 equity=$500.00
[DRY-RUN] [2026-08-28T14:52:54.608657+00:00] quotable=158 would_place=30 would_cancel=0 equity=$500.00
[DRY-RUN] [2026-08-28T14:53:40.873720+00:00] quotable=158 would_place=30 would_cancel=0 equity=$500.00
[DRY-RUN] [2026-08-28T14:54:27.039386+00:00] quotable=158 would_place=30 would_cancel=0 equity=$500.00
[DRY-RUN] [2026-08-28T14:55:13.161630+00:00] quotable=158 would_place=30 would_cancel=0 equity=$500.00
[DRY-RUN] [2026-08-28T14:55:59.254686+00:00] quotable=158 would_place=30 would_cancel=0 equity=$500.00
[DRY-RUN] [2026-08-28T14:56:45.577440+00:00] quotable=158 would_place=30 would_cancel=0 equity=$500.00
[DRY-RUN] [2026-08-28T14:57:39.449039+00:00] quotable=158 would_place=29 would_cancel=0 equity=$500.00
[DRY-RUN] [2026-08-28T14:58:25.769093+00:00] quotable=158 would_place=29 would_cancel=0 equity=$500.00
[DRY-RUN] [2026-08-28T14:59:11.904865+00:00] quotable=158 would_place=29 would_cancel=0 equity=$500.00
[DRY-RUN] [2026-08-28T14:59:58.067804+00:00] quotable=158 would_place=29 would_cancel=0 equity=$500.00
[DRY-RUN] [2026-08-28T15:00:54.222043+00:00] quotable=158 would_place=29 would_cancel=0 equity=$500.00
[DRY-RUN] [2026-08-28T15:01:40.767318+00:00] quotable=158 would_place=29 would_cancel=0 equity=$500.00
[DRY-RUN] [2026-08-28T15:02:37.079765+00:00] quotable=158 would_place=29 would_cancel=0 equity=$500.00
[DRY-RUN] [2026-08-28T15:03:23.397050+00:00] quotable=158 would_place=29 would_cancel=0 equity=$500.00
[DRY-RUN] [2026-08-28T15:04:09.528741+00:00] quotable=158 would_place=29 would_cancel=0 equity=$500.00
[DRY-RUN] [2026-08-28T15:04:55.720478+00:00] quotable=158 would_place=29 would_cancel=0 equity=$500.00
[DRY-RUN] [2026-08-28T15:05:41.824873+00:00] quotable=158 would_place=31 would_cancel=0 equity=$500.00
[DRY-RUN] [2026-08-28T15:06:29.756215+00:00] quotable=158 would_place=31 would_cancel=0 equity=$500.00
[DRY-RUN] [2026-08-28T15:07:16.043502+00:00] quotable=158 would_place=31 would_cancel=0 equity=$500.00
[DRY-RUN] [2026-08-28T15:08:02.124645+00:00] quotable=158 would_place=31 would_cancel=0 equity=$500.00
[DRY-RUN] [2026-08-28T15:08:48.223273+00:00] quotable=158 would_place=31 would_cancel=0 equity=$500.00
[DRY-RUN] [2026-08-28T15:09:34.332826+00:00] quotable=158 would_place=31 would_cancel=0 equity=$500.00
[DRY-RUN] [2026-08-28T15:10:20.469287+00:00] quotable=158 would_place=31 would_cancel=0 equity=$500.00
[DRY-RUN] [2026-08-28T15:11:06.874488+00:00] quotable=158 would_place=31 would_cancel=0 equity=$500.00
[DRY-RUN] [2026-08-28T15:11:53.041148+00:00] quotable=158 would_place=31 would_cancel=0 equity=$500.00
[DRY-RUN] [2026-08-28T15:12:49.315586+00:00] quotable=158 would_place=31 would_cancel=0 equity=$500.00
[DRY-RUN] [2026-08-28T15:13:35.586248+00:00] quotable=158 would_place=31 would_cancel=0 equity=$500.00
[DRY-RUN] [2026-08-28T15:14:21.742067+00:00] quotable=158 would_place=31 would_cancel=0 equity=$500.00
[DRY-RUN] [2026-08-28T15:15:08.065628+00:00] quotable=158 would_place=31 would_cancel=0 equity=$500.00
[DRY-RUN] [2026-08-28T15:15:54.620304+00:00] quotable=158 would_place=31 would_cancel=0 equity=$500.00
[DRY-RUN] [2026-08-28T15:16:40.717275+00:00] quotable=158 would_place=31 would_cancel=0 equity=$500.00
[DRY-RUN] [2026-08-28T15:17:26.822207+00:00] quotable=158 would_place=31 would_cancel=0 equity=$500.00
[DRY-RUN] [2026-08-28T15:18:22.937857+00:00] quotable=158 would_place=31 would_cancel=0 equity=$500.00
[DRY-RUN] [2026-08-28T15:19:09.029132+00:00] quotable=158 would_place=29 would_cancel=0 equity=$500.00
universe refreshed: 161 quotable market(s)
[DRY-RUN] [2026-08-28T15:20:03.585447+00:00] quotable=161 would_place=34 would_cancel=0 equity=$500.00
[DRY-RUN] [2026-08-28T15:20:53.845635+00:00] quotable=161 would_place=34 would_cancel=0 equity=$500.00
[DRY-RUN] [2026-08-28T15:21:40.035607+00:00] quotable=161 would_place=33 would_cancel=0 equity=$500.00
[DRY-RUN] [2026-08-28T15:22:26.139389+00:00] quotable=161 would_place=33 would_cancel=0 equity=$500.00
[DRY-RUN] [2026-08-28T15:23:12.255159+00:00] quotable=161 would_place=33 would_cancel=0 equity=$500.00
[DRY-RUN] [2026-08-28T15:23:58.541702+00:00] quotable=161 would_place=34 would_cancel=0 equity=$500.00
[DRY-RUN] [2026-08-28T15:24:44.646565+00:00] quotable=161 would_place=34 would_cancel=0 equity=$500.00
[DRY-RUN] [2026-08-28T15:25:31.118892+00:00] quotable=161 would_place=34 would_cancel=0 equity=$500.00
[DRY-RUN] [2026-08-28T15:26:17.231359+00:00] quotable=161 would_place=34 would_cancel=0 equity=$500.00
[DRY-RUN] [2026-08-28T15:27:03.389578+00:00] quotable=161 would_place=34 would_cancel=0 equity=$500.00
[DRY-RUN] [2026-08-28T15:27:59.734701+00:00] quotable=161 would_place=34 would_cancel=0 equity=$500.00
[DRY-RUN] [2026-08-28T15:28:55.836545+00:00] quotable=161 would_place=34 would_cancel=0 equity=$500.00
[DRY-RUN] [2026-08-28T15:29:42.392338+00:00] quotable=161 would_place=34 would_cancel=0 equity=$500.00
[DRY-RUN] [2026-08-28T15:30:28.523629+00:00] quotable=161 would_place=34 would_cancel=0 equity=$500.00
[DRY-RUN] [2026-08-28T15:31:14.679706+00:00] quotable=161 would_place=34 would_cancel=0 equity=$500.00
[DRY-RUN] [2026-08-28T15:32:00.853973+00:00] quotable=161 would_place=34 would_cancel=0 equity=$500.00
[DRY-RUN] [2026-08-28T15:32:46.968177+00:00] quotable=161 would_place=34 would_cancel=0 equity=$500.00
[DRY-RUN] [2026-08-28T15:33:33.050888+00:00] quotable=161 would_place=34 would_cancel=0 equity=$500.00
[DRY-RUN] [2026-08-28T15:34:19.339952+00:00] quotable=161 would_place=34 would_cancel=0 equity=$500.00
[DRY-RUN] [2026-08-28T15:35:05.500908+00:00] quotable=161 would_place=34 would_cancel=0 equity=$500.00
[DRY-RUN] [2026-08-28T15:35:51.621898+00:00] quotable=161 would_place=34 would_cancel=0 equity=$500.00
[DRY-RUN] [2026-08-28T15:36:37.753446+00:00] quotable=161 would_place=34 would_cancel=0 equity=$500.00
[DRY-RUN] [2026-08-28T15:37:23.864584+00:00] quotable=161 would_place=34 would_cancel=0 equity=$500.00
[DRY-RUN] [2026-08-28T15:38:09.962908+00:00] quotable=161 would_place=34 would_cancel=0 equity=$500.00
[DRY-RUN] [2026-08-28T15:39:06.098702+00:00] quotable=161 would_place=34 would_cancel=0 equity=$500.00
[DRY-RUN] [2026-08-28T15:39:52.209188+00:00] quotable=161 would_place=34 would_cancel=0 equity=$500.00
[DRY-RUN] [2026-08-28T15:40:38.442100+00:00] quotable=161 would_place=34 would_cancel=0 equity=$500.00
[DRY-RUN] [2026-08-28T15:41:34.778636+00:00] quotable=161 would_place=34 would_cancel=0 equity=$500.00
[DRY-RUN] [2026-08-28T15:42:30.890673+00:00] quotable=161 would_place=34 would_cancel=0 equity=$500.00
[DRY-RUN] [2026-08-28T15:43:17.222106+00:00] quotable=161 would_place=34 would_cancel=0 equity=$500.00
[DRY-RUN] [2026-08-28T15:44:03.323442+00:00] quotable=161 would_place=34 would_cancel=0 equity=$500.00
[DRY-RUN] [2026-08-28T15:44:49.531523+00:00] quotable=161 would_place=34 would_cancel=0 equity=$500.00
[DRY-RUN] [2026-08-28T15:45:35.959410+00:00] quotable=161 would_place=34 would_cancel=0 equity=$500.00
[DRY-RUN] [2026-08-28T15:46:22.067279+00:00] quotable=161 would_place=34 would_cancel=0 equity=$500.00
[DRY-RUN] [2026-08-28T15:47:08.160964+00:00] quotable=161 would_place=34 would_cancel=0 equity=$500.00
[DRY-RUN] [2026-08-28T15:47:54.429523+00:00] quotable=161 would_place=34 would_cancel=0 equity=$500.00
[DRY-RUN] [2026-08-28T15:48:40.505861+00:00] quotable=161 would_place=34 would_cancel=0 equity=$500.00
[DRY-RUN] [2026-08-28T15:49:26.606714+00:00] quotable=161 would_place=34 would_cancel=0 equity=$500.00
universe refreshed: 167 quotable market(s)
[DRY-RUN] [2026-08-28T15:50:19.834181+00:00] quotable=167 would_place=29 would_cancel=0 equity=$500.00
[DRY-RUN] [2026-08-28T15:51:08.891995+00:00] quotable=167 would_place=29 would_cancel=0 equity=$500.00
[DRY-RUN] [2026-08-28T15:51:54.981499+00:00] quotable=167 would_place=29 would_cancel=0 equity=$500.00
[DRY-RUN] [2026-08-28T15:52:41.132929+00:00] quotable=167 would_place=29 would_cancel=0 equity=$500.00
[DRY-RUN] [2026-08-28T15:53:27.228656+00:00] quotable=167 would_place=29 would_cancel=0 equity=$500.00
[DRY-RUN] [2026-08-28T15:54:13.535883+00:00] quotable=167 would_place=29 would_cancel=0 equity=$500.00
[DRY-RUN] [2026-08-28T15:54:59.754399+00:00] quotable=167 would_place=29 would_cancel=0 equity=$500.00
[DRY-RUN] [2026-08-28T15:55:45.835824+00:00] quotable=167 would_place=29 would_cancel=0 equity=$500.00
[DRY-RUN] [2026-08-28T15:56:31.964577+00:00] quotable=167 would_place=29 would_cancel=0 equity=$500.00
[DRY-RUN] [2026-08-28T15:57:18.063552+00:00] quotable=167 would_place=29 would_cancel=0 equity=$500.00
[DRY-RUN] [2026-08-28T15:58:04.403873+00:00] quotable=167 would_place=29 would_cancel=0 equity=$500.00
[DRY-RUN] [2026-08-28T15:59:00.500697+00:00] quotable=167 would_place=29 would_cancel=0 equity=$500.00
[DRY-RUN] [2026-08-28T15:59:46.859536+00:00] quotable=167 would_place=29 would_cancel=0 equity=$500.00
[DRY-RUN] [2026-08-28T16:00:33.011641+00:00] quotable=167 would_place=29 would_cancel=0 equity=$500.00
[DRY-RUN] [2026-08-28T16:01:19.268339+00:00] quotable=167 would_place=29 would_cancel=0 equity=$500.00
[DRY-RUN] [2026-08-28T16:02:06.308086+00:00] quotable=167 would_place=29 would_cancel=0 equity=$500.00
[DRY-RUN] [2026-08-28T16:02:52.500841+00:00] quotable=167 would_place=29 would_cancel=0 equity=$500.00
[DRY-RUN] [2026-08-28T16:03:38.606132+00:00] quotable=167 would_place=29 would_cancel=0 equity=$500.00
[DRY-RUN] [2026-08-28T16:04:24.695811+00:00] quotable=167 would_place=29 would_cancel=0 equity=$500.00
[DRY-RUN] [2026-08-28T16:05:21.057669+00:00] quotable=167 would_place=29 would_cancel=0 equity=$500.00
[DRY-RUN] [2026-08-28T16:06:07.140572+00:00] quotable=167 would_place=29 would_cancel=0 equity=$500.00
[DRY-RUN] [2026-08-28T16:06:53.392524+00:00] quotable=167 would_place=29 would_cancel=0 equity=$500.00
[DRY-RUN] [2026-08-28T16:07:39.500115+00:00] quotable=167 would_place=29 would_cancel=0 equity=$500.00
[DRY-RUN] [2026-08-28T16:08:25.775542+00:00] quotable=167 would_place=29 would_cancel=0 equity=$500.00
[DRY-RUN] [2026-08-28T16:09:12.224746+00:00] quotable=167 would_place=29 would_cancel=0 equity=$500.00
[DRY-RUN] [2026-08-28T16:09:58.359497+00:00] quotable=167 would_place=29 would_cancel=0 equity=$500.00
[DRY-RUN] [2026-08-28T16:10:54.444303+00:00] quotable=167 would_place=29 would_cancel=0 equity=$500.00
[DRY-RUN] [2026-08-28T16:11:40.573459+00:00] quotable=167 would_place=29 would_cancel=0 equity=$500.00
[DRY-RUN] [2026-08-28T16:12:26.743027+00:00] quotable=167 would_place=29 would_cancel=0 equity=$500.00
[DRY-RUN] [2026-08-28T16:13:12.997550+00:00] quotable=167 would_place=29 would_cancel=0 equity=$500.00
[DRY-RUN] [2026-08-28T16:13:59.287531+00:00] quotable=167 would_place=29 would_cancel=0 equity=$500.00
[DRY-RUN] [2026-08-28T16:14:45.394179+00:00] quotable=167 would_place=29 would_cancel=0 equity=$500.00
[DRY-RUN] [2026-08-28T16:15:31.521630+00:00] quotable=167 would_place=29 would_cancel=0 equity=$500.00
[DRY-RUN] [2026-08-28T16:16:17.670871+00:00] quotable=167 would_place=29 would_cancel=0 equity=$500.00
[DRY-RUN] [2026-08-28T16:17:04.105775+00:00] quotable=167 would_place=29 would_cancel=0 equity=$500.00
[DRY-RUN] [2026-08-28T16:17:50.038231+00:00] quotable=167 would_place=29 would_cancel=0 equity=$500.00
[DRY-RUN] [2026-08-28T16:18:36.168483+00:00] quotable=167 would_place=29 would_cancel=0 equity=$500.00
[DRY-RUN] [2026-08-28T16:19:22.347087+00:00] quotable=167 would_place=29 would_cancel=0 equity=$500.00
[DRY-RUN] [2026-08-28T16:20:08.466537+00:00] quotable=167 would_place=29 would_cancel=0 equity=$500.00
universe refreshed: 160 quotable market(s)
[DRY-RUN] [2026-08-28T16:21:06.781257+00:00] quotable=160 would_place=31 would_cancel=0 equity=$500.00
[DRY-RUN] [2026-08-28T16:21:57.468438+00:00] quotable=160 would_place=31 would_cancel=0 equity=$500.00
[DRY-RUN] [2026-08-28T16:22:43.783211+00:00] quotable=160 would_place=31 would_cancel=0 equity=$500.00
[DRY-RUN] [2026-08-28T16:23:30.049447+00:00] quotable=160 would_place=31 would_cancel=0 equity=$500.00
[DRY-RUN] [2026-08-28T16:24:16.142130+00:00] quotable=160 would_place=31 would_cancel=0 equity=$500.00
[DRY-RUN] [2026-08-28T16:25:02.224620+00:00] quotable=160 would_place=31 would_cancel=0 equity=$500.00
[DRY-RUN] [2026-08-28T16:25:48.335010+00:00] quotable=160 would_place=31 would_cancel=0 equity=$500.00
[DRY-RUN] [2026-08-28T16:26:34.432720+00:00] quotable=160 would_place=31 would_cancel=0 equity=$500.00
[DRY-RUN] [2026-08-28T16:27:30.737755+00:00] quotable=160 would_place=31 would_cancel=0 equity=$500.00
[DRY-RUN] [2026-08-28T16:28:16.853963+00:00] quotable=160 would_place=31 would_cancel=0 equity=$500.00
[DRY-RUN] [2026-08-28T16:29:02.975809+00:00] quotable=160 would_place=31 would_cancel=0 equity=$500.00
[DRY-RUN] [2026-08-28T16:29:49.049620+00:00] quotable=160 would_place=31 would_cancel=0 equity=$500.00
[DRY-RUN] [2026-08-28T16:30:45.181704+00:00] quotable=160 would_place=31 would_cancel=0 equity=$500.00
[DRY-RUN] [2026-08-28T16:31:31.499650+00:00] quotable=160 would_place=31 would_cancel=0 equity=$500.00
[DRY-RUN] [2026-08-28T16:32:17.597570+00:00] quotable=160 would_place=31 would_cancel=0 equity=$500.00
[DRY-RUN] [2026-08-28T16:33:03.684564+00:00] quotable=160 would_place=31 would_cancel=0 equity=$500.00
[DRY-RUN] [2026-08-28T16:33:50.192009+00:00] quotable=160 would_place=31 would_cancel=0 equity=$500.00
[DRY-RUN] [2026-08-28T16:34:36.474212+00:00] quotable=160 would_place=31 would_cancel=0 equity=$500.00
[DRY-RUN] [2026-08-28T16:35:22.581548+00:00] quotable=160 would_place=31 would_cancel=0 equity=$500.00
[DRY-RUN] [2026-08-28T16:36:08.843507+00:00] quotable=160 would_place=31 would_cancel=0 equity=$500.00
[DRY-RUN] [2026-08-28T16:36:54.984454+00:00] quotable=160 would_place=31 would_cancel=0 equity=$500.00
[DRY-RUN] [2026-08-28T16:37:41.261992+00:00] quotable=160 would_place=31 would_cancel=0 equity=$500.00
[DRY-RUN] [2026-08-28T16:38:37.475076+00:00] quotable=160 would_place=31 would_cancel=0 equity=$500.00
[DRY-RUN] [2026-08-28T16:39:23.730765+00:00] quotable=160 would_place=31 would_cancel=0 equity=$500.00
[DRY-RUN] [2026-08-28T16:40:09.844505+00:00] quotable=160 would_place=31 would_cancel=0 equity=$500.00
[DRY-RUN] [2026-08-28T16:40:55.911730+00:00] quotable=160 would_place=31 would_cancel=0 equity=$500.00
[DRY-RUN] [2026-08-28T16:41:41.846281+00:00] quotable=160 would_place=31 would_cancel=0 equity=$500.00
[DRY-RUN] [2026-08-28T16:42:28.132643+00:00] quotable=160 would_place=31 would_cancel=0 equity=$500.00
[DRY-RUN] [2026-08-28T16:43:14.391010+00:00] quotable=160 would_place=31 would_cancel=0 equity=$500.00
[DRY-RUN] [2026-08-28T16:44:00.479125+00:00] quotable=160 would_place=31 would_cancel=0 equity=$500.00
[DRY-RUN] [2026-08-28T16:44:46.556619+00:00] quotable=160 would_place=31 would_cancel=0 equity=$500.00
[DRY-RUN] [2026-08-28T16:45:32.681610+00:00] quotable=160 would_place=31 would_cancel=0 equity=$500.00
[DRY-RUN] [2026-08-28T16:46:18.825638+00:00] quotable=160 would_place=31 would_cancel=0 equity=$500.00
[DRY-RUN] [2026-08-28T16:47:05.158856+00:00] quotable=160 would_place=31 would_cancel=0 equity=$500.00
[DRY-RUN] [2026-08-28T16:47:51.758594+00:00] quotable=160 would_place=31 would_cancel=0 equity=$500.00
[DRY-RUN] [2026-08-28T16:48:38.037580+00:00] quotable=160 would_place=31 would_cancel=0 equity=$500.00
[DRY-RUN] [2026-08-28T16:49:24.227553+00:00] quotable=160 would_place=31 would_cancel=0 equity=$500.00
[DRY-RUN] [2026-08-28T16:50:10.573192+00:00] quotable=160 would_place=31 would_cancel=0 equity=$500.00
[DRY-RUN] [2026-08-28T16:51:06.690035+00:00] quotable=160 would_place=31 would_cancel=0 equity=$500.00
universe refreshed: 165 quotable market(s)
[DRY-RUN] [2026-08-28T16:52:02.954500+00:00] quotable=165 would_place=32 would_cancel=0 equity=$500.00
[DRY-RUN] [2026-08-28T16:52:54.229104+00:00] quotable=165 would_place=32 would_cancel=0 equity=$500.00
[DRY-RUN] [2026-08-28T16:53:40.321889+00:00] quotable=165 would_place=32 would_cancel=0 equity=$500.00
[DRY-RUN] [2026-08-28T16:54:26.447068+00:00] quotable=165 would_place=32 would_cancel=0 equity=$500.00
[DRY-RUN] [2026-08-28T16:55:12.508189+00:00] quotable=165 would_place=32 would_cancel=0 equity=$500.00
[DRY-RUN] [2026-08-28T16:55:58.413474+00:00] quotable=165 would_place=32 would_cancel=0 equity=$500.00
[DRY-RUN] [2026-08-28T16:56:54.545646+00:00] quotable=165 would_place=32 would_cancel=0 equity=$500.00
[DRY-RUN] [2026-08-28T16:57:40.614283+00:00] quotable=165 would_place=32 would_cancel=0 equity=$500.00
[DRY-RUN] [2026-08-28T16:58:36.747137+00:00] quotable=165 would_place=32 would_cancel=0 equity=$500.00
[DRY-RUN] [2026-08-28T16:59:22.841870+00:00] quotable=165 would_place=32 would_cancel=0 equity=$500.00
[DRY-RUN] [2026-08-28T17:00:18.962380+00:00] quotable=165 would_place=32 would_cancel=0 equity=$500.00
[DRY-RUN] [2026-08-28T17:01:05.282379+00:00] quotable=165 would_place=32 would_cancel=0 equity=$500.00
[DRY-RUN] [2026-08-28T17:01:51.247325+00:00] quotable=165 would_place=32 would_cancel=0 equity=$500.00
[DRY-RUN] [2026-08-28T17:02:37.430231+00:00] quotable=165 would_place=32 would_cancel=0 equity=$500.00
[DRY-RUN] [2026-08-28T17:03:23.536282+00:00] quotable=165 would_place=32 would_cancel=0 equity=$500.00
[DRY-RUN] [2026-08-28T17:04:09.620833+00:00] quotable=165 would_place=32 would_cancel=0 equity=$500.00
[DRY-RUN] [2026-08-28T17:04:55.970160+00:00] quotable=165 would_place=32 would_cancel=0 equity=$500.00
[DRY-RUN] [2026-08-28T17:05:42.070802+00:00] quotable=165 would_place=32 would_cancel=0 equity=$500.00
[DRY-RUN] [2026-08-28T17:06:28.426466+00:00] quotable=165 would_place=32 would_cancel=0 equity=$500.00
[DRY-RUN] [2026-08-28T17:07:24.361742+00:00] quotable=165 would_place=32 would_cancel=0 equity=$500.00
[DRY-RUN] [2026-08-28T17:08:10.460801+00:00] quotable=165 would_place=32 would_cancel=0 equity=$500.00
[DRY-RUN] [2026-08-28T17:08:56.546866+00:00] quotable=165 would_place=32 would_cancel=0 equity=$500.00
[DRY-RUN] [2026-08-28T17:09:42.773461+00:00] quotable=165 would_place=32 would_cancel=0 equity=$500.00
[DRY-RUN] [2026-08-28T17:10:28.876687+00:00] quotable=165 would_place=32 would_cancel=0 equity=$500.00
[DRY-RUN] [2026-08-28T17:11:14.953848+00:00] quotable=165 would_place=32 would_cancel=0 equity=$500.00
[DRY-RUN] [2026-08-28T17:12:01.040312+00:00] quotable=165 would_place=32 would_cancel=0 equity=$500.00
[DRY-RUN] [2026-08-28T17:12:47.468430+00:00] quotable=165 would_place=32 would_cancel=0 equity=$500.00
[DRY-RUN] [2026-08-28T17:13:33.827350+00:00] quotable=165 would_place=32 would_cancel=0 equity=$500.00
[DRY-RUN] [2026-08-28T17:14:29.988821+00:00] quotable=165 would_place=32 would_cancel=0 equity=$500.00
[DRY-RUN] [2026-08-28T17:15:16.080501+00:00] quotable=165 would_place=32 would_cancel=0 equity=$500.00
[DRY-RUN] [2026-08-28T17:16:02.329035+00:00] quotable=165 would_place=32 would_cancel=0 equity=$500.00
[DRY-RUN] [2026-08-28T17:16:48.440434+00:00] quotable=165 would_place=32 would_cancel=0 equity=$500.00
[DRY-RUN] [2026-08-28T17:17:34.572243+00:00] quotable=165 would_place=32 would_cancel=0 equity=$500.00
[DRY-RUN] [2026-08-28T17:18:20.654824+00:00] quotable=165 would_place=32 would_cancel=0 equity=$500.00
[DRY-RUN] [2026-08-28T17:19:06.736244+00:00] quotable=165 would_place=32 would_cancel=0 equity=$500.00
[DRY-RUN] [2026-08-28T17:19:52.813038+00:00] quotable=165 would_place=32 would_cancel=0 equity=$500.00
[DRY-RUN] [2026-08-28T17:20:39.079765+00:00] quotable=165 would_place=32 would_cancel=0 equity=$500.00
[DRY-RUN] [2026-08-28T17:21:25.217919+00:00] quotable=165 would_place=31 would_cancel=0 equity=$500.00
universe refreshed: 162 quotable market(s)
[DRY-RUN] [2026-08-28T17:22:17.279867+00:00] quotable=162 would_place=31 would_cancel=0 equity=$500.00
[DRY-RUN] [2026-08-28T17:23:07.529327+00:00] quotable=162 would_place=31 would_cancel=0 equity=$500.00
[DRY-RUN] [2026-08-28T17:23:53.671518+00:00] quotable=162 would_place=31 would_cancel=0 equity=$500.00
[DRY-RUN] [2026-08-28T17:24:39.736110+00:00] quotable=162 would_place=31 would_cancel=0 equity=$500.00
[DRY-RUN] [2026-08-28T17:25:25.957471+00:00] quotable=162 would_place=31 would_cancel=0 equity=$500.00
[DRY-RUN] [2026-08-28T17:26:11.950884+00:00] quotable=162 would_place=31 would_cancel=0 equity=$500.00
[DRY-RUN] [2026-08-28T17:26:58.045707+00:00] quotable=162 would_place=31 would_cancel=0 equity=$500.00
[DRY-RUN] [2026-08-28T17:27:44.134336+00:00] quotable=162 would_place=31 would_cancel=0 equity=$500.00
[DRY-RUN] [2026-08-28T17:28:40.244954+00:00] quotable=162 would_place=31 would_cancel=0 equity=$500.00
[DRY-RUN] [2026-08-28T17:29:26.351298+00:00] quotable=162 would_place=31 would_cancel=0 equity=$500.00
[DRY-RUN] [2026-08-28T17:30:22.451004+00:00] quotable=162 would_place=31 would_cancel=0 equity=$500.00
[DRY-RUN] [2026-08-28T17:31:08.662191+00:00] quotable=162 would_place=31 would_cancel=0 equity=$500.00
[DRY-RUN] [2026-08-28T17:31:54.998736+00:00] quotable=162 would_place=31 would_cancel=0 equity=$500.00
[DRY-RUN] [2026-08-28T17:32:41.060495+00:00] quotable=162 would_place=31 would_cancel=0 equity=$500.00
[DRY-RUN] [2026-08-28T17:33:27.215868+00:00] quotable=162 would_place=31 would_cancel=0 equity=$500.00
[DRY-RUN] [2026-08-28T17:34:13.293816+00:00] quotable=162 would_place=31 would_cancel=0 equity=$500.00
[DRY-RUN] [2026-08-28T17:34:59.426494+00:00] quotable=162 would_place=31 would_cancel=0 equity=$500.00
[DRY-RUN] [2026-08-28T17:35:45.526812+00:00] quotable=162 would_place=31 would_cancel=0 equity=$500.00
[DRY-RUN] [2026-08-28T17:36:31.604222+00:00] quotable=162 would_place=31 would_cancel=0 equity=$500.00
[DRY-RUN] [2026-08-28T17:37:17.678776+00:00] quotable=162 would_place=31 would_cancel=0 equity=$500.00
[DRY-RUN] [2026-08-28T17:38:03.765756+00:00] quotable=162 would_place=31 would_cancel=0 equity=$500.00
[DRY-RUN] [2026-08-28T17:38:59.920442+00:00] quotable=162 would_place=31 would_cancel=0 equity=$500.00
[DRY-RUN] [2026-08-28T17:39:46.020185+00:00] quotable=162 would_place=31 would_cancel=0 equity=$500.00
[DRY-RUN] [2026-08-28T17:40:32.114651+00:00] quotable=162 would_place=31 would_cancel=0 equity=$500.00
[DRY-RUN] [2026-08-28T17:41:18.559111+00:00] quotable=162 would_place=31 would_cancel=0 equity=$500.00
[DRY-RUN] [2026-08-28T17:42:14.855059+00:00] quotable=162 would_place=31 would_cancel=0 equity=$500.00
[DRY-RUN] [2026-08-28T17:43:00.925264+00:00] quotable=162 would_place=31 would_cancel=0 equity=$500.00
[DRY-RUN] [2026-08-28T17:43:47.014779+00:00] quotable=162 would_place=31 would_cancel=0 equity=$500.00
[DRY-RUN] [2026-08-28T17:44:33.274503+00:00] quotable=162 would_place=31 would_cancel=0 equity=$500.00
[DRY-RUN] [2026-08-28T17:45:19.681393+00:00] quotable=162 would_place=31 would_cancel=0 equity=$500.00
[DRY-RUN] [2026-08-28T17:46:05.759761+00:00] quotable=162 would_place=31 would_cancel=0 equity=$500.00
[DRY-RUN] [2026-08-28T17:46:52.721861+00:00] quotable=162 would_place=31 would_cancel=0 equity=$500.00
[DRY-RUN] [2026-08-28T17:47:38.968980+00:00] quotable=162 would_place=31 would_cancel=0 equity=$500.00
[DRY-RUN] [2026-08-28T17:48:35.458544+00:00] quotable=162 would_place=31 would_cancel=0 equity=$500.00
[DRY-RUN] [2026-08-28T17:49:21.857848+00:00] quotable=162 would_place=31 would_cancel=0 equity=$500.00
[DRY-RUN] [2026-08-28T17:50:07.965889+00:00] quotable=162 would_place=31 would_cancel=0 equity=$500.00
[DRY-RUN] [2026-08-28T17:50:54.093614+00:00] quotable=162 would_place=31 would_cancel=0 equity=$500.00
[DRY-RUN] [2026-08-28T17:51:40.163078+00:00] quotable=162 would_place=31 would_cancel=0 equity=$500.00
universe refreshed: 158 quotable market(s)
[DRY-RUN] [2026-08-28T17:52:32.839377+00:00] quotable=158 would_place=29 would_cancel=0 equity=$500.00
[DRY-RUN] [2026-08-28T17:53:23.891272+00:00] quotable=158 would_place=29 would_cancel=0 equity=$500.00
[DRY-RUN] [2026-08-28T17:54:09.968146+00:00] quotable=158 would_place=29 would_cancel=0 equity=$500.00
[DRY-RUN] [2026-08-28T17:54:56.343696+00:00] quotable=158 would_place=29 would_cancel=0 equity=$500.00
[DRY-RUN] [2026-08-28T17:55:42.639951+00:00] quotable=158 would_place=29 would_cancel=0 equity=$500.00
[DRY-RUN] [2026-08-28T17:56:38.825756+00:00] quotable=158 would_place=29 would_cancel=0 equity=$500.00
[DRY-RUN] [2026-08-28T17:57:24.949539+00:00] quotable=158 would_place=29 would_cancel=0 equity=$500.00
[DRY-RUN] [2026-08-28T17:58:11.069433+00:00] quotable=158 would_place=29 would_cancel=0 equity=$500.00
[DRY-RUN] [2026-08-28T17:58:57.168562+00:00] quotable=158 would_place=29 would_cancel=0 equity=$500.00
[DRY-RUN] [2026-08-28T17:59:43.442138+00:00] quotable=158 would_place=29 would_cancel=0 equity=$500.00
[DRY-RUN] [2026-08-28T18:00:39.367840+00:00] quotable=158 would_place=29 would_cancel=0 equity=$500.00
[DRY-RUN] [2026-08-28T18:01:25.460833+00:00] quotable=158 would_place=29 would_cancel=0 equity=$500.00
[DRY-RUN] [2026-08-28T18:02:11.560707+00:00] quotable=158 would_place=29 would_cancel=0 equity=$500.00
[DRY-RUN] [2026-08-28T18:03:07.815711+00:00] quotable=158 would_place=29 would_cancel=0 equity=$500.00
[DRY-RUN] [2026-08-28T18:03:53.926778+00:00] quotable=158 would_place=29 would_cancel=0 equity=$500.00
[DRY-RUN] [2026-08-28T18:04:40.313452+00:00] quotable=158 would_place=29 would_cancel=0 equity=$500.00
[DRY-RUN] [2026-08-28T18:05:26.753833+00:00] quotable=158 would_place=29 would_cancel=0 equity=$500.00
[DRY-RUN] [2026-08-28T18:06:22.847106+00:00] quotable=158 would_place=29 would_cancel=0 equity=$500.00
[DRY-RUN] [2026-08-28T18:07:19.089156+00:00] quotable=158 would_place=29 would_cancel=0 equity=$500.00
[DRY-RUN] [2026-08-28T18:08:05.184491+00:00] quotable=158 would_place=29 would_cancel=0 equity=$500.00
[DRY-RUN] [2026-08-28T18:08:51.095419+00:00] quotable=158 would_place=29 would_cancel=0 equity=$500.00
[DRY-RUN] [2026-08-28T18:09:37.183109+00:00] quotable=158 would_place=29 would_cancel=0 equity=$500.00
[DRY-RUN] [2026-08-28T18:10:23.351961+00:00] quotable=158 would_place=29 would_cancel=0 equity=$500.00
[DRY-RUN] [2026-08-28T18:11:09.898674+00:00] quotable=158 would_place=29 would_cancel=0 equity=$500.00
[DRY-RUN] [2026-08-28T18:11:56.228512+00:00] quotable=158 would_place=29 would_cancel=0 equity=$500.00
[DRY-RUN] [2026-08-28T18:12:42.353399+00:00] quotable=158 would_place=29 would_cancel=0 equity=$500.00
[DRY-RUN] [2026-08-28T18:13:28.435933+00:00] quotable=158 would_place=29 would_cancel=0 equity=$500.00
[DRY-RUN] [2026-08-28T18:14:14.530317+00:00] quotable=158 would_place=29 would_cancel=0 equity=$500.00
[DRY-RUN] [2026-08-28T18:15:00.624257+00:00] quotable=158 would_place=29 would_cancel=0 equity=$500.00
[DRY-RUN] [2026-08-28T18:15:46.706641+00:00] quotable=158 would_place=29 would_cancel=0 equity=$500.00
[DRY-RUN] [2026-08-28T18:16:32.809766+00:00] quotable=158 would_place=29 would_cancel=0 equity=$500.00
[DRY-RUN] [2026-08-28T18:17:29.061560+00:00] quotable=158 would_place=29 would_cancel=0 equity=$500.00
[DRY-RUN] [2026-08-28T18:18:15.173657+00:00] quotable=158 would_place=29 would_cancel=0 equity=$500.00
[DRY-RUN] [2026-08-28T18:19:01.343057+00:00] quotable=158 would_place=29 would_cancel=0 equity=$500.00
[DRY-RUN] [2026-08-28T18:19:47.785819+00:00] quotable=158 would_place=29 would_cancel=0 equity=$500.00
[DRY-RUN] [2026-08-28T18:20:34.063450+00:00] quotable=158 would_place=29 would_cancel=0 equity=$500.00
[DRY-RUN] [2026-08-28T18:21:20.306710+00:00] quotable=158 would_place=29 would_cancel=0 equity=$500.00
[DRY-RUN] [2026-08-28T18:22:06.644553+00:00] quotable=158 would_place=29 would_cancel=0 equity=$500.00
universe refreshed: 154 quotable market(s)
[DRY-RUN] [2026-08-28T18:23:08.065230+00:00] quotable=154 would_place=31 would_cancel=0 equity=$500.00
[DRY-RUN] [2026-08-28T18:23:58.863177+00:00] quotable=154 would_place=31 would_cancel=0 equity=$500.00
[DRY-RUN] [2026-08-28T18:24:44.956966+00:00] quotable=154 would_place=31 would_cancel=0 equity=$500.00
[DRY-RUN] [2026-08-28T18:25:31.041057+00:00] quotable=154 would_place=31 would_cancel=0 equity=$500.00
[DRY-RUN] [2026-08-28T18:26:17.141391+00:00] quotable=154 would_place=31 would_cancel=0 equity=$500.00
[DRY-RUN] [2026-08-28T18:27:03.393713+00:00] quotable=154 would_place=31 would_cancel=0 equity=$500.00
[DRY-RUN] [2026-08-28T18:27:49.661479+00:00] quotable=154 would_place=31 would_cancel=0 equity=$500.00
[DRY-RUN] [2026-08-28T18:28:35.806207+00:00] quotable=154 would_place=31 would_cancel=0 equity=$500.00
[DRY-RUN] [2026-08-28T18:29:22.037374+00:00] quotable=154 would_place=31 would_cancel=0 equity=$500.00
[DRY-RUN] [2026-08-28T18:30:08.702380+00:00] quotable=154 would_place=31 would_cancel=0 equity=$500.00
[DRY-RUN] [2026-08-28T18:30:54.932669+00:00] quotable=154 would_place=31 would_cancel=0 equity=$500.00
[DRY-RUN] [2026-08-28T18:31:41.085019+00:00] quotable=154 would_place=31 would_cancel=0 equity=$500.00
[DRY-RUN] [2026-08-28T18:32:27.347312+00:00] quotable=154 would_place=31 would_cancel=0 equity=$500.00
[DRY-RUN] [2026-08-28T18:33:13.469766+00:00] quotable=154 would_place=31 would_cancel=0 equity=$500.00
[DRY-RUN] [2026-08-28T18:33:59.559999+00:00] quotable=154 would_place=31 would_cancel=0 equity=$500.00
[DRY-RUN] [2026-08-28T18:34:45.693986+00:00] quotable=154 would_place=31 would_cancel=0 equity=$500.00
[DRY-RUN] [2026-08-28T18:35:31.803548+00:00] quotable=154 would_place=31 would_cancel=0 equity=$500.00
[DRY-RUN] [2026-08-28T18:36:17.895245+00:00] quotable=154 would_place=31 would_cancel=0 equity=$500.00
[DRY-RUN] [2026-08-28T18:37:04.170850+00:00] quotable=154 would_place=31 would_cancel=0 equity=$500.00
[DRY-RUN] [2026-08-28T18:37:50.457328+00:00] quotable=154 would_place=31 would_cancel=0 equity=$500.00
[DRY-RUN] [2026-08-28T18:38:46.846396+00:00] quotable=154 would_place=31 would_cancel=0 equity=$500.00
[DRY-RUN] [2026-08-28T18:39:33.107821+00:00] quotable=154 would_place=31 would_cancel=0 equity=$500.00
[DRY-RUN] [2026-08-28T18:40:19.271995+00:00] quotable=154 would_place=31 would_cancel=0 equity=$500.00
[DRY-RUN] [2026-08-28T18:41:05.353270+00:00] quotable=154 would_place=31 would_cancel=0 equity=$500.00
[DRY-RUN] [2026-08-28T18:41:51.478984+00:00] quotable=154 would_place=31 would_cancel=0 equity=$500.00
[DRY-RUN] [2026-08-28T18:42:39.195271+00:00] quotable=154 would_place=31 would_cancel=0 equity=$500.00
[DRY-RUN] [2026-08-28T18:43:26.213878+00:00] quotable=154 would_place=31 would_cancel=0 equity=$500.00
[DRY-RUN] [2026-08-28T18:44:12.502697+00:00] quotable=154 would_place=31 would_cancel=0 equity=$500.00
[DRY-RUN] [2026-08-28T18:44:58.738355+00:00] quotable=154 would_place=31 would_cancel=0 equity=$500.00
[DRY-RUN] [2026-08-28T18:45:55.185523+00:00] quotable=154 would_place=31 would_cancel=0 equity=$500.00
[DRY-RUN] [2026-08-28T18:46:41.426335+00:00] quotable=154 would_place=31 would_cancel=0 equity=$500.00
[DRY-RUN] [2026-08-28T18:47:27.698624+00:00] quotable=154 would_place=31 would_cancel=0 equity=$500.00
[DRY-RUN] [2026-08-28T18:48:13.841325+00:00] quotable=154 would_place=31 would_cancel=0 equity=$500.00
[DRY-RUN] [2026-08-28T18:49:10.210805+00:00] quotable=154 would_place=31 would_cancel=0 equity=$500.00
[DRY-RUN] [2026-08-28T18:49:56.285315+00:00] quotable=154 would_place=31 would_cancel=0 equity=$500.00
[DRY-RUN] [2026-08-28T18:50:42.424502+00:00] quotable=154 would_place=31 would_cancel=0 equity=$500.00
[DRY-RUN] [2026-08-28T18:51:28.813328+00:00] quotable=154 would_place=31 would_cancel=0 equity=$500.00
[DRY-RUN] [2026-08-28T18:52:15.186604+00:00] quotable=154 would_place=31 would_cancel=0 equity=$500.00
[DRY-RUN] [2026-08-28T18:53:01.289563+00:00] quotable=154 would_place=31 would_cancel=0 equity=$500.00
universe refreshed: 143 quotable market(s)
[DRY-RUN] [2026-08-28T18:53:51.360989+00:00] quotable=143 would_place=31 would_cancel=0 equity=$500.00
[DRY-RUN] [2026-08-28T18:54:41.019034+00:00] quotable=143 would_place=31 would_cancel=0 equity=$500.00
[DRY-RUN] [2026-08-28T18:55:27.122711+00:00] quotable=143 would_place=31 would_cancel=0 equity=$500.00
[DRY-RUN] [2026-08-28T18:56:13.224230+00:00] quotable=143 would_place=31 would_cancel=0 equity=$500.00
[DRY-RUN] [2026-08-28T18:56:59.647935+00:00] quotable=143 would_place=31 would_cancel=0 equity=$500.00
[DRY-RUN] [2026-08-28T18:57:46.038028+00:00] quotable=143 would_place=31 would_cancel=0 equity=$500.00
[DRY-RUN] [2026-08-28T18:58:32.445218+00:00] quotable=143 would_place=31 would_cancel=0 equity=$500.00
[DRY-RUN] [2026-08-28T18:59:18.675225+00:00] quotable=143 would_place=31 would_cancel=0 equity=$500.00
[DRY-RUN] [2026-08-28T19:00:04.824469+00:00] quotable=143 would_place=31 would_cancel=0 equity=$500.00
[DRY-RUN] [2026-08-28T19:00:50.917527+00:00] quotable=143 would_place=31 would_cancel=0 equity=$500.00
[DRY-RUN] [2026-08-28T19:01:37.181717+00:00] quotable=143 would_place=31 would_cancel=0 equity=$500.00
[DRY-RUN] [2026-08-28T19:02:23.429434+00:00] quotable=143 would_place=31 would_cancel=0 equity=$500.00
[DRY-RUN] [2026-08-28T19:03:09.349373+00:00] quotable=143 would_place=31 would_cancel=0 equity=$500.00
[DRY-RUN] [2026-08-28T19:04:05.431868+00:00] quotable=143 would_place=31 would_cancel=0 equity=$500.00
[DRY-RUN] [2026-08-28T19:04:51.756753+00:00] quotable=143 would_place=31 would_cancel=0 equity=$500.00
[DRY-RUN] [2026-08-28T19:05:47.890338+00:00] quotable=143 would_place=31 would_cancel=0 equity=$500.00
[DRY-RUN] [2026-08-28T19:06:34.142620+00:00] quotable=143 would_place=31 would_cancel=0 equity=$500.00
[DRY-RUN] [2026-08-28T19:07:20.224580+00:00] quotable=143 would_place=31 would_cancel=0 equity=$500.00
[DRY-RUN] [2026-08-28T19:08:06.714029+00:00] quotable=143 would_place=31 would_cancel=0 equity=$500.00
[DRY-RUN] [2026-08-28T19:08:52.944881+00:00] quotable=143 would_place=31 would_cancel=0 equity=$500.00
[DRY-RUN] [2026-08-28T19:09:49.022622+00:00] quotable=143 would_place=31 would_cancel=0 equity=$500.00
[DRY-RUN] [2026-08-28T19:10:35.266265+00:00] quotable=143 would_place=31 would_cancel=0 equity=$500.00
[DRY-RUN] [2026-08-28T19:11:31.384404+00:00] quotable=143 would_place=31 would_cancel=0 equity=$500.00
[DRY-RUN] [2026-08-28T19:12:17.464387+00:00] quotable=143 would_place=32 would_cancel=0 equity=$500.00
[DRY-RUN] [2026-08-28T19:13:03.549655+00:00] quotable=143 would_place=32 would_cancel=0 equity=$500.00
[DRY-RUN] [2026-08-28T19:13:49.546818+00:00] quotable=143 would_place=32 would_cancel=0 equity=$500.00
[DRY-RUN] [2026-08-28T19:14:35.617954+00:00] quotable=143 would_place=32 would_cancel=0 equity=$500.00
[DRY-RUN] [2026-08-28T19:15:21.540723+00:00] quotable=143 would_place=32 would_cancel=0 equity=$500.00
[DRY-RUN] [2026-08-28T19:16:07.733637+00:00] quotable=143 would_place=32 would_cancel=0 equity=$500.00
[DRY-RUN] [2026-08-28T19:16:53.813659+00:00] quotable=143 would_place=32 would_cancel=0 equity=$500.00
[DRY-RUN] [2026-08-28T19:17:39.944463+00:00] quotable=143 would_place=32 would_cancel=0 equity=$500.00
[DRY-RUN] [2026-08-28T19:18:36.098093+00:00] quotable=143 would_place=32 would_cancel=0 equity=$500.00
[DRY-RUN] [2026-08-28T19:19:32.201220+00:00] quotable=143 would_place=32 would_cancel=0 equity=$500.00
[DRY-RUN] [2026-08-28T19:20:18.447823+00:00] quotable=143 would_place=32 would_cancel=0 equity=$500.00
[DRY-RUN] [2026-08-28T19:21:04.540078+00:00] quotable=143 would_place=32 would_cancel=0 equity=$500.00
[DRY-RUN] [2026-08-28T19:21:50.464036+00:00] quotable=143 would_place=32 would_cancel=0 equity=$500.00
[DRY-RUN] [2026-08-28T19:22:36.531069+00:00] quotable=143 would_place=32 would_cancel=0 equity=$500.00
[DRY-RUN] [2026-08-28T19:23:22.796712+00:00] quotable=143 would_place=32 would_cancel=0 equity=$500.00
universe refreshed: 144 quotable market(s)
[DRY-RUN] [2026-08-28T19:24:24.055676+00:00] quotable=144 would_place=36 would_cancel=0 equity=$500.00
[DRY-RUN] [2026-08-28T19:25:13.711438+00:00] quotable=144 would_place=36 would_cancel=0 equity=$500.00
[DRY-RUN] [2026-08-28T19:25:59.633481+00:00] quotable=144 would_place=36 would_cancel=0 equity=$500.00
[DRY-RUN] [2026-08-28T19:26:45.704725+00:00] quotable=144 would_place=36 would_cancel=0 equity=$500.00
[DRY-RUN] [2026-08-28T19:27:32.046553+00:00] quotable=144 would_place=36 would_cancel=0 equity=$500.00
[DRY-RUN] [2026-08-28T19:28:18.148290+00:00] quotable=144 would_place=36 would_cancel=0 equity=$500.00
[DRY-RUN] [2026-08-28T19:29:04.233325+00:00] quotable=144 would_place=36 would_cancel=0 equity=$500.00
[DRY-RUN] [2026-08-28T19:30:00.325255+00:00] quotable=144 would_place=36 would_cancel=0 equity=$500.00
[DRY-RUN] [2026-08-28T19:30:46.447368+00:00] quotable=144 would_place=36 would_cancel=0 equity=$500.00
[DRY-RUN] [2026-08-28T19:31:32.555712+00:00] quotable=144 would_place=36 would_cancel=0 equity=$500.00
[DRY-RUN] [2026-08-28T19:32:18.651823+00:00] quotable=144 would_place=36 would_cancel=0 equity=$500.00
[DRY-RUN] [2026-08-28T19:33:04.719199+00:00] quotable=144 would_place=36 would_cancel=0 equity=$500.00
[DRY-RUN] [2026-08-28T19:33:50.904703+00:00] quotable=144 would_place=36 would_cancel=0 equity=$500.00
[DRY-RUN] [2026-08-28T19:34:37.250840+00:00] quotable=144 would_place=36 would_cancel=0 equity=$500.00
[DRY-RUN] [2026-08-28T19:35:23.517857+00:00] quotable=144 would_place=36 would_cancel=0 equity=$500.00
[DRY-RUN] [2026-08-28T19:36:09.624831+00:00] quotable=144 would_place=36 would_cancel=0 equity=$500.00
[DRY-RUN] [2026-08-28T19:37:05.896306+00:00] quotable=144 would_place=36 would_cancel=0 equity=$500.00
[DRY-RUN] [2026-08-28T19:38:02.065228+00:00] quotable=144 would_place=36 would_cancel=0 equity=$500.00
[DRY-RUN] [2026-08-28T19:38:48.358839+00:00] quotable=144 would_place=36 would_cancel=0 equity=$500.00
[DRY-RUN] [2026-08-28T19:39:34.601538+00:00] quotable=144 would_place=36 would_cancel=0 equity=$500.00
[DRY-RUN] [2026-08-28T19:40:21.213331+00:00] quotable=144 would_place=36 would_cancel=0 equity=$500.00
[DRY-RUN] [2026-08-28T19:41:07.315370+00:00] quotable=144 would_place=36 would_cancel=0 equity=$500.00
[DRY-RUN] [2026-08-28T19:42:03.400653+00:00] quotable=144 would_place=36 would_cancel=0 equity=$500.00
[DRY-RUN] [2026-08-28T19:42:49.670072+00:00] quotable=144 would_place=36 would_cancel=0 equity=$500.00
[DRY-RUN] [2026-08-28T19:43:35.813580+00:00] quotable=144 would_place=36 would_cancel=0 equity=$500.00
[DRY-RUN] [2026-08-28T19:44:22.047212+00:00] quotable=144 would_place=36 would_cancel=0 equity=$500.00
[DRY-RUN] [2026-08-28T19:45:08.109322+00:00] quotable=144 would_place=36 would_cancel=0 equity=$500.00
[DRY-RUN] [2026-08-28T19:45:54.377805+00:00] quotable=144 would_place=36 would_cancel=0 equity=$500.00
[DRY-RUN] [2026-08-28T19:46:40.465441+00:00] quotable=144 would_place=36 would_cancel=0 equity=$500.00
[DRY-RUN] [2026-08-28T19:47:27.080243+00:00] quotable=144 would_place=36 would_cancel=0 equity=$500.00
[DRY-RUN] [2026-08-28T19:48:13.293349+00:00] quotable=144 would_place=36 would_cancel=0 equity=$500.00
[DRY-RUN] [2026-08-28T19:48:59.361130+00:00] quotable=144 would_place=36 would_cancel=0 equity=$500.00
[DRY-RUN] [2026-08-28T19:49:45.494430+00:00] quotable=144 would_place=36 would_cancel=0 equity=$500.00
[DRY-RUN] [2026-08-28T19:50:31.599745+00:00] quotable=144 would_place=36 would_cancel=0 equity=$500.00
[DRY-RUN] [2026-08-28T19:51:17.884940+00:00] quotable=144 would_place=36 would_cancel=0 equity=$500.00
[DRY-RUN] [2026-08-28T19:52:14.249375+00:00] quotable=144 would_place=36 would_cancel=0 equity=$500.00
[DRY-RUN] [2026-08-28T19:53:00.346878+00:00] quotable=144 would_place=36 would_cancel=0 equity=$500.00
[DRY-RUN] [2026-08-28T19:53:46.411564+00:00] quotable=144 would_place=36 would_cancel=0 equity=$500.00
universe refreshed: 143 quotable market(s)
[DRY-RUN] [2026-08-28T19:54:47.313748+00:00] quotable=143 would_place=35 would_cancel=0 equity=$500.00
[DRY-RUN] [2026-08-28T19:55:36.918351+00:00] quotable=143 would_place=35 would_cancel=0 equity=$500.00
[DRY-RUN] [2026-08-28T19:56:23.007030+00:00] quotable=143 would_place=35 would_cancel=0 equity=$500.00
[DRY-RUN] [2026-08-28T19:57:16.588683+00:00] quotable=143 would_place=35 would_cancel=0 equity=$500.00
[DRY-RUN] [2026-08-28T19:58:02.854278+00:00] quotable=143 would_place=35 would_cancel=0 equity=$500.00
[DRY-RUN] [2026-08-28T19:58:48.980902+00:00] quotable=143 would_place=35 would_cancel=0 equity=$500.00
[DRY-RUN] [2026-08-28T19:59:35.326292+00:00] quotable=143 would_place=35 would_cancel=0 equity=$500.00
[DRY-RUN] [2026-08-28T20:00:31.419595+00:00] quotable=143 would_place=35 would_cancel=0 equity=$500.00
[DRY-RUN] [2026-08-28T20:01:17.514336+00:00] quotable=143 would_place=35 would_cancel=0 equity=$500.00
[DRY-RUN] [2026-08-28T20:02:03.633881+00:00] quotable=143 would_place=35 would_cancel=0 equity=$500.00
[DRY-RUN] [2026-08-28T20:02:49.770012+00:00] quotable=143 would_place=35 would_cancel=0 equity=$500.00
[DRY-RUN] [2026-08-28T20:03:36.153588+00:00] quotable=143 would_place=35 would_cancel=0 equity=$500.00
[DRY-RUN] [2026-08-28T20:04:22.563171+00:00] quotable=143 would_place=35 would_cancel=0 equity=$500.00
[DRY-RUN] [2026-08-28T20:05:08.822838+00:00] quotable=143 would_place=35 would_cancel=0 equity=$500.00
[DRY-RUN] [2026-08-28T20:05:55.112663+00:00] quotable=143 would_place=35 would_cancel=0 equity=$500.00
[DRY-RUN] [2026-08-28T20:06:41.353967+00:00] quotable=143 would_place=35 would_cancel=0 equity=$500.00
[DRY-RUN] [2026-08-28T20:07:27.593495+00:00] quotable=143 would_place=35 would_cancel=0 equity=$500.00
[DRY-RUN] [2026-08-28T20:08:13.836310+00:00] quotable=143 would_place=35 would_cancel=0 equity=$500.00
[DRY-RUN] [2026-08-28T20:09:00.106154+00:00] quotable=143 would_place=35 would_cancel=0 equity=$500.00
[DRY-RUN] [2026-08-28T20:09:46.369876+00:00] quotable=143 would_place=35 would_cancel=0 equity=$500.00
[DRY-RUN] [2026-08-28T20:10:32.815455+00:00] quotable=143 would_place=35 would_cancel=0 equity=$500.00
[DRY-RUN] [2026-08-28T20:11:19.478025+00:00] quotable=143 would_place=35 would_cancel=0 equity=$500.00
[DRY-RUN] [2026-08-28T20:12:05.759353+00:00] quotable=143 would_place=35 would_cancel=0 equity=$500.00
[DRY-RUN] [2026-08-28T20:12:51.823103+00:00] quotable=143 would_place=35 would_cancel=0 equity=$500.00
[DRY-RUN] [2026-08-28T20:13:38.050665+00:00] quotable=143 would_place=35 would_cancel=0 equity=$500.00
[DRY-RUN] [2026-08-28T20:14:24.379001+00:00] quotable=143 would_place=35 would_cancel=0 equity=$500.00
[DRY-RUN] [2026-08-28T20:15:10.469862+00:00] quotable=143 would_place=35 would_cancel=0 equity=$500.00
[DRY-RUN] [2026-08-28T20:15:56.578493+00:00] quotable=143 would_place=35 would_cancel=0 equity=$500.00
[DRY-RUN] [2026-08-28T20:16:42.695609+00:00] quotable=143 would_place=35 would_cancel=0 equity=$500.00
[DRY-RUN] [2026-08-28T20:17:28.773659+00:00] quotable=143 would_place=35 would_cancel=0 equity=$500.00
[DRY-RUN] [2026-08-28T20:18:14.859611+00:00] quotable=143 would_place=35 would_cancel=0 equity=$500.00
[DRY-RUN] [2026-08-28T20:19:01.796300+00:00] quotable=143 would_place=35 would_cancel=0 equity=$500.00
[DRY-RUN] [2026-08-28T20:19:48.201368+00:00] quotable=143 would_place=35 would_cancel=0 equity=$500.00
[DRY-RUN] [2026-08-28T20:20:34.268580+00:00] quotable=143 would_place=35 would_cancel=0 equity=$500.00
[DRY-RUN] [2026-08-28T20:21:20.354140+00:00] quotable=143 would_place=35 would_cancel=0 equity=$500.00
[DRY-RUN] [2026-08-28T20:22:06.574963+00:00] quotable=143 would_place=35 would_cancel=0 equity=$500.00
[DRY-RUN] [2026-08-28T20:22:52.659296+00:00] quotable=143 would_place=35 would_cancel=0 equity=$500.00
[DRY-RUN] [2026-08-28T20:23:39.041134+00:00] quotable=143 would_place=35 would_cancel=0 equity=$500.00
[DRY-RUN] [2026-08-28T20:24:25.319952+00:00] quotable=143 would_place=35 would_cancel=0 equity=$500.00
universe refreshed: 148 quotable market(s)
[DRY-RUN] [2026-08-28T20:25:16.375812+00:00] quotable=148 would_place=34 would_cancel=0 equity=$500.00
[DRY-RUN] [2026-08-28T20:26:05.006212+00:00] quotable=148 would_place=34 would_cancel=0 equity=$500.00
[DRY-RUN] [2026-08-28T20:26:51.405250+00:00] quotable=148 would_place=34 would_cancel=0 equity=$500.00
[DRY-RUN] [2026-08-28T20:27:37.770827+00:00] quotable=148 would_place=34 would_cancel=0 equity=$500.00
[DRY-RUN] [2026-08-28T20:28:23.823236+00:00] quotable=148 would_place=34 would_cancel=0 equity=$500.00
[DRY-RUN] [2026-08-28T20:29:10.088297+00:00] quotable=148 would_place=34 would_cancel=0 equity=$500.00
[DRY-RUN] [2026-08-28T20:30:06.176620+00:00] quotable=148 would_place=34 would_cancel=0 equity=$500.00
[DRY-RUN] [2026-08-28T20:30:52.272823+00:00] quotable=148 would_place=34 would_cancel=0 equity=$500.00
[DRY-RUN] [2026-08-28T20:31:38.525999+00:00] quotable=148 would_place=34 would_cancel=0 equity=$500.00
[DRY-RUN] [2026-08-28T20:32:24.777830+00:00] quotable=148 would_place=34 would_cancel=0 equity=$500.00
[DRY-RUN] [2026-08-28T20:33:11.224973+00:00] quotable=148 would_place=34 would_cancel=0 equity=$500.00
[DRY-RUN] [2026-08-28T20:34:07.332024+00:00] quotable=148 would_place=34 would_cancel=0 equity=$500.00
[DRY-RUN] [2026-08-28T20:34:53.704195+00:00] quotable=148 would_place=34 would_cancel=0 equity=$500.00
[DRY-RUN] [2026-08-28T20:35:39.766579+00:00] quotable=148 would_place=34 would_cancel=0 equity=$500.00
[DRY-RUN] [2026-08-28T20:36:26.172813+00:00] quotable=148 would_place=34 would_cancel=0 equity=$500.00
[DRY-RUN] [2026-08-28T20:37:12.262946+00:00] quotable=148 would_place=34 would_cancel=0 equity=$500.00
[DRY-RUN] [2026-08-28T20:37:58.512898+00:00] quotable=148 would_place=34 would_cancel=0 equity=$500.00
[DRY-RUN] [2026-08-28T20:38:54.594823+00:00] quotable=148 would_place=34 would_cancel=0 equity=$500.00
[DRY-RUN] [2026-08-28T20:39:40.683594+00:00] quotable=148 would_place=34 would_cancel=0 equity=$500.00
[DRY-RUN] [2026-08-28T20:40:26.933591+00:00] quotable=148 would_place=34 would_cancel=0 equity=$500.00
[DRY-RUN] [2026-08-28T20:41:13.342942+00:00] quotable=148 would_place=34 would_cancel=0 equity=$500.00
[DRY-RUN] [2026-08-28T20:41:59.446894+00:00] quotable=148 would_place=34 would_cancel=0 equity=$500.00
[DRY-RUN] [2026-08-28T20:42:45.582867+00:00] quotable=148 would_place=34 would_cancel=0 equity=$500.00
[DRY-RUN] [2026-08-28T20:43:32.021693+00:00] quotable=148 would_place=34 would_cancel=0 equity=$500.00
[DRY-RUN] [2026-08-28T20:44:28.295900+00:00] quotable=148 would_place=34 would_cancel=0 equity=$500.00
[DRY-RUN] [2026-08-28T20:45:14.366136+00:00] quotable=148 would_place=34 would_cancel=0 equity=$500.00
[DRY-RUN] [2026-08-28T20:46:00.461308+00:00] quotable=148 would_place=34 would_cancel=0 equity=$500.00
[DRY-RUN] [2026-08-28T20:46:46.878946+00:00] quotable=148 would_place=34 would_cancel=0 equity=$500.00
[DRY-RUN] [2026-08-28T20:47:33.109766+00:00] quotable=148 would_place=34 would_cancel=0 equity=$500.00
[DRY-RUN] [2026-08-28T20:48:19.426818+00:00] quotable=148 would_place=34 would_cancel=0 equity=$500.00
[DRY-RUN] [2026-08-28T20:49:15.716518+00:00] quotable=148 would_place=34 would_cancel=0 equity=$500.00
[DRY-RUN] [2026-08-28T20:50:01.844367+00:00] quotable=148 would_place=34 would_cancel=0 equity=$500.00
[DRY-RUN] [2026-08-28T20:50:47.940616+00:00] quotable=148 would_place=34 would_cancel=0 equity=$500.00
[DRY-RUN] [2026-08-28T20:51:34.017748+00:00] quotable=148 would_place=34 would_cancel=0 equity=$500.00
[DRY-RUN] [2026-08-28T20:52:19.933679+00:00] quotable=148 would_place=34 would_cancel=0 equity=$500.00
[DRY-RUN] [2026-08-28T20:53:06.001823+00:00] quotable=148 would_place=34 would_cancel=0 equity=$500.00
[DRY-RUN] [2026-08-28T20:53:52.087680+00:00] quotable=148 would_place=34 would_cancel=0 equity=$500.00
[DRY-RUN] [2026-08-28T20:54:38.224891+00:00] quotable=148 would_place=34 would_cancel=0 equity=$500.00
universe refreshed: 160 quotable market(s)
[DRY-RUN] [2026-08-28T20:55:28.914817+00:00] quotable=160 would_place=35 would_cancel=0 equity=$500.00
[DRY-RUN] [2026-08-28T20:56:18.381515+00:00] quotable=160 would_place=35 would_cancel=0 equity=$500.00
[DRY-RUN] [2026-08-28T20:57:14.473710+00:00] quotable=160 would_place=36 would_cancel=0 equity=$500.00
[DRY-RUN] [2026-08-28T20:58:00.559324+00:00] quotable=160 would_place=35 would_cancel=0 equity=$500.00
[DRY-RUN] [2026-08-28T20:58:46.671296+00:00] quotable=160 would_place=34 would_cancel=0 equity=$500.00
[DRY-RUN] [2026-08-28T20:59:33.028747+00:00] quotable=160 would_place=35 would_cancel=0 equity=$500.00
[DRY-RUN] [2026-08-28T21:00:19.112972+00:00] quotable=160 would_place=35 would_cancel=0 equity=$500.00
[DRY-RUN] [2026-08-28T21:01:05.272951+00:00] quotable=160 would_place=35 would_cancel=0 equity=$500.00
[DRY-RUN] [2026-08-28T21:01:51.351360+00:00] quotable=160 would_place=36 would_cancel=0 equity=$500.00
[DRY-RUN] [2026-08-28T21:02:37.431125+00:00] quotable=160 would_place=36 would_cancel=0 equity=$500.00
[DRY-RUN] [2026-08-28T21:03:23.493762+00:00] quotable=160 would_place=36 would_cancel=0 equity=$500.00
[DRY-RUN] [2026-08-28T21:04:09.739947+00:00] quotable=160 would_place=36 would_cancel=0 equity=$500.00
[DRY-RUN] [2026-08-28T21:04:55.803509+00:00] quotable=160 would_place=36 would_cancel=0 equity=$500.00
[DRY-RUN] [2026-08-28T21:05:42.029803+00:00] quotable=160 would_place=36 would_cancel=0 equity=$500.00
[DRY-RUN] [2026-08-28T21:06:28.290420+00:00] quotable=160 would_place=36 would_cancel=0 equity=$500.00
[DRY-RUN] [2026-08-28T21:07:14.390727+00:00] quotable=160 would_place=36 would_cancel=0 equity=$500.00
[DRY-RUN] [2026-08-28T21:08:00.519257+00:00] quotable=160 would_place=36 would_cancel=0 equity=$500.00
[DRY-RUN] [2026-08-28T21:08:46.941476+00:00] quotable=160 would_place=36 would_cancel=0 equity=$500.00
[DRY-RUN] [2026-08-28T21:09:33.024821+00:00] quotable=160 would_place=36 would_cancel=0 equity=$500.00
[DRY-RUN] [2026-08-28T21:10:19.088645+00:00] quotable=160 would_place=35 would_cancel=0 equity=$500.00
[DRY-RUN] [2026-08-28T21:11:15.312971+00:00] quotable=160 would_place=35 would_cancel=0 equity=$500.00
[DRY-RUN] [2026-08-28T21:12:01.382065+00:00] quotable=160 would_place=35 would_cancel=0 equity=$500.00
[DRY-RUN] [2026-08-28T21:12:57.653525+00:00] quotable=160 would_place=36 would_cancel=0 equity=$500.00
[DRY-RUN] [2026-08-28T21:13:44.079182+00:00] quotable=160 would_place=35 would_cancel=0 equity=$500.00
[DRY-RUN] [2026-08-28T21:14:30.344735+00:00] quotable=160 would_place=35 would_cancel=0 equity=$500.00
[DRY-RUN] [2026-08-28T21:15:16.407221+00:00] quotable=160 would_place=35 would_cancel=0 equity=$500.00
[DRY-RUN] [2026-08-28T21:16:02.522599+00:00] quotable=160 would_place=35 would_cancel=0 equity=$500.00
[DRY-RUN] [2026-08-28T21:16:48.699810+00:00] quotable=160 would_place=35 would_cancel=0 equity=$500.00
[DRY-RUN] [2026-08-28T21:17:42.603911+00:00] quotable=160 would_place=35 would_cancel=0 equity=$500.00
[DRY-RUN] [2026-08-28T21:18:38.704376+00:00] quotable=160 would_place=35 would_cancel=0 equity=$500.00
[DRY-RUN] [2026-08-28T21:19:34.957711+00:00] quotable=160 would_place=36 would_cancel=0 equity=$500.00
[DRY-RUN] [2026-08-28T21:20:21.054037+00:00] quotable=160 would_place=36 would_cancel=0 equity=$500.00
[DRY-RUN] [2026-08-28T21:21:17.139948+00:00] quotable=160 would_place=36 would_cancel=0 equity=$500.00
[DRY-RUN] [2026-08-28T21:22:03.216949+00:00] quotable=160 would_place=36 would_cancel=0 equity=$500.00
[DRY-RUN] [2026-08-28T21:22:49.275732+00:00] quotable=160 would_place=36 would_cancel=0 equity=$500.00
[DRY-RUN] [2026-08-28T21:23:35.529383+00:00] quotable=160 would_place=36 would_cancel=0 equity=$500.00
[DRY-RUN] [2026-08-28T21:24:21.714743+00:00] quotable=160 would_place=36 would_cancel=0 equity=$500.00
[DRY-RUN] [2026-08-28T21:25:15.104582+00:00] quotable=160 would_place=36 would_cancel=0 equity=$500.00
universe refreshed: 170 quotable market(s)
[DRY-RUN] [2026-08-28T21:26:06.712979+00:00] quotable=170 would_place=37 would_cancel=0 equity=$500.00
[DRY-RUN] [2026-08-28T21:26:56.779099+00:00] quotable=170 would_place=37 would_cancel=0 equity=$500.00
[DRY-RUN] [2026-08-28T21:27:43.029839+00:00] quotable=170 would_place=37 would_cancel=0 equity=$500.00
[DRY-RUN] [2026-08-28T21:28:39.326639+00:00] quotable=170 would_place=37 would_cancel=0 equity=$500.00
[DRY-RUN] [2026-08-28T21:29:25.387746+00:00] quotable=170 would_place=37 would_cancel=0 equity=$500.00
[DRY-RUN] [2026-08-28T21:30:11.657444+00:00] quotable=170 would_place=37 would_cancel=0 equity=$500.00
[DRY-RUN] [2026-08-28T21:30:57.743814+00:00] quotable=170 would_place=37 would_cancel=0 equity=$500.00
[DRY-RUN] [2026-08-28T21:31:43.835397+00:00] quotable=170 would_place=37 would_cancel=0 equity=$500.00
[DRY-RUN] [2026-08-28T21:32:29.929972+00:00] quotable=170 would_place=37 would_cancel=0 equity=$500.00
[DRY-RUN] [2026-08-28T21:33:16.161263+00:00] quotable=170 would_place=37 would_cancel=0 equity=$500.00
[DRY-RUN] [2026-08-28T21:34:02.242748+00:00] quotable=170 would_place=37 would_cancel=0 equity=$500.00
[DRY-RUN] [2026-08-28T21:34:48.541053+00:00] quotable=170 would_place=37 would_cancel=0 equity=$500.00
[DRY-RUN] [2026-08-28T21:35:34.876011+00:00] quotable=170 would_place=37 would_cancel=0 equity=$500.00
[DRY-RUN] [2026-08-28T21:36:21.054640+00:00] quotable=170 would_place=37 would_cancel=0 equity=$500.00
[DRY-RUN] [2026-08-28T21:37:07.128648+00:00] quotable=170 would_place=37 would_cancel=0 equity=$500.00
[DRY-RUN] [2026-08-28T21:37:53.236198+00:00] quotable=170 would_place=36 would_cancel=0 equity=$500.00
[DRY-RUN] [2026-08-28T21:38:39.313656+00:00] quotable=170 would_place=36 would_cancel=0 equity=$500.00
[DRY-RUN] [2026-08-28T21:39:25.404197+00:00] quotable=170 would_place=36 would_cancel=0 equity=$500.00
[DRY-RUN] [2026-08-28T21:40:11.493097+00:00] quotable=170 would_place=36 would_cancel=0 equity=$500.00
[DRY-RUN] [2026-08-28T21:40:57.762729+00:00] quotable=170 would_place=36 would_cancel=0 equity=$500.00
[DRY-RUN] [2026-08-28T21:41:43.920130+00:00] quotable=170 would_place=36 would_cancel=0 equity=$500.00
[DRY-RUN] [2026-08-28T21:42:30.177858+00:00] quotable=170 would_place=36 would_cancel=0 equity=$500.00
[DRY-RUN] [2026-08-28T21:43:16.447556+00:00] quotable=170 would_place=37 would_cancel=0 equity=$500.00
[DRY-RUN] [2026-08-28T21:44:02.681235+00:00] quotable=170 would_place=37 would_cancel=0 equity=$500.00
[DRY-RUN] [2026-08-28T21:44:48.780665+00:00] quotable=170 would_place=37 would_cancel=0 equity=$500.00
[DRY-RUN] [2026-08-28T21:45:34.942400+00:00] quotable=170 would_place=36 would_cancel=0 equity=$500.00
[DRY-RUN] [2026-08-28T21:46:21.032604+00:00] quotable=170 would_place=36 would_cancel=0 equity=$500.00
[DRY-RUN] [2026-08-28T21:47:07.101263+00:00] quotable=170 would_place=36 would_cancel=0 equity=$500.00
[DRY-RUN] [2026-08-28T21:47:53.452345+00:00] quotable=170 would_place=37 would_cancel=0 equity=$500.00
[DRY-RUN] [2026-08-28T21:48:39.768106+00:00] quotable=170 would_place=36 would_cancel=0 equity=$500.00
[DRY-RUN] [2026-08-28T21:49:35.902017+00:00] quotable=170 would_place=36 would_cancel=0 equity=$500.00
[DRY-RUN] [2026-08-28T21:50:21.982576+00:00] quotable=170 would_place=36 would_cancel=0 equity=$500.00
[DRY-RUN] [2026-08-28T21:51:08.050099+00:00] quotable=170 would_place=36 would_cancel=0 equity=$500.00
[DRY-RUN] [2026-08-28T21:51:54.307447+00:00] quotable=170 would_place=37 would_cancel=0 equity=$500.00
[DRY-RUN] [2026-08-28T21:52:40.555551+00:00] quotable=170 would_place=36 would_cancel=0 equity=$500.00
[DRY-RUN] [2026-08-28T21:53:27.117679+00:00] quotable=170 would_place=36 would_cancel=0 equity=$500.00
[DRY-RUN] [2026-08-28T21:54:13.214879+00:00] quotable=170 would_place=36 would_cancel=0 equity=$500.00
[DRY-RUN] [2026-08-28T21:54:59.299977+00:00] quotable=170 would_place=36 would_cancel=0 equity=$500.00
[DRY-RUN] [2026-08-28T21:55:45.376232+00:00] quotable=170 would_place=36 would_cancel=0 equity=$500.00
universe refreshed: 185 quotable market(s)
[DRY-RUN] [2026-08-28T21:56:37.586284+00:00] quotable=185 would_place=35 would_cancel=0 equity=$500.00
[DRY-RUN] [2026-08-28T21:57:27.586468+00:00] quotable=185 would_place=35 would_cancel=0 equity=$500.00
[DRY-RUN] [2026-08-28T21:58:13.832545+00:00] quotable=185 would_place=35 would_cancel=0 equity=$500.00
[DRY-RUN] [2026-08-28T21:59:00.066376+00:00] quotable=185 would_place=35 would_cancel=0 equity=$500.00
[DRY-RUN] [2026-08-28T21:59:46.182496+00:00] quotable=185 would_place=35 would_cancel=0 equity=$500.00
[DRY-RUN] [2026-08-28T22:00:32.257774+00:00] quotable=185 would_place=35 would_cancel=0 equity=$500.00
[DRY-RUN] [2026-08-28T22:01:18.477346+00:00] quotable=185 would_place=35 would_cancel=0 equity=$500.00
[DRY-RUN] [2026-08-28T22:02:05.656993+00:00] quotable=185 would_place=35 would_cancel=0 equity=$500.00
[DRY-RUN] [2026-08-28T22:02:52.133759+00:00] quotable=185 would_place=35 would_cancel=0 equity=$500.00
[DRY-RUN] [2026-08-28T22:03:38.440420+00:00] quotable=185 would_place=35 would_cancel=0 equity=$500.00
[DRY-RUN] [2026-08-28T22:04:34.519832+00:00] quotable=185 would_place=35 would_cancel=0 equity=$500.00
[DRY-RUN] [2026-08-28T22:05:20.610827+00:00] quotable=185 would_place=35 would_cancel=0 equity=$500.00
[DRY-RUN] [2026-08-28T22:06:06.679443+00:00] quotable=185 would_place=35 would_cancel=0 equity=$500.00
[DRY-RUN] [2026-08-28T22:06:53.061608+00:00] quotable=185 would_place=35 would_cancel=0 equity=$500.00
[DRY-RUN] [2026-08-28T22:07:49.153554+00:00] quotable=185 would_place=35 would_cancel=0 equity=$500.00
[DRY-RUN] [2026-08-28T22:08:35.274238+00:00] quotable=185 would_place=35 would_cancel=0 equity=$500.00
[DRY-RUN] [2026-08-28T22:09:21.354904+00:00] quotable=185 would_place=35 would_cancel=0 equity=$500.00
[DRY-RUN] [2026-08-28T22:10:07.621841+00:00] quotable=185 would_place=35 would_cancel=0 equity=$500.00
[DRY-RUN] [2026-08-28T22:10:53.709375+00:00] quotable=185 would_place=35 would_cancel=0 equity=$500.00
[DRY-RUN] [2026-08-28T22:11:39.785416+00:00] quotable=185 would_place=35 would_cancel=0 equity=$500.00
[DRY-RUN] [2026-08-28T22:12:25.859376+00:00] quotable=185 would_place=35 would_cancel=0 equity=$500.00
[DRY-RUN] [2026-08-28T22:13:11.937356+00:00] quotable=185 would_place=35 would_cancel=0 equity=$500.00
[DRY-RUN] [2026-08-28T22:13:58.007379+00:00] quotable=185 would_place=35 would_cancel=0 equity=$500.00
[DRY-RUN] [2026-08-28T22:14:44.078356+00:00] quotable=185 would_place=35 would_cancel=0 equity=$500.00
[DRY-RUN] [2026-08-28T22:15:30.195737+00:00] quotable=185 would_place=35 would_cancel=0 equity=$500.00
[DRY-RUN] [2026-08-28T22:16:17.508533+00:00] quotable=185 would_place=35 would_cancel=0 equity=$500.00
[DRY-RUN] [2026-08-28T22:17:03.609750+00:00] quotable=185 would_place=35 would_cancel=0 equity=$500.00
[DRY-RUN] [2026-08-28T22:17:49.669630+00:00] quotable=185 would_place=35 would_cancel=0 equity=$500.00
[DRY-RUN] [2026-08-28T22:18:35.741320+00:00] quotable=185 would_place=35 would_cancel=0 equity=$500.00
[DRY-RUN] [2026-08-28T22:19:31.812281+00:00] quotable=185 would_place=35 would_cancel=0 equity=$500.00
[DRY-RUN] [2026-08-28T22:20:17.878877+00:00] quotable=185 would_place=35 would_cancel=0 equity=$500.00
[DRY-RUN] [2026-08-28T22:21:03.939165+00:00] quotable=185 would_place=35 would_cancel=0 equity=$500.00
[DRY-RUN] [2026-08-28T22:21:50.177304+00:00] quotable=185 would_place=35 would_cancel=0 equity=$500.00
[DRY-RUN] [2026-08-28T22:22:36.246139+00:00] quotable=185 would_place=35 would_cancel=0 equity=$500.00
[DRY-RUN] [2026-08-28T22:23:32.347425+00:00] quotable=185 would_place=35 would_cancel=0 equity=$500.00
[DRY-RUN] [2026-08-28T22:24:18.459310+00:00] quotable=185 would_place=35 would_cancel=0 equity=$500.00
[DRY-RUN] [2026-08-28T22:25:04.398465+00:00] quotable=185 would_place=35 would_cancel=0 equity=$500.00
[DRY-RUN] [2026-08-28T22:25:50.484967+00:00] quotable=185 would_place=35 would_cancel=0 equity=$500.00
[DRY-RUN] [2026-08-28T22:26:36.553804+00:00] quotable=185 would_place=35 would_cancel=0 equity=$500.00
universe refreshed: 178 quotable market(s)
[DRY-RUN] [2026-08-28T22:27:26.930962+00:00] quotable=178 would_place=33 would_cancel=0 equity=$500.00
[DRY-RUN] [2026-08-28T22:28:16.855754+00:00] quotable=178 would_place=33 would_cancel=0 equity=$500.00
[DRY-RUN] [2026-08-28T22:29:02.956696+00:00] quotable=178 would_place=33 would_cancel=0 equity=$500.00
[DRY-RUN] [2026-08-28T22:29:49.022476+00:00] quotable=178 would_place=33 would_cancel=0 equity=$500.00
[DRY-RUN] [2026-08-28T22:30:34.933330+00:00] quotable=178 would_place=33 would_cancel=0 equity=$500.00
[DRY-RUN] [2026-08-28T22:31:21.018067+00:00] quotable=178 would_place=33 would_cancel=0 equity=$500.00
[DRY-RUN] [2026-08-28T22:32:07.092289+00:00] quotable=178 would_place=33 would_cancel=0 equity=$500.00
[DRY-RUN] [2026-08-28T22:32:53.197158+00:00] quotable=178 would_place=33 would_cancel=0 equity=$500.00
[DRY-RUN] [2026-08-28T22:33:39.442224+00:00] quotable=178 would_place=33 would_cancel=0 equity=$500.00
[DRY-RUN] [2026-08-28T22:34:25.527752+00:00] quotable=178 would_place=33 would_cancel=0 equity=$500.00
[DRY-RUN] [2026-08-28T22:35:11.600357+00:00] quotable=178 would_place=33 would_cancel=0 equity=$500.00
[DRY-RUN] [2026-08-28T22:35:57.701958+00:00] quotable=178 would_place=33 would_cancel=0 equity=$500.00
[DRY-RUN] [2026-08-28T22:36:43.808484+00:00] quotable=178 would_place=33 would_cancel=0 equity=$500.00
[DRY-RUN] [2026-08-28T22:37:29.748208+00:00] quotable=178 would_place=33 would_cancel=0 equity=$500.00
[DRY-RUN] [2026-08-28T22:38:16.007273+00:00] quotable=178 would_place=33 would_cancel=0 equity=$500.00
[DRY-RUN] [2026-08-28T22:39:02.084619+00:00] quotable=178 would_place=33 would_cancel=0 equity=$500.00
[DRY-RUN] [2026-08-28T22:39:48.156530+00:00] quotable=178 would_place=33 would_cancel=0 equity=$500.00
[DRY-RUN] [2026-08-28T22:40:34.321366+00:00] quotable=178 would_place=33 would_cancel=0 equity=$500.00
[DRY-RUN] [2026-08-28T22:41:20.608762+00:00] quotable=178 would_place=33 would_cancel=0 equity=$500.00
[DRY-RUN] [2026-08-28T22:42:16.706015+00:00] quotable=178 would_place=33 would_cancel=0 equity=$500.00
[DRY-RUN] [2026-08-28T22:43:02.790562+00:00] quotable=178 would_place=33 would_cancel=0 equity=$500.00
[DRY-RUN] [2026-08-28T22:43:48.866101+00:00] quotable=178 would_place=33 would_cancel=0 equity=$500.00
[DRY-RUN] [2026-08-28T22:44:34.966575+00:00] quotable=178 would_place=33 would_cancel=0 equity=$500.00
[DRY-RUN] [2026-08-28T22:45:21.053869+00:00] quotable=178 would_place=33 would_cancel=0 equity=$500.00
[DRY-RUN] [2026-08-28T22:46:07.164582+00:00] quotable=178 would_place=33 would_cancel=0 equity=$500.00
[DRY-RUN] [2026-08-28T22:47:03.242052+00:00] quotable=178 would_place=33 would_cancel=0 equity=$500.00
[DRY-RUN] [2026-08-28T22:47:49.491904+00:00] quotable=178 would_place=33 would_cancel=0 equity=$500.00
[DRY-RUN] [2026-08-28T22:48:35.584953+00:00] quotable=178 would_place=33 would_cancel=0 equity=$500.00
[DRY-RUN] [2026-08-28T22:49:31.660137+00:00] quotable=178 would_place=33 would_cancel=0 equity=$500.00
[DRY-RUN] [2026-08-28T22:50:17.926413+00:00] quotable=178 would_place=33 would_cancel=0 equity=$500.00
[DRY-RUN] [2026-08-28T22:51:04.027298+00:00] quotable=178 would_place=33 would_cancel=0 equity=$500.00
[DRY-RUN] [2026-08-28T22:51:49.944233+00:00] quotable=178 would_place=33 would_cancel=0 equity=$500.00
[DRY-RUN] [2026-08-28T22:52:36.025974+00:00] quotable=178 would_place=33 would_cancel=0 equity=$500.00
[DRY-RUN] [2026-08-28T22:53:22.185999+00:00] quotable=178 would_place=33 would_cancel=0 equity=$500.00
[DRY-RUN] [2026-08-28T22:54:08.501554+00:00] quotable=178 would_place=33 would_cancel=0 equity=$500.00
[DRY-RUN] [2026-08-28T22:54:54.570220+00:00] quotable=178 would_place=33 would_cancel=0 equity=$500.00
[DRY-RUN] [2026-08-28T22:55:40.666758+00:00] quotable=178 would_place=33 would_cancel=0 equity=$500.00
[DRY-RUN] [2026-08-28T22:56:26.745816+00:00] quotable=178 would_place=33 would_cancel=0 equity=$500.00
[DRY-RUN] [2026-08-28T22:57:12.992539+00:00] quotable=178 would_place=33 would_cancel=0 equity=$500.00
universe refreshed: 197 quotable market(s)
[DRY-RUN] [2026-08-28T22:58:04.472277+00:00] quotable=197 would_place=38 would_cancel=0 equity=$500.00
[DRY-RUN] [2026-08-28T22:58:54.353389+00:00] quotable=197 would_place=38 would_cancel=0 equity=$500.00
[DRY-RUN] [2026-08-28T22:59:40.758371+00:00] quotable=197 would_place=38 would_cancel=0 equity=$500.00
[DRY-RUN] [2026-08-28T23:00:26.949003+00:00] quotable=197 would_place=38 would_cancel=0 equity=$500.00
[DRY-RUN] [2026-08-28T23:01:13.040834+00:00] quotable=197 would_place=38 would_cancel=0 equity=$500.00
[DRY-RUN] [2026-08-28T23:01:59.280118+00:00] quotable=197 would_place=38 would_cancel=0 equity=$500.00
[DRY-RUN] [2026-08-28T23:02:45.338512+00:00] quotable=197 would_place=38 would_cancel=0 equity=$500.00
[DRY-RUN] [2026-08-28T23:03:31.553403+00:00] quotable=197 would_place=38 would_cancel=0 equity=$500.00
[DRY-RUN] [2026-08-28T23:04:17.788268+00:00] quotable=197 would_place=38 would_cancel=0 equity=$500.00
[DRY-RUN] [2026-08-28T23:05:03.877209+00:00] quotable=197 would_place=38 would_cancel=0 equity=$500.00
[DRY-RUN] [2026-08-28T23:05:50.121749+00:00] quotable=197 would_place=38 would_cancel=0 equity=$500.00
[DRY-RUN] [2026-08-28T23:06:46.200576+00:00] quotable=197 would_place=38 would_cancel=0 equity=$500.00
[DRY-RUN] [2026-08-28T23:07:32.307842+00:00] quotable=197 would_place=38 would_cancel=0 equity=$500.00
[DRY-RUN] [2026-08-28T23:08:18.429443+00:00] quotable=197 would_place=38 would_cancel=0 equity=$500.00
[DRY-RUN] [2026-08-28T23:09:04.514371+00:00] quotable=197 would_place=38 would_cancel=0 equity=$500.00
[DRY-RUN] [2026-08-28T23:09:50.721603+00:00] quotable=197 would_place=38 would_cancel=0 equity=$500.00
[DRY-RUN] [2026-08-28T23:10:36.784524+00:00] quotable=197 would_place=38 would_cancel=0 equity=$500.00
[DRY-RUN] [2026-08-28T23:11:32.881247+00:00] quotable=197 would_place=38 would_cancel=0 equity=$500.00
[DRY-RUN] [2026-08-28T23:12:19.094812+00:00] quotable=197 would_place=38 would_cancel=0 equity=$500.00
[DRY-RUN] [2026-08-28T23:13:05.199234+00:00] quotable=197 would_place=38 would_cancel=0 equity=$500.00
[DRY-RUN] [2026-08-28T23:13:51.265749+00:00] quotable=197 would_place=38 would_cancel=0 equity=$500.00
[DRY-RUN] [2026-08-28T23:14:47.390838+00:00] quotable=197 would_place=38 would_cancel=0 equity=$500.00
[DRY-RUN] [2026-08-28T23:15:33.657840+00:00] quotable=197 would_place=38 would_cancel=0 equity=$500.00
[DRY-RUN] [2026-08-28T23:16:19.764689+00:00] quotable=197 would_place=38 would_cancel=0 equity=$500.00
[DRY-RUN] [2026-08-28T23:17:06.160048+00:00] quotable=197 would_place=38 would_cancel=0 equity=$500.00
[DRY-RUN] [2026-08-28T23:17:52.230021+00:00] quotable=197 would_place=38 would_cancel=0 equity=$500.00
[DRY-RUN] [2026-08-28T23:18:38.438251+00:00] quotable=197 would_place=38 would_cancel=0 equity=$500.00
[DRY-RUN] [2026-08-28T23:19:24.522068+00:00] quotable=197 would_place=38 would_cancel=0 equity=$500.00
[DRY-RUN] [2026-08-28T23:20:10.748852+00:00] quotable=197 would_place=38 would_cancel=0 equity=$500.00
[DRY-RUN] [2026-08-28T23:20:56.827584+00:00] quotable=197 would_place=38 would_cancel=0 equity=$500.00
[DRY-RUN] [2026-08-28T23:21:42.904469+00:00] quotable=197 would_place=38 would_cancel=0 equity=$500.00
[DRY-RUN] [2026-08-28T23:22:28.985263+00:00] quotable=197 would_place=38 would_cancel=0 equity=$500.00
[DRY-RUN] [2026-08-28T23:23:15.070332+00:00] quotable=197 would_place=38 would_cancel=0 equity=$500.00
[DRY-RUN] [2026-08-28T23:24:01.200978+00:00] quotable=197 would_place=38 would_cancel=0 equity=$500.00
[DRY-RUN] [2026-08-28T23:24:47.306105+00:00] quotable=197 would_place=38 would_cancel=0 equity=$500.00
[DRY-RUN] [2026-08-28T23:25:33.381461+00:00] quotable=197 would_place=38 would_cancel=0 equity=$500.00
[DRY-RUN] [2026-08-28T23:26:19.289453+00:00] quotable=197 would_place=38 would_cancel=0 equity=$500.00
[DRY-RUN] [2026-08-28T23:27:05.377353+00:00] quotable=197 would_place=38 would_cancel=0 equity=$500.00
[DRY-RUN] [2026-08-28T23:27:51.441831+00:00] quotable=197 would_place=38 would_cancel=0 equity=$500.00
universe refreshed: 197 quotable market(s)
[DRY-RUN] [2026-08-28T23:28:42.979206+00:00] quotable=197 would_place=40 would_cancel=0 equity=$500.00
[DRY-RUN] [2026-08-28T23:29:33.157837+00:00] quotable=197 would_place=40 would_cancel=0 equity=$500.00
[DRY-RUN] [2026-08-28T23:30:19.418671+00:00] quotable=197 would_place=40 would_cancel=0 equity=$500.00
[DRY-RUN] [2026-08-28T23:31:05.521610+00:00] quotable=197 would_place=40 would_cancel=0 equity=$500.00
[DRY-RUN] [2026-08-28T23:32:01.730922+00:00] quotable=197 would_place=40 would_cancel=0 equity=$500.00
[DRY-RUN] [2026-08-28T23:32:47.792014+00:00] quotable=197 would_place=40 would_cancel=0 equity=$500.00
[DRY-RUN] [2026-08-28T23:33:34.000566+00:00] quotable=197 would_place=40 would_cancel=0 equity=$500.00
[DRY-RUN] [2026-08-28T23:34:20.060532+00:00] quotable=197 would_place=40 would_cancel=0 equity=$500.00
[DRY-RUN] [2026-08-28T23:35:06.198622+00:00] quotable=197 would_place=40 would_cancel=0 equity=$500.00
[DRY-RUN] [2026-08-28T23:35:52.423873+00:00] quotable=197 would_place=40 would_cancel=0 equity=$500.00
[DRY-RUN] [2026-08-28T23:36:38.489217+00:00] quotable=197 would_place=40 would_cancel=0 equity=$500.00
[DRY-RUN] [2026-08-28T23:37:24.550510+00:00] quotable=197 would_place=40 would_cancel=0 equity=$500.00
[DRY-RUN] [2026-08-28T23:38:20.630023+00:00] quotable=197 would_place=40 would_cancel=0 equity=$500.00
[DRY-RUN] [2026-08-28T23:39:06.857071+00:00] quotable=197 would_place=40 would_cancel=0 equity=$500.00
[DRY-RUN] [2026-08-28T23:39:53.281522+00:00] quotable=197 would_place=40 would_cancel=0 equity=$500.00
[DRY-RUN] [2026-08-28T23:40:39.545147+00:00] quotable=197 would_place=40 would_cancel=0 equity=$500.00
[DRY-RUN] [2026-08-28T23:41:25.625375+00:00] quotable=197 would_place=40 would_cancel=0 equity=$500.00
[DRY-RUN] [2026-08-28T23:42:11.715535+00:00] quotable=197 would_place=40 would_cancel=0 equity=$500.00
[DRY-RUN] [2026-08-28T23:42:57.776013+00:00] quotable=197 would_place=40 would_cancel=0 equity=$500.00
[DRY-RUN] [2026-08-28T23:43:44.003746+00:00] quotable=197 would_place=40 would_cancel=0 equity=$500.00
[DRY-RUN] [2026-08-28T23:44:30.216871+00:00] quotable=197 would_place=40 would_cancel=0 equity=$500.00
[DRY-RUN] [2026-08-28T23:45:16.279727+00:00] quotable=197 would_place=40 would_cancel=0 equity=$500.00
[DRY-RUN] [2026-08-28T23:46:12.870884+00:00] quotable=197 would_place=40 would_cancel=0 equity=$500.00
[DRY-RUN] [2026-08-28T23:46:58.978776+00:00] quotable=197 would_place=40 would_cancel=0 equity=$500.00
[DRY-RUN] [2026-08-28T23:47:45.065680+00:00] quotable=197 would_place=40 would_cancel=0 equity=$500.00
[DRY-RUN] [2026-08-28T23:48:31.131205+00:00] quotable=197 would_place=40 would_cancel=0 equity=$500.00
[DRY-RUN] [2026-08-28T23:49:17.196386+00:00] quotable=197 would_place=40 would_cancel=0 equity=$500.00
[DRY-RUN] [2026-08-28T23:50:03.304075+00:00] quotable=197 would_place=40 would_cancel=0 equity=$500.00
[DRY-RUN] [2026-08-28T23:50:49.371293+00:00] quotable=197 would_place=40 would_cancel=0 equity=$500.00
[DRY-RUN] [2026-08-28T23:51:35.596478+00:00] quotable=197 would_place=40 would_cancel=0 equity=$500.00
[DRY-RUN] [2026-08-28T23:52:21.659407+00:00] quotable=197 would_place=40 would_cancel=0 equity=$500.00
[DRY-RUN] [2026-08-28T23:53:07.728807+00:00] quotable=197 would_place=40 would_cancel=0 equity=$500.00
[DRY-RUN] [2026-08-28T23:53:53.823654+00:00] quotable=197 would_place=40 would_cancel=0 equity=$500.00
[DRY-RUN] [2026-08-28T23:54:39.900838+00:00] quotable=197 would_place=40 would_cancel=0 equity=$500.00
[DRY-RUN] [2026-08-28T23:55:26.142860+00:00] quotable=197 would_place=40 would_cancel=0 equity=$500.00
[DRY-RUN] [2026-08-28T23:56:12.357505+00:00] quotable=197 would_place=40 would_cancel=0 equity=$500.00
[DRY-RUN] [2026-08-28T23:56:58.406664+00:00] quotable=197 would_place=40 would_cancel=0 equity=$500.00
[DRY-RUN] [2026-08-28T23:57:44.457381+00:00] quotable=197 would_place=40 would_cancel=0 equity=$500.00
[DRY-RUN] [2026-08-28T23:58:30.546103+00:00] quotable=197 would_place=40 would_cancel=0 equity=$500.00
universe refreshed: 193 quotable market(s)
[DRY-RUN] [2026-08-28T23:59:20.955196+00:00] quotable=193 would_place=40 would_cancel=0 equity=$500.00
[DRY-RUN] [2026-08-29T00:00:12.664329+00:00] quotable=193 would_place=40 would_cancel=0 equity=$500.00
[DRY-RUN] [2026-08-29T00:00:58.796068+00:00] quotable=193 would_place=40 would_cancel=0 equity=$500.00
[DRY-RUN] [2026-08-29T00:01:44.888402+00:00] quotable=193 would_place=40 would_cancel=0 equity=$500.00
[DRY-RUN] [2026-08-29T00:02:31.214668+00:00] quotable=193 would_place=40 would_cancel=0 equity=$500.00
[DRY-RUN] [2026-08-29T00:03:17.321600+00:00] quotable=193 would_place=40 would_cancel=0 equity=$500.00
[DRY-RUN] [2026-08-29T00:04:03.387827+00:00] quotable=193 would_place=40 would_cancel=0 equity=$500.00
[DRY-RUN] [2026-08-29T00:04:49.469210+00:00] quotable=193 would_place=42 would_cancel=0 equity=$500.00
[DRY-RUN] [2026-08-29T00:05:35.386981+00:00] quotable=193 would_place=42 would_cancel=0 equity=$500.00
[DRY-RUN] [2026-08-29T00:06:21.462736+00:00] quotable=193 would_place=42 would_cancel=0 equity=$500.00
[DRY-RUN] [2026-08-29T00:07:17.464407+00:00] quotable=193 would_place=40 would_cancel=0 equity=$500.00
[DRY-RUN] [2026-08-29T00:08:13.550349+00:00] quotable=193 would_place=40 would_cancel=0 equity=$500.00
[DRY-RUN] [2026-08-29T00:09:09.641313+00:00] quotable=193 would_place=42 would_cancel=0 equity=$500.00
[DRY-RUN] [2026-08-29T00:09:55.728206+00:00] quotable=193 would_place=42 would_cancel=0 equity=$500.00
[DRY-RUN] [2026-08-29T00:10:41.644590+00:00] quotable=193 would_place=42 would_cancel=0 equity=$500.00
[DRY-RUN] [2026-08-29T00:11:27.753192+00:00] quotable=193 would_place=42 would_cancel=0 equity=$500.00
[DRY-RUN] [2026-08-29T00:12:23.856486+00:00] quotable=193 would_place=42 would_cancel=0 equity=$500.00
[DRY-RUN] [2026-08-29T00:13:09.919377+00:00] quotable=193 would_place=42 would_cancel=0 equity=$500.00
[DRY-RUN] [2026-08-29T00:13:56.004722+00:00] quotable=193 would_place=42 would_cancel=0 equity=$500.00
[DRY-RUN] [2026-08-29T00:14:42.242067+00:00] quotable=193 would_place=42 would_cancel=0 equity=$500.00
[DRY-RUN] [2026-08-29T00:15:38.327823+00:00] quotable=193 would_place=42 would_cancel=0 equity=$500.00
[DRY-RUN] [2026-08-29T00:16:24.431679+00:00] quotable=193 would_place=40 would_cancel=0 equity=$500.00
[DRY-RUN] [2026-08-29T00:17:10.508128+00:00] quotable=193 would_place=40 would_cancel=0 equity=$500.00
[DRY-RUN] [2026-08-29T00:17:56.753187+00:00] quotable=193 would_place=40 would_cancel=0 equity=$500.00
[DRY-RUN] [2026-08-29T00:18:42.823148+00:00] quotable=193 would_place=42 would_cancel=0 equity=$500.00
[DRY-RUN] [2026-08-29T00:19:28.934311+00:00] quotable=193 would_place=42 would_cancel=0 equity=$500.00
[DRY-RUN] [2026-08-29T00:20:15.005470+00:00] quotable=193 would_place=42 would_cancel=0 equity=$500.00
[DRY-RUN] [2026-08-29T00:21:01.075714+00:00] quotable=193 would_place=42 would_cancel=0 equity=$500.00
[DRY-RUN] [2026-08-29T00:21:47.150493+00:00] quotable=193 would_place=42 would_cancel=0 equity=$500.00
[DRY-RUN] [2026-08-29T00:22:33.251730+00:00] quotable=193 would_place=42 would_cancel=0 equity=$500.00
[DRY-RUN] [2026-08-29T00:23:19.316258+00:00] quotable=193 would_place=42 would_cancel=0 equity=$500.00
[DRY-RUN] [2026-08-29T00:24:05.440468+00:00] quotable=193 would_place=42 would_cancel=0 equity=$500.00
[DRY-RUN] [2026-08-29T00:24:51.517771+00:00] quotable=193 would_place=42 would_cancel=0 equity=$500.00
[DRY-RUN] [2026-08-29T00:25:37.811308+00:00] quotable=193 would_place=42 would_cancel=0 equity=$500.00
[DRY-RUN] [2026-08-29T00:26:23.876647+00:00] quotable=193 would_place=42 would_cancel=0 equity=$500.00
[DRY-RUN] [2026-08-29T00:27:09.972623+00:00] quotable=193 would_place=42 would_cancel=0 equity=$500.00
[DRY-RUN] [2026-08-29T00:27:56.042520+00:00] quotable=193 would_place=42 would_cancel=0 equity=$500.00
[DRY-RUN] [2026-08-29T00:28:42.118356+00:00] quotable=193 would_place=42 would_cancel=0 equity=$500.00
universe refreshed: 181 quotable market(s)
[DRY-RUN] [2026-08-29T00:29:34.094502+00:00] quotable=181 would_place=38 would_cancel=0 equity=$500.00
[DRY-RUN] [2026-08-29T00:30:33.150807+00:00] quotable=181 would_place=38 would_cancel=0 equity=$500.00
[DRY-RUN] [2026-08-29T00:31:19.256765+00:00] quotable=181 would_place=38 would_cancel=0 equity=$500.00
[DRY-RUN] [2026-08-29T00:32:05.524827+00:00] quotable=181 would_place=38 would_cancel=0 equity=$500.00
[DRY-RUN] [2026-08-29T00:32:51.802879+00:00] quotable=181 would_place=38 would_cancel=0 equity=$500.00
[DRY-RUN] [2026-08-29T00:33:37.909842+00:00] quotable=181 would_place=38 would_cancel=0 equity=$500.00
[DRY-RUN] [2026-08-29T00:34:24.079279+00:00] quotable=181 would_place=38 would_cancel=0 equity=$500.00
[DRY-RUN] [2026-08-29T00:35:10.154086+00:00] quotable=181 would_place=38 would_cancel=0 equity=$500.00
[DRY-RUN] [2026-08-29T00:35:56.250403+00:00] quotable=181 would_place=38 would_cancel=0 equity=$500.00
[DRY-RUN] [2026-08-29T00:36:42.371124+00:00] quotable=181 would_place=38 would_cancel=0 equity=$500.00
[DRY-RUN] [2026-08-29T00:37:28.444018+00:00] quotable=181 would_place=38 would_cancel=0 equity=$500.00
[DRY-RUN] [2026-08-29T00:38:14.842814+00:00] quotable=181 would_place=38 would_cancel=0 equity=$500.00
[DRY-RUN] [2026-08-29T00:39:00.900828+00:00] quotable=181 would_place=38 would_cancel=0 equity=$500.00
[DRY-RUN] [2026-08-29T00:39:46.983714+00:00] quotable=181 would_place=38 would_cancel=0 equity=$500.00
[DRY-RUN] [2026-08-29T00:40:33.094634+00:00] quotable=181 would_place=38 would_cancel=0 equity=$500.00
[DRY-RUN] [2026-08-29T00:41:19.306053+00:00] quotable=181 would_place=38 would_cancel=0 equity=$500.00
[DRY-RUN] [2026-08-29T00:42:05.542043+00:00] quotable=181 would_place=38 would_cancel=0 equity=$500.00
[DRY-RUN] [2026-08-29T00:42:51.648607+00:00] quotable=181 would_place=38 would_cancel=0 equity=$500.00
[DRY-RUN] [2026-08-29T00:43:37.746384+00:00] quotable=181 would_place=38 would_cancel=0 equity=$500.00
[DRY-RUN] [2026-08-29T00:44:24.008762+00:00] quotable=181 would_place=38 would_cancel=0 equity=$500.00
[DRY-RUN] [2026-08-29T00:45:20.270960+00:00] quotable=181 would_place=38 would_cancel=0 equity=$500.00
[DRY-RUN] [2026-08-29T00:46:06.839668+00:00] quotable=181 would_place=38 would_cancel=0 equity=$500.00
[DRY-RUN] [2026-08-29T00:46:52.904823+00:00] quotable=181 would_place=38 would_cancel=0 equity=$500.00
[DRY-RUN] [2026-08-29T00:47:39.307280+00:00] quotable=181 would_place=38 would_cancel=0 equity=$500.00
[DRY-RUN] [2026-08-29T00:48:25.375358+00:00] quotable=181 would_place=38 would_cancel=0 equity=$500.00
[DRY-RUN] [2026-08-29T00:49:21.504674+00:00] quotable=181 would_place=38 would_cancel=0 equity=$500.00
[DRY-RUN] [2026-08-29T00:50:07.600991+00:00] quotable=181 would_place=38 would_cancel=0 equity=$500.00
[DRY-RUN] [2026-08-29T00:50:53.854709+00:00] quotable=181 would_place=38 would_cancel=0 equity=$500.00
[DRY-RUN] [2026-08-29T00:51:40.103451+00:00] quotable=181 would_place=38 would_cancel=0 equity=$500.00
[DRY-RUN] [2026-08-29T00:52:26.472822+00:00] quotable=181 would_place=38 would_cancel=0 equity=$500.00
[DRY-RUN] [2026-08-29T00:53:12.572576+00:00] quotable=181 would_place=38 would_cancel=0 equity=$500.00
[DRY-RUN] [2026-08-29T00:53:58.650213+00:00] quotable=181 would_place=38 would_cancel=0 equity=$500.00
[DRY-RUN] [2026-08-29T00:54:44.741591+00:00] quotable=181 would_place=38 would_cancel=0 equity=$500.00
[DRY-RUN] [2026-08-29T00:55:31.293958+00:00] quotable=181 would_place=38 would_cancel=0 equity=$500.00
[DRY-RUN] [2026-08-29T00:56:17.543820+00:00] quotable=181 would_place=38 would_cancel=0 equity=$500.00
[DRY-RUN] [2026-08-29T00:57:13.620602+00:00] quotable=181 would_place=38 would_cancel=0 equity=$500.00
[DRY-RUN] [2026-08-29T00:57:59.710361+00:00] quotable=181 would_place=38 would_cancel=0 equity=$500.00
[DRY-RUN] [2026-08-29T00:58:45.803427+00:00] quotable=181 would_place=38 would_cancel=0 equity=$500.00
[DRY-RUN] [2026-08-29T00:59:31.918658+00:00] quotable=181 would_place=38 would_cancel=0 equity=$500.00
universe refreshed: 181 quotable market(s)
[DRY-RUN] [2026-08-29T01:00:25.799872+00:00] quotable=181 would_place=38 would_cancel=0 equity=$500.00
[DRY-RUN] [2026-08-29T01:01:16.463329+00:00] quotable=181 would_place=38 would_cancel=0 equity=$500.00
[DRY-RUN] [2026-08-29T01:02:02.880654+00:00] quotable=181 would_place=38 would_cancel=0 equity=$500.00
[DRY-RUN] [2026-08-29T01:02:49.038695+00:00] quotable=181 would_place=38 would_cancel=0 equity=$500.00
[DRY-RUN] [2026-08-29T01:03:35.305137+00:00] quotable=181 would_place=38 would_cancel=0 equity=$500.00
[DRY-RUN] [2026-08-29T01:04:21.715145+00:00] quotable=181 would_place=38 would_cancel=0 equity=$500.00
[DRY-RUN] [2026-08-29T01:05:07.982599+00:00] quotable=181 would_place=38 would_cancel=0 equity=$500.00
[DRY-RUN] [2026-08-29T01:05:54.407897+00:00] quotable=181 would_place=38 would_cancel=0 equity=$500.00
[DRY-RUN] [2026-08-29T01:06:40.771811+00:00] quotable=181 would_place=38 would_cancel=0 equity=$500.00
[DRY-RUN] [2026-08-29T01:07:36.914428+00:00] quotable=181 would_place=38 would_cancel=0 equity=$500.00
[DRY-RUN] [2026-08-29T01:08:23.183395+00:00] quotable=181 would_place=38 would_cancel=0 equity=$500.00
[DRY-RUN] [2026-08-29T01:09:09.645139+00:00] quotable=181 would_place=38 would_cancel=0 equity=$500.00
[DRY-RUN] [2026-08-29T01:09:55.792612+00:00] quotable=181 would_place=38 would_cancel=0 equity=$500.00
[DRY-RUN] [2026-08-29T01:10:41.900284+00:00] quotable=181 would_place=38 would_cancel=0 equity=$500.00
[DRY-RUN] [2026-08-29T01:11:27.986068+00:00] quotable=181 would_place=38 would_cancel=0 equity=$500.00
[DRY-RUN] [2026-08-29T01:12:24.262047+00:00] quotable=181 would_place=38 would_cancel=0 equity=$500.00
[DRY-RUN] [2026-08-29T01:13:10.367056+00:00] quotable=181 would_place=38 would_cancel=0 equity=$500.00
[DRY-RUN] [2026-08-29T01:13:56.436979+00:00] quotable=181 would_place=38 would_cancel=0 equity=$500.00
[DRY-RUN] [2026-08-29T01:14:52.505556+00:00] quotable=181 would_place=38 would_cancel=0 equity=$500.00
[DRY-RUN] [2026-08-29T01:15:38.590274+00:00] quotable=181 would_place=38 would_cancel=0 equity=$500.00
[DRY-RUN] [2026-08-29T01:16:24.840642+00:00] quotable=181 would_place=38 would_cancel=0 equity=$500.00
[DRY-RUN] [2026-08-29T01:17:10.932676+00:00] quotable=181 would_place=38 would_cancel=0 equity=$500.00
[DRY-RUN] [2026-08-29T01:17:57.201144+00:00] quotable=181 would_place=38 would_cancel=0 equity=$500.00
[DRY-RUN] [2026-08-29T01:18:43.298307+00:00] quotable=181 would_place=38 would_cancel=0 equity=$500.00
[DRY-RUN] [2026-08-29T01:19:29.369183+00:00] quotable=181 would_place=38 would_cancel=0 equity=$500.00
[DRY-RUN] [2026-08-29T01:20:15.763798+00:00] quotable=181 would_place=38 would_cancel=0 equity=$500.00
[DRY-RUN] [2026-08-29T01:21:01.919318+00:00] quotable=181 would_place=38 would_cancel=0 equity=$500.00
[DRY-RUN] [2026-08-29T01:21:48.013505+00:00] quotable=181 would_place=38 would_cancel=0 equity=$500.00
[DRY-RUN] [2026-08-29T01:22:34.174161+00:00] quotable=181 would_place=38 would_cancel=0 equity=$500.00
[DRY-RUN] [2026-08-29T01:23:20.264147+00:00] quotable=181 would_place=38 would_cancel=0 equity=$500.00
[DRY-RUN] [2026-08-29T01:24:06.536444+00:00] quotable=181 would_place=38 would_cancel=0 equity=$500.00
[DRY-RUN] [2026-08-29T01:24:52.611636+00:00] quotable=181 would_place=38 would_cancel=0 equity=$500.00
[DRY-RUN] [2026-08-29T01:25:38.700469+00:00] quotable=181 would_place=38 would_cancel=0 equity=$500.00
[DRY-RUN] [2026-08-29T01:26:24.953434+00:00] quotable=181 would_place=38 would_cancel=0 equity=$500.00
[DRY-RUN] [2026-08-29T01:27:11.009026+00:00] quotable=181 would_place=38 would_cancel=0 equity=$500.00
[DRY-RUN] [2026-08-29T01:27:57.114578+00:00] quotable=181 would_place=38 would_cancel=0 equity=$500.00
[DRY-RUN] [2026-08-29T01:28:43.200996+00:00] quotable=181 would_place=38 would_cancel=0 equity=$500.00
[DRY-RUN] [2026-08-29T01:29:29.486131+00:00] quotable=181 would_place=38 would_cancel=0 equity=$500.00
[DRY-RUN] [2026-08-29T01:30:15.567837+00:00] quotable=181 would_place=38 would_cancel=0 equity=$500.00
universe refreshed: 177 quotable market(s)
[DRY-RUN] [2026-08-29T01:31:08.051448+00:00] quotable=177 would_place=38 would_cancel=0 equity=$500.00
[DRY-RUN] [2026-08-29T01:31:59.590835+00:00] quotable=177 would_place=38 would_cancel=0 equity=$500.00
[DRY-RUN] [2026-08-29T01:32:45.666842+00:00] quotable=177 would_place=38 would_cancel=0 equity=$500.00
[DRY-RUN] [2026-08-29T01:33:31.752808+00:00] quotable=177 would_place=38 would_cancel=0 equity=$500.00
[DRY-RUN] [2026-08-29T01:34:17.996640+00:00] quotable=177 would_place=38 would_cancel=0 equity=$500.00
[DRY-RUN] [2026-08-29T01:35:06.670396+00:00] quotable=177 would_place=38 would_cancel=0 equity=$500.00
[DRY-RUN] [2026-08-29T01:35:52.734642+00:00] quotable=177 would_place=38 would_cancel=0 equity=$500.00
[DRY-RUN] [2026-08-29T01:36:38.815020+00:00] quotable=177 would_place=38 would_cancel=0 equity=$500.00
[DRY-RUN] [2026-08-29T01:37:24.902832+00:00] quotable=177 would_place=38 would_cancel=0 equity=$500.00
[DRY-RUN] [2026-08-29T01:38:10.992851+00:00] quotable=177 would_place=38 would_cancel=0 equity=$500.00
[DRY-RUN] [2026-08-29T01:38:57.069209+00:00] quotable=177 would_place=38 would_cancel=0 equity=$500.00
[DRY-RUN] [2026-08-29T01:39:43.162767+00:00] quotable=177 would_place=38 would_cancel=0 equity=$500.00
[DRY-RUN] [2026-08-29T01:40:29.305399+00:00] quotable=177 would_place=38 would_cancel=0 equity=$500.00
[DRY-RUN] [2026-08-29T01:41:15.369688+00:00] quotable=177 would_place=38 would_cancel=0 equity=$500.00
[DRY-RUN] [2026-08-29T01:42:01.481208+00:00] quotable=177 would_place=38 would_cancel=0 equity=$500.00
[DRY-RUN] [2026-08-29T01:42:47.622809+00:00] quotable=177 would_place=38 would_cancel=0 equity=$500.00
[DRY-RUN] [2026-08-29T01:43:33.696235+00:00] quotable=177 would_place=38 would_cancel=0 equity=$500.00
[DRY-RUN] [2026-08-29T01:44:19.777470+00:00] quotable=177 would_place=38 would_cancel=0 equity=$500.00
[DRY-RUN] [2026-08-29T01:45:06.037569+00:00] quotable=177 would_place=38 would_cancel=0 equity=$500.00
[DRY-RUN] [2026-08-29T01:45:52.105012+00:00] quotable=177 would_place=38 would_cancel=0 equity=$500.00
[DRY-RUN] [2026-08-29T01:46:48.217868+00:00] quotable=177 would_place=38 would_cancel=0 equity=$500.00
[DRY-RUN] [2026-08-29T01:47:34.289828+00:00] quotable=177 would_place=38 would_cancel=0 equity=$500.00
[DRY-RUN] [2026-08-29T01:48:20.565025+00:00] quotable=177 would_place=38 would_cancel=0 equity=$500.00
[DRY-RUN] [2026-08-29T01:49:06.786291+00:00] quotable=177 would_place=38 would_cancel=0 equity=$500.00
[DRY-RUN] [2026-08-29T01:49:52.873912+00:00] quotable=177 would_place=38 would_cancel=0 equity=$500.00
[DRY-RUN] [2026-08-29T01:50:38.967401+00:00] quotable=177 would_place=38 would_cancel=0 equity=$500.00
[DRY-RUN] [2026-08-29T01:51:25.022673+00:00] quotable=177 would_place=38 would_cancel=0 equity=$500.00
[DRY-RUN] [2026-08-29T01:52:11.181560+00:00] quotable=177 would_place=38 would_cancel=0 equity=$500.00
[DRY-RUN] [2026-08-29T01:52:57.255148+00:00] quotable=177 would_place=38 would_cancel=0 equity=$500.00
[DRY-RUN] [2026-08-29T01:53:43.374617+00:00] quotable=177 would_place=38 would_cancel=0 equity=$500.00
[DRY-RUN] [2026-08-29T01:54:29.452445+00:00] quotable=177 would_place=38 would_cancel=0 equity=$500.00
[DRY-RUN] [2026-08-29T01:55:15.535109+00:00] quotable=177 would_place=38 would_cancel=0 equity=$500.00
[DRY-RUN] [2026-08-29T01:56:01.618288+00:00] quotable=177 would_place=38 would_cancel=0 equity=$500.00
[DRY-RUN] [2026-08-29T01:56:47.704293+00:00] quotable=177 would_place=38 would_cancel=0 equity=$500.00
[DRY-RUN] [2026-08-29T01:57:33.776264+00:00] quotable=177 would_place=38 would_cancel=0 equity=$500.00
[DRY-RUN] [2026-08-29T01:58:19.850343+00:00] quotable=177 would_place=38 would_cancel=0 equity=$500.00
[DRY-RUN] [2026-08-29T01:59:05.916805+00:00] quotable=177 would_place=38 would_cancel=0 equity=$500.00
[DRY-RUN] [2026-08-29T01:59:52.107688+00:00] quotable=177 would_place=38 would_cancel=0 equity=$500.00
[DRY-RUN] [2026-08-29T02:00:38.197644+00:00] quotable=177 would_place=38 would_cancel=0 equity=$500.00
universe refreshed: 180 quotable market(s)
[DRY-RUN] [2026-08-29T02:01:38.647572+00:00] quotable=180 would_place=36 would_cancel=0 equity=$500.00
[DRY-RUN] [2026-08-29T02:02:27.937416+00:00] quotable=180 would_place=36 would_cancel=0 equity=$500.00
[DRY-RUN] [2026-08-29T02:03:14.372229+00:00] quotable=180 would_place=36 would_cancel=0 equity=$500.00
[DRY-RUN] [2026-08-29T02:04:00.476218+00:00] quotable=180 would_place=36 would_cancel=0 equity=$500.00
[DRY-RUN] [2026-08-29T02:04:46.565099+00:00] quotable=180 would_place=36 would_cancel=0 equity=$500.00
[DRY-RUN] [2026-08-29T02:05:32.914404+00:00] quotable=180 would_place=36 would_cancel=0 equity=$500.00
[DRY-RUN] [2026-08-29T02:06:19.255548+00:00] quotable=180 would_place=36 would_cancel=0 equity=$500.00
[DRY-RUN] [2026-08-29T02:07:05.357012+00:00] quotable=180 would_place=36 would_cancel=0 equity=$500.00
[DRY-RUN] [2026-08-29T02:07:51.603145+00:00] quotable=180 would_place=36 would_cancel=0 equity=$500.00
[DRY-RUN] [2026-08-29T02:08:37.870648+00:00] quotable=180 would_place=36 would_cancel=0 equity=$500.00
[DRY-RUN] [2026-08-29T02:09:34.028414+00:00] quotable=180 would_place=36 would_cancel=0 equity=$500.00
[DRY-RUN] [2026-08-29T02:10:20.141767+00:00] quotable=180 would_place=36 would_cancel=0 equity=$500.00
[DRY-RUN] [2026-08-29T02:11:06.213533+00:00] quotable=180 would_place=36 would_cancel=0 equity=$500.00
[DRY-RUN] [2026-08-29T02:11:52.482832+00:00] quotable=180 would_place=36 would_cancel=0 equity=$500.00
[DRY-RUN] [2026-08-29T02:12:38.728602+00:00] quotable=180 would_place=36 would_cancel=0 equity=$500.00
[DRY-RUN] [2026-08-29T02:13:34.803866+00:00] quotable=180 would_place=36 would_cancel=0 equity=$500.00
[DRY-RUN] [2026-08-29T02:14:21.216559+00:00] quotable=180 would_place=36 would_cancel=0 equity=$500.00
[DRY-RUN] [2026-08-29T02:15:07.380916+00:00] quotable=180 would_place=36 would_cancel=0 equity=$500.00
[DRY-RUN] [2026-08-29T02:15:53.605562+00:00] quotable=180 would_place=36 would_cancel=0 equity=$500.00
[DRY-RUN] [2026-08-29T02:16:39.922355+00:00] quotable=180 would_place=36 would_cancel=0 equity=$500.00
[DRY-RUN] [2026-08-29T02:17:25.990469+00:00] quotable=180 would_place=36 would_cancel=0 equity=$500.00
[DRY-RUN] [2026-08-29T02:18:12.096375+00:00] quotable=180 would_place=36 would_cancel=0 equity=$500.00
[DRY-RUN] [2026-08-29T02:18:58.235438+00:00] quotable=180 would_place=36 would_cancel=0 equity=$500.00
[DRY-RUN] [2026-08-29T02:19:44.494173+00:00] quotable=180 would_place=36 would_cancel=0 equity=$500.00
[DRY-RUN] [2026-08-29T02:20:30.757737+00:00] quotable=180 would_place=36 would_cancel=0 equity=$500.00
[DRY-RUN] [2026-08-29T02:21:16.860731+00:00] quotable=180 would_place=36 would_cancel=0 equity=$500.00
[DRY-RUN] [2026-08-29T02:22:02.973814+00:00] quotable=180 would_place=36 would_cancel=0 equity=$500.00
[DRY-RUN] [2026-08-29T02:22:49.036353+00:00] quotable=180 would_place=36 would_cancel=0 equity=$500.00
[DRY-RUN] [2026-08-29T02:23:35.299697+00:00] quotable=180 would_place=36 would_cancel=0 equity=$500.00
[DRY-RUN] [2026-08-29T02:24:21.258512+00:00] quotable=180 would_place=36 would_cancel=0 equity=$500.00
[DRY-RUN] [2026-08-29T02:25:07.566732+00:00] quotable=180 would_place=36 would_cancel=0 equity=$500.00
[DRY-RUN] [2026-08-29T02:26:03.650532+00:00] quotable=180 would_place=36 would_cancel=0 equity=$500.00
[DRY-RUN] [2026-08-29T02:26:49.732574+00:00] quotable=180 would_place=36 would_cancel=0 equity=$500.00
[DRY-RUN] [2026-08-29T02:27:36.037488+00:00] quotable=180 would_place=36 would_cancel=0 equity=$500.00
[DRY-RUN] [2026-08-29T02:28:22.327603+00:00] quotable=180 would_place=36 would_cancel=0 equity=$500.00
[DRY-RUN] [2026-08-29T02:29:08.427011+00:00] quotable=180 would_place=36 would_cancel=0 equity=$500.00
[DRY-RUN] [2026-08-29T02:30:04.669704+00:00] quotable=180 would_place=36 would_cancel=0 equity=$500.00
[DRY-RUN] [2026-08-29T02:31:00.766211+00:00] quotable=180 would_place=36 would_cancel=0 equity=$500.00
universe refreshed: 179 quotable market(s)
[DRY-RUN] [2026-08-29T02:31:51.839697+00:00] quotable=179 would_place=36 would_cancel=0 equity=$500.00
[DRY-RUN] [2026-08-29T02:32:42.331992+00:00] quotable=179 would_place=36 would_cancel=0 equity=$500.00
[DRY-RUN] [2026-08-29T02:33:28.422648+00:00] quotable=179 would_place=36 would_cancel=0 equity=$500.00
[DRY-RUN] [2026-08-29T02:34:14.511487+00:00] quotable=179 would_place=36 would_cancel=0 equity=$500.00
[DRY-RUN] [2026-08-29T02:35:00.609922+00:00] quotable=179 would_place=36 would_cancel=0 equity=$500.00
[DRY-RUN] [2026-08-29T02:35:46.686064+00:00] quotable=179 would_place=36 would_cancel=0 equity=$500.00
[DRY-RUN] [2026-08-29T02:36:32.790649+00:00] quotable=179 would_place=36 would_cancel=0 equity=$500.00
[DRY-RUN] [2026-08-29T02:37:18.933710+00:00] quotable=179 would_place=36 would_cancel=0 equity=$500.00
[DRY-RUN] [2026-08-29T02:38:15.106414+00:00] quotable=179 would_place=36 would_cancel=0 equity=$500.00
[DRY-RUN] [2026-08-29T02:39:01.241694+00:00] quotable=179 would_place=36 would_cancel=0 equity=$500.00
[DRY-RUN] [2026-08-29T02:39:57.423287+00:00] quotable=179 would_place=36 would_cancel=0 equity=$500.00
[DRY-RUN] [2026-08-29T02:40:53.515972+00:00] quotable=179 would_place=36 would_cancel=0 equity=$500.00
[DRY-RUN] [2026-08-29T02:41:39.586797+00:00] quotable=179 would_place=36 would_cancel=0 equity=$500.00
[DRY-RUN] [2026-08-29T02:42:25.682369+00:00] quotable=179 would_place=36 would_cancel=0 equity=$500.00
[DRY-RUN] [2026-08-29T02:43:11.762690+00:00] quotable=179 would_place=36 would_cancel=0 equity=$500.00
[DRY-RUN] [2026-08-29T02:43:57.891408+00:00] quotable=179 would_place=36 would_cancel=0 equity=$500.00
[DRY-RUN] [2026-08-29T02:44:53.963896+00:00] quotable=179 would_place=36 would_cancel=0 equity=$500.00
[DRY-RUN] [2026-08-29T02:45:40.065992+00:00] quotable=179 would_place=36 would_cancel=0 equity=$500.00
[DRY-RUN] [2026-08-29T02:46:36.142278+00:00] quotable=179 would_place=36 would_cancel=0 equity=$500.00
[DRY-RUN] [2026-08-29T02:47:22.223746+00:00] quotable=179 would_place=36 would_cancel=0 equity=$500.00
[DRY-RUN] [2026-08-29T02:48:08.314538+00:00] quotable=179 would_place=36 would_cancel=0 equity=$500.00
[DRY-RUN] [2026-08-29T02:48:54.372043+00:00] quotable=179 would_place=36 would_cancel=0 equity=$500.00
[DRY-RUN] [2026-08-29T02:49:40.444810+00:00] quotable=179 would_place=36 would_cancel=0 equity=$500.00
[DRY-RUN] [2026-08-29T02:50:26.587340+00:00] quotable=179 would_place=36 would_cancel=0 equity=$500.00
[DRY-RUN] [2026-08-29T02:51:12.674864+00:00] quotable=179 would_place=36 would_cancel=0 equity=$500.00
[DRY-RUN] [2026-08-29T02:51:58.745701+00:00] quotable=179 would_place=36 would_cancel=0 equity=$500.00
[DRY-RUN] [2026-08-29T02:52:44.832312+00:00] quotable=179 would_place=36 would_cancel=0 equity=$500.00
[DRY-RUN] [2026-08-29T02:53:31.145239+00:00] quotable=179 would_place=36 would_cancel=0 equity=$500.00
[DRY-RUN] [2026-08-29T02:54:17.483937+00:00] quotable=179 would_place=36 would_cancel=0 equity=$500.00
[DRY-RUN] [2026-08-29T02:55:03.567967+00:00] quotable=179 would_place=36 would_cancel=0 equity=$500.00
[DRY-RUN] [2026-08-29T02:55:49.740086+00:00] quotable=179 would_place=36 would_cancel=0 equity=$500.00
[DRY-RUN] [2026-08-29T02:56:35.854820+00:00] quotable=179 would_place=36 would_cancel=0 equity=$500.00
[DRY-RUN] [2026-08-29T02:57:21.938512+00:00] quotable=179 would_place=36 would_cancel=0 equity=$500.00
[DRY-RUN] [2026-08-29T02:58:08.058187+00:00] quotable=179 would_place=36 would_cancel=0 equity=$500.00
[DRY-RUN] [2026-08-29T02:58:54.136814+00:00] quotable=179 would_place=36 would_cancel=0 equity=$500.00
[DRY-RUN] [2026-08-29T02:59:40.380455+00:00] quotable=179 would_place=36 would_cancel=0 equity=$500.00
[DRY-RUN] [2026-08-29T03:00:26.463810+00:00] quotable=179 would_place=36 would_cancel=0 equity=$500.00
[DRY-RUN] [2026-08-29T03:01:12.547059+00:00] quotable=179 would_place=36 would_cancel=0 equity=$500.00
universe refreshed: 188 quotable market(s)
[DRY-RUN] [2026-08-29T03:02:06.045495+00:00] quotable=188 would_place=38 would_cancel=0 equity=$500.00
[DRY-RUN] [2026-08-29T03:02:56.776210+00:00] quotable=188 would_place=38 would_cancel=0 equity=$500.00
[DRY-RUN] [2026-08-29T03:03:42.846960+00:00] quotable=188 would_place=38 would_cancel=0 equity=$500.00
[DRY-RUN] [2026-08-29T03:04:28.946636+00:00] quotable=188 would_place=38 would_cancel=0 equity=$500.00
[DRY-RUN] [2026-08-29T03:05:15.030108+00:00] quotable=188 would_place=38 would_cancel=0 equity=$500.00
[DRY-RUN] [2026-08-29T03:06:01.178569+00:00] quotable=188 would_place=38 would_cancel=0 equity=$500.00
[DRY-RUN] [2026-08-29T03:06:47.373091+00:00] quotable=188 would_place=38 would_cancel=0 equity=$500.00
[DRY-RUN] [2026-08-29T03:07:33.452765+00:00] quotable=188 would_place=38 would_cancel=0 equity=$500.00
[DRY-RUN] [2026-08-29T03:08:19.886760+00:00] quotable=188 would_place=38 would_cancel=0 equity=$500.00
[DRY-RUN] [2026-08-29T03:09:06.141022+00:00] quotable=188 would_place=38 would_cancel=0 equity=$500.00
[DRY-RUN] [2026-08-29T03:09:52.399376+00:00] quotable=188 would_place=40 would_cancel=0 equity=$500.00
[DRY-RUN] [2026-08-29T03:10:38.567440+00:00] quotable=188 would_place=40 would_cancel=0 equity=$500.00
[DRY-RUN] [2026-08-29T03:11:24.664606+00:00] quotable=188 would_place=40 would_cancel=0 equity=$500.00
[DRY-RUN] [2026-08-29T03:12:10.942318+00:00] quotable=188 would_place=40 would_cancel=0 equity=$500.00
[DRY-RUN] [2026-08-29T03:12:57.026423+00:00] quotable=188 would_place=40 would_cancel=0 equity=$500.00
[DRY-RUN] [2026-08-29T03:13:43.195366+00:00] quotable=188 would_place=40 would_cancel=0 equity=$500.00
[DRY-RUN] [2026-08-29T03:14:29.271602+00:00] quotable=188 would_place=40 would_cancel=0 equity=$500.00
[DRY-RUN] [2026-08-29T03:15:15.551137+00:00] quotable=188 would_place=38 would_cancel=0 equity=$500.00
[DRY-RUN] [2026-08-29T03:16:01.952635+00:00] quotable=188 would_place=40 would_cancel=0 equity=$500.00
[DRY-RUN] [2026-08-29T03:16:48.134248+00:00] quotable=188 would_place=40 would_cancel=0 equity=$500.00
[DRY-RUN] [2026-08-29T03:17:34.259701+00:00] quotable=188 would_place=38 would_cancel=0 equity=$500.00
[DRY-RUN] [2026-08-29T03:18:20.348349+00:00] quotable=188 would_place=38 would_cancel=0 equity=$500.00
[DRY-RUN] [2026-08-29T03:19:06.451221+00:00] quotable=188 would_place=38 would_cancel=0 equity=$500.00
[DRY-RUN] [2026-08-29T03:19:52.540698+00:00] quotable=188 would_place=38 would_cancel=0 equity=$500.00
[DRY-RUN] [2026-08-29T03:20:38.632380+00:00] quotable=188 would_place=40 would_cancel=0 equity=$500.00
[DRY-RUN] [2026-08-29T03:21:24.715546+00:00] quotable=188 would_place=40 would_cancel=0 equity=$500.00
[DRY-RUN] [2026-08-29T03:22:11.016220+00:00] quotable=188 would_place=40 would_cancel=0 equity=$500.00
[DRY-RUN] [2026-08-29T03:22:57.090851+00:00] quotable=188 would_place=40 would_cancel=0 equity=$500.00
[DRY-RUN] [2026-08-29T03:23:43.201828+00:00] quotable=188 would_place=38 would_cancel=0 equity=$500.00
[DRY-RUN] [2026-08-29T03:24:29.118249+00:00] quotable=188 would_place=40 would_cancel=0 equity=$500.00
[DRY-RUN] [2026-08-29T03:25:15.258185+00:00] quotable=188 would_place=40 would_cancel=0 equity=$500.00
[DRY-RUN] [2026-08-29T03:26:01.200020+00:00] quotable=188 would_place=40 would_cancel=0 equity=$500.00
[DRY-RUN] [2026-08-29T03:26:47.279887+00:00] quotable=188 would_place=38 would_cancel=0 equity=$500.00
[DRY-RUN] [2026-08-29T03:27:33.377161+00:00] quotable=188 would_place=38 would_cancel=0 equity=$500.00
[DRY-RUN] [2026-08-29T03:28:19.611579+00:00] quotable=188 would_place=38 would_cancel=0 equity=$500.00
[DRY-RUN] [2026-08-29T03:29:05.853483+00:00] quotable=188 would_place=38 would_cancel=0 equity=$500.00
[DRY-RUN] [2026-08-29T03:29:52.128765+00:00] quotable=188 would_place=38 would_cancel=0 equity=$500.00
[DRY-RUN] [2026-08-29T03:30:38.225827+00:00] quotable=188 would_place=38 would_cancel=0 equity=$500.00
[DRY-RUN] [2026-08-29T03:31:24.352775+00:00] quotable=188 would_place=38 would_cancel=0 equity=$500.00
universe refreshed: 176 quotable market(s)
[DRY-RUN] [2026-08-29T03:32:15.590347+00:00] quotable=176 would_place=34 would_cancel=0 equity=$500.00
[DRY-RUN] [2026-08-29T03:33:05.707968+00:00] quotable=176 would_place=34 would_cancel=0 equity=$500.00
[DRY-RUN] [2026-08-29T03:33:51.786591+00:00] quotable=176 would_place=34 would_cancel=0 equity=$500.00
[DRY-RUN] [2026-08-29T03:34:38.044162+00:00] quotable=176 would_place=34 would_cancel=0 equity=$500.00
[DRY-RUN] [2026-08-29T03:35:24.126107+00:00] quotable=176 would_place=34 would_cancel=0 equity=$500.00
[DRY-RUN] [2026-08-29T03:36:10.216667+00:00] quotable=176 would_place=34 would_cancel=0 equity=$500.00
[DRY-RUN] [2026-08-29T03:36:56.357322+00:00] quotable=176 would_place=34 would_cancel=0 equity=$500.00
[DRY-RUN] [2026-08-29T03:37:52.474534+00:00] quotable=176 would_place=34 would_cancel=0 equity=$500.00
[DRY-RUN] [2026-08-29T03:38:38.561346+00:00] quotable=176 would_place=34 would_cancel=0 equity=$500.00
[DRY-RUN] [2026-08-29T03:39:24.806663+00:00] quotable=176 would_place=34 would_cancel=0 equity=$500.00
[DRY-RUN] [2026-08-29T03:40:10.890064+00:00] quotable=176 would_place=34 would_cancel=0 equity=$500.00
[DRY-RUN] [2026-08-29T03:40:57.008364+00:00] quotable=176 would_place=34 would_cancel=0 equity=$500.00
[DRY-RUN] [2026-08-29T03:41:43.156315+00:00] quotable=176 would_place=34 would_cancel=0 equity=$500.00
[DRY-RUN] [2026-08-29T03:42:29.254136+00:00] quotable=176 would_place=34 would_cancel=0 equity=$500.00
[DRY-RUN] [2026-08-29T03:43:15.335809+00:00] quotable=176 would_place=34 would_cancel=0 equity=$500.00
[DRY-RUN] [2026-08-29T03:44:01.485824+00:00] quotable=176 would_place=34 would_cancel=0 equity=$500.00
[DRY-RUN] [2026-08-29T03:44:47.569331+00:00] quotable=176 would_place=34 would_cancel=0 equity=$500.00
[DRY-RUN] [2026-08-29T03:45:33.636841+00:00] quotable=176 would_place=36 would_cancel=0 equity=$500.00
[DRY-RUN] [2026-08-29T03:46:19.836033+00:00] quotable=176 would_place=36 would_cancel=0 equity=$500.00
[DRY-RUN] [2026-08-29T03:47:05.925457+00:00] quotable=176 would_place=36 would_cancel=0 equity=$500.00
[DRY-RUN] [2026-08-29T03:47:52.031540+00:00] quotable=176 would_place=36 would_cancel=0 equity=$500.00
[DRY-RUN] [2026-08-29T03:48:38.180883+00:00] quotable=176 would_place=36 would_cancel=0 equity=$500.00
[DRY-RUN] [2026-08-29T03:49:24.484547+00:00] quotable=176 would_place=36 would_cancel=0 equity=$500.00
[DRY-RUN] [2026-08-29T03:50:10.581430+00:00] quotable=176 would_place=36 would_cancel=0 equity=$500.00
[DRY-RUN] [2026-08-29T03:50:56.864563+00:00] quotable=176 would_place=36 would_cancel=0 equity=$500.00
[DRY-RUN] [2026-08-29T03:51:42.943673+00:00] quotable=176 would_place=36 would_cancel=0 equity=$500.00
[DRY-RUN] [2026-08-29T03:52:29.010688+00:00] quotable=176 would_place=36 would_cancel=0 equity=$500.00
[DRY-RUN] [2026-08-29T03:53:25.098764+00:00] quotable=176 would_place=36 would_cancel=0 equity=$500.00
[DRY-RUN] [2026-08-29T03:54:11.449402+00:00] quotable=176 would_place=36 would_cancel=0 equity=$500.00
[DRY-RUN] [2026-08-29T03:54:57.773959+00:00] quotable=176 would_place=36 would_cancel=0 equity=$500.00
[DRY-RUN] [2026-08-29T03:55:44.047939+00:00] quotable=176 would_place=36 would_cancel=0 equity=$500.00
[DRY-RUN] [2026-08-29T03:56:30.130328+00:00] quotable=176 would_place=36 would_cancel=0 equity=$500.00
[DRY-RUN] [2026-08-29T03:57:16.346556+00:00] quotable=176 would_place=36 would_cancel=0 equity=$500.00
[DRY-RUN] [2026-08-29T03:58:02.450831+00:00] quotable=176 would_place=36 would_cancel=0 equity=$500.00
[DRY-RUN] [2026-08-29T03:58:58.561220+00:00] quotable=176 would_place=36 would_cancel=0 equity=$500.00
[DRY-RUN] [2026-08-29T03:59:44.656614+00:00] quotable=176 would_place=36 would_cancel=0 equity=$500.00
[DRY-RUN] [2026-08-29T04:00:30.996835+00:00] quotable=176 would_place=36 would_cancel=0 equity=$500.00
[DRY-RUN] [2026-08-29T04:01:17.670696+00:00] quotable=176 would_place=36 would_cancel=0 equity=$500.00
[DRY-RUN] [2026-08-29T04:02:03.989028+00:00] quotable=176 would_place=36 would_cancel=0 equity=$500.00
universe refreshed: 181 quotable market(s)
[DRY-RUN] [2026-08-29T04:02:56.249142+00:00] quotable=181 would_place=36 would_cancel=0 equity=$500.00
[DRY-RUN] [2026-08-29T04:03:56.824991+00:00] quotable=181 would_place=36 would_cancel=0 equity=$500.00
[DRY-RUN] [2026-08-29T04:04:53.006514+00:00] quotable=181 would_place=36 would_cancel=0 equity=$500.00
[DRY-RUN] [2026-08-29T04:05:49.130654+00:00] quotable=181 would_place=36 would_cancel=0 equity=$500.00
[DRY-RUN] [2026-08-29T04:06:35.218588+00:00] quotable=181 would_place=34 would_cancel=0 equity=$500.00
[DRY-RUN] [2026-08-29T04:07:21.432169+00:00] quotable=181 would_place=34 would_cancel=0 equity=$500.00
[DRY-RUN] [2026-08-29T04:08:07.893121+00:00] quotable=181 would_place=34 would_cancel=0 equity=$500.00
[DRY-RUN] [2026-08-29T04:08:54.177418+00:00] quotable=181 would_place=36 would_cancel=0 equity=$500.00
[DRY-RUN] [2026-08-29T04:09:40.264548+00:00] quotable=181 would_place=36 would_cancel=0 equity=$500.00
[DRY-RUN] [2026-08-29T04:10:26.356095+00:00] quotable=181 would_place=36 would_cancel=0 equity=$500.00
[DRY-RUN] [2026-08-29T04:11:12.426442+00:00] quotable=181 would_place=36 would_cancel=0 equity=$500.00
[DRY-RUN] [2026-08-29T04:11:58.602553+00:00] quotable=181 would_place=36 would_cancel=0 equity=$500.00
[DRY-RUN] [2026-08-29T04:12:44.682965+00:00] quotable=181 would_place=36 would_cancel=0 equity=$500.00
[DRY-RUN] [2026-08-29T04:13:30.802421+00:00] quotable=181 would_place=36 would_cancel=0 equity=$500.00
[DRY-RUN] [2026-08-29T04:14:16.885555+00:00] quotable=181 would_place=36 would_cancel=0 equity=$500.00
[DRY-RUN] [2026-08-29T04:15:02.967751+00:00] quotable=181 would_place=36 would_cancel=0 equity=$500.00
[DRY-RUN] [2026-08-29T04:15:49.048476+00:00] quotable=181 would_place=36 would_cancel=0 equity=$500.00
[DRY-RUN] [2026-08-29T04:16:35.348083+00:00] quotable=181 would_place=36 would_cancel=0 equity=$500.00
[DRY-RUN] [2026-08-29T04:17:21.482232+00:00] quotable=181 would_place=36 would_cancel=0 equity=$500.00
[DRY-RUN] [2026-08-29T04:18:17.580266+00:00] quotable=181 would_place=36 would_cancel=0 equity=$500.00
[DRY-RUN] [2026-08-29T04:19:03.670002+00:00] quotable=181 would_place=36 would_cancel=0 equity=$500.00
[DRY-RUN] [2026-08-29T04:19:49.986345+00:00] quotable=181 would_place=36 would_cancel=0 equity=$500.00
[DRY-RUN] [2026-08-29T04:20:36.282757+00:00] quotable=181 would_place=36 would_cancel=0 equity=$500.00
[DRY-RUN] [2026-08-29T04:21:22.381054+00:00] quotable=181 would_place=36 would_cancel=0 equity=$500.00
[DRY-RUN] [2026-08-29T04:22:18.467071+00:00] quotable=181 would_place=36 would_cancel=0 equity=$500.00
[DRY-RUN] [2026-08-29T04:23:04.534771+00:00] quotable=181 would_place=36 would_cancel=0 equity=$500.00
[DRY-RUN] [2026-08-29T04:23:50.605272+00:00] quotable=181 would_place=36 would_cancel=0 equity=$500.00
[DRY-RUN] [2026-08-29T04:24:36.714668+00:00] quotable=181 would_place=36 would_cancel=0 equity=$500.00
[DRY-RUN] [2026-08-29T04:25:22.795259+00:00] quotable=181 would_place=36 would_cancel=0 equity=$500.00
[DRY-RUN] [2026-08-29T04:26:08.940399+00:00] quotable=181 would_place=36 would_cancel=0 equity=$500.00
[DRY-RUN] [2026-08-29T04:26:55.057609+00:00] quotable=181 would_place=36 would_cancel=0 equity=$500.00
[DRY-RUN] [2026-08-29T04:27:41.145063+00:00] quotable=181 would_place=36 would_cancel=0 equity=$500.00
[DRY-RUN] [2026-08-29T04:28:27.222867+00:00] quotable=181 would_place=36 would_cancel=0 equity=$500.00
[DRY-RUN] [2026-08-29T04:29:23.184252+00:00] quotable=181 would_place=36 would_cancel=0 equity=$500.00
[DRY-RUN] [2026-08-29T04:30:09.259215+00:00] quotable=181 would_place=36 would_cancel=0 equity=$500.00
[DRY-RUN] [2026-08-29T04:30:55.646512+00:00] quotable=181 would_place=36 would_cancel=0 equity=$500.00
[DRY-RUN] [2026-08-29T04:31:41.939367+00:00] quotable=181 would_place=36 would_cancel=0 equity=$500.00
[DRY-RUN] [2026-08-29T04:32:28.185686+00:00] quotable=181 would_place=36 would_cancel=0 equity=$500.00
universe refreshed: 192 quotable market(s)
[DRY-RUN] [2026-08-29T04:33:19.959799+00:00] quotable=192 would_place=35 would_cancel=0 equity=$500.00
[DRY-RUN] [2026-08-29T04:34:10.038708+00:00] quotable=192 would_place=35 would_cancel=0 equity=$500.00
[DRY-RUN] [2026-08-29T04:35:06.130877+00:00] quotable=192 would_place=36 would_cancel=0 equity=$500.00
[DRY-RUN] [2026-08-29T04:35:52.422890+00:00] quotable=192 would_place=36 would_cancel=0 equity=$500.00
[DRY-RUN] [2026-08-29T04:36:38.514370+00:00] quotable=192 would_place=36 would_cancel=0 equity=$500.00
[DRY-RUN] [2026-08-29T04:37:24.599774+00:00] quotable=192 would_place=36 would_cancel=0 equity=$500.00
[DRY-RUN] [2026-08-29T04:38:10.860005+00:00] quotable=192 would_place=36 would_cancel=0 equity=$500.00
[DRY-RUN] [2026-08-29T04:39:06.945979+00:00] quotable=192 would_place=36 would_cancel=0 equity=$500.00
[DRY-RUN] [2026-08-29T04:40:03.028524+00:00] quotable=192 would_place=35 would_cancel=0 equity=$500.00
[DRY-RUN] [2026-08-29T04:40:49.125962+00:00] quotable=192 would_place=35 would_cancel=0 equity=$500.00
[DRY-RUN] [2026-08-29T04:41:35.495103+00:00] quotable=192 would_place=35 would_cancel=0 equity=$500.00
[DRY-RUN] [2026-08-29T04:42:21.703248+00:00] quotable=192 would_place=35 would_cancel=0 equity=$500.00
[DRY-RUN] [2026-08-29T04:43:07.809230+00:00] quotable=192 would_place=35 would_cancel=0 equity=$500.00
[DRY-RUN] [2026-08-29T04:43:53.905411+00:00] quotable=192 would_place=35 would_cancel=0 equity=$500.00
[DRY-RUN] [2026-08-29T04:44:40.030168+00:00] quotable=192 would_place=35 would_cancel=0 equity=$500.00
[DRY-RUN] [2026-08-29T04:45:26.118643+00:00] quotable=192 would_place=35 would_cancel=0 equity=$500.00
[DRY-RUN] [2026-08-29T04:46:22.396373+00:00] quotable=192 would_place=35 would_cancel=0 equity=$500.00
[DRY-RUN] [2026-08-29T04:47:08.488727+00:00] quotable=192 would_place=35 would_cancel=0 equity=$500.00
[DRY-RUN] [2026-08-29T04:47:54.579107+00:00] quotable=192 would_place=35 would_cancel=0 equity=$500.00
[DRY-RUN] [2026-08-29T04:48:40.661729+00:00] quotable=192 would_place=35 would_cancel=0 equity=$500.00
[DRY-RUN] [2026-08-29T04:49:26.737723+00:00] quotable=192 would_place=35 would_cancel=0 equity=$500.00
[DRY-RUN] [2026-08-29T04:50:12.965900+00:00] quotable=192 would_place=35 would_cancel=0 equity=$500.00
[DRY-RUN] [2026-08-29T04:50:59.054079+00:00] quotable=192 would_place=35 would_cancel=0 equity=$500.00
[DRY-RUN] [2026-08-29T04:51:45.344456+00:00] quotable=192 would_place=35 would_cancel=0 equity=$500.00
[DRY-RUN] [2026-08-29T04:52:31.625951+00:00] quotable=192 would_place=35 would_cancel=0 equity=$500.00
[DRY-RUN] [2026-08-29T04:53:17.717055+00:00] quotable=192 would_place=35 would_cancel=0 equity=$500.00
[DRY-RUN] [2026-08-29T04:54:03.856971+00:00] quotable=192 would_place=35 would_cancel=0 equity=$500.00
[DRY-RUN] [2026-08-29T04:54:50.127720+00:00] quotable=192 would_place=35 would_cancel=0 equity=$500.00
[DRY-RUN] [2026-08-29T04:55:36.255608+00:00] quotable=192 would_place=36 would_cancel=0 equity=$500.00
[DRY-RUN] [2026-08-29T04:56:22.355837+00:00] quotable=192 would_place=36 would_cancel=0 equity=$500.00
[DRY-RUN] [2026-08-29T04:57:08.785876+00:00] quotable=192 would_place=36 would_cancel=0 equity=$500.00
[DRY-RUN] [2026-08-29T04:57:54.919514+00:00] quotable=192 would_place=36 would_cancel=0 equity=$500.00
[DRY-RUN] [2026-08-29T04:58:40.993818+00:00] quotable=192 would_place=36 would_cancel=0 equity=$500.00
[DRY-RUN] [2026-08-29T04:59:27.259628+00:00] quotable=192 would_place=35 would_cancel=0 equity=$500.00
[DRY-RUN] [2026-08-29T05:00:13.539894+00:00] quotable=192 would_place=35 would_cancel=0 equity=$500.00
[DRY-RUN] [2026-08-29T05:00:59.837918+00:00] quotable=192 would_place=36 would_cancel=0 equity=$500.00
[DRY-RUN] [2026-08-29T05:01:45.921471+00:00] quotable=192 would_place=36 would_cancel=0 equity=$500.00
[DRY-RUN] [2026-08-29T05:02:32.009357+00:00] quotable=192 would_place=36 would_cancel=0 equity=$500.00
[DRY-RUN] [2026-08-29T05:03:18.139897+00:00] quotable=192 would_place=36 would_cancel=0 equity=$500.00
universe refreshed: 189 quotable market(s)
[DRY-RUN] [2026-08-29T05:04:10.330984+00:00] quotable=189 would_place=33 would_cancel=0 equity=$500.00
[DRY-RUN] [2026-08-29T05:05:00.591038+00:00] quotable=189 would_place=33 would_cancel=0 equity=$500.00
[DRY-RUN] [2026-08-29T05:05:46.893286+00:00] quotable=189 would_place=33 would_cancel=0 equity=$500.00
[DRY-RUN] [2026-08-29T05:06:33.100335+00:00] quotable=189 would_place=33 would_cancel=0 equity=$500.00
[DRY-RUN] [2026-08-29T05:07:19.387828+00:00] quotable=189 would_place=33 would_cancel=0 equity=$500.00
[DRY-RUN] [2026-08-29T05:08:05.506461+00:00] quotable=189 would_place=33 would_cancel=0 equity=$500.00
[DRY-RUN] [2026-08-29T05:08:51.858595+00:00] quotable=189 would_place=33 would_cancel=0 equity=$500.00
[DRY-RUN] [2026-08-29T05:09:37.966046+00:00] quotable=189 would_place=33 would_cancel=0 equity=$500.00
[DRY-RUN] [2026-08-29T05:10:24.061480+00:00] quotable=189 would_place=33 would_cancel=0 equity=$500.00
[DRY-RUN] [2026-08-29T05:11:10.321123+00:00] quotable=189 would_place=33 would_cancel=0 equity=$500.00
[DRY-RUN] [2026-08-29T05:11:56.501206+00:00] quotable=189 would_place=33 would_cancel=0 equity=$500.00
[DRY-RUN] [2026-08-29T05:12:42.644044+00:00] quotable=189 would_place=33 would_cancel=0 equity=$500.00
[DRY-RUN] [2026-08-29T05:13:28.783567+00:00] quotable=189 would_place=33 would_cancel=0 equity=$500.00
[DRY-RUN] [2026-08-29T05:14:14.871977+00:00] quotable=189 would_place=33 would_cancel=0 equity=$500.00
[DRY-RUN] [2026-08-29T05:15:00.954940+00:00] quotable=189 would_place=33 would_cancel=0 equity=$500.00
[DRY-RUN] [2026-08-29T05:15:47.060497+00:00] quotable=189 would_place=33 would_cancel=0 equity=$500.00
[DRY-RUN] [2026-08-29T05:16:33.129626+00:00] quotable=189 would_place=33 would_cancel=0 equity=$500.00
[DRY-RUN] [2026-08-29T05:17:19.225867+00:00] quotable=189 would_place=33 would_cancel=0 equity=$500.00
[DRY-RUN] [2026-08-29T05:18:05.312648+00:00] quotable=189 would_place=33 would_cancel=0 equity=$500.00
[DRY-RUN] [2026-08-29T05:18:51.490714+00:00] quotable=189 would_place=33 would_cancel=0 equity=$500.00
[DRY-RUN] [2026-08-29T05:19:37.611418+00:00] quotable=189 would_place=33 would_cancel=0 equity=$500.00
[DRY-RUN] [2026-08-29T05:20:23.719574+00:00] quotable=189 would_place=33 would_cancel=0 equity=$500.00
[DRY-RUN] [2026-08-29T05:21:09.998250+00:00] quotable=189 would_place=33 would_cancel=0 equity=$500.00
[DRY-RUN] [2026-08-29T05:21:56.082593+00:00] quotable=189 would_place=33 would_cancel=0 equity=$500.00
[DRY-RUN] [2026-08-29T05:22:42.351049+00:00] quotable=189 would_place=33 would_cancel=0 equity=$500.00
[DRY-RUN] [2026-08-29T05:23:28.615230+00:00] quotable=189 would_place=33 would_cancel=0 equity=$500.00
[DRY-RUN] [2026-08-29T05:24:14.711893+00:00] quotable=189 would_place=33 would_cancel=0 equity=$500.00
[DRY-RUN] [2026-08-29T05:25:00.801715+00:00] quotable=189 would_place=33 would_cancel=0 equity=$500.00
[DRY-RUN] [2026-08-29T05:25:46.909819+00:00] quotable=189 would_place=34 would_cancel=0 equity=$500.00
[DRY-RUN] [2026-08-29T05:26:33.002075+00:00] quotable=189 would_place=34 would_cancel=0 equity=$500.00
[DRY-RUN] [2026-08-29T05:27:19.092123+00:00] quotable=189 would_place=34 would_cancel=0 equity=$500.00
[DRY-RUN] [2026-08-29T05:28:15.228887+00:00] quotable=189 would_place=34 would_cancel=0 equity=$500.00
[DRY-RUN] [2026-08-29T05:29:01.367351+00:00] quotable=189 would_place=34 would_cancel=0 equity=$500.00
[DRY-RUN] [2026-08-29T05:29:47.475308+00:00] quotable=189 would_place=34 would_cancel=0 equity=$500.00
[DRY-RUN] [2026-08-29T05:30:43.752388+00:00] quotable=189 would_place=34 would_cancel=0 equity=$500.00
[DRY-RUN] [2026-08-29T05:31:39.864312+00:00] quotable=189 would_place=34 would_cancel=0 equity=$500.00
[DRY-RUN] [2026-08-29T05:32:25.942719+00:00] quotable=189 would_place=34 would_cancel=0 equity=$500.00
[DRY-RUN] [2026-08-29T05:33:12.229239+00:00] quotable=189 would_place=32 would_cancel=0 equity=$500.00
[DRY-RUN] [2026-08-29T05:34:08.602838+00:00] quotable=189 would_place=32 would_cancel=0 equity=$500.00
universe refreshed: 196 quotable market(s)
[DRY-RUN] [2026-08-29T05:35:03.188760+00:00] quotable=196 would_place=36 would_cancel=0 equity=$500.00
[DRY-RUN] [2026-08-29T05:35:53.529848+00:00] quotable=196 would_place=36 would_cancel=0 equity=$500.00
[DRY-RUN] [2026-08-29T05:36:39.608130+00:00] quotable=196 would_place=36 would_cancel=0 equity=$500.00
[DRY-RUN] [2026-08-29T05:37:25.753819+00:00] quotable=196 would_place=36 would_cancel=0 equity=$500.00
[DRY-RUN] [2026-08-29T05:38:21.844125+00:00] quotable=196 would_place=36 would_cancel=0 equity=$500.00
[DRY-RUN] [2026-08-29T05:39:18.047712+00:00] quotable=196 would_place=36 would_cancel=0 equity=$500.00
[DRY-RUN] [2026-08-29T05:40:04.142477+00:00] quotable=196 would_place=36 would_cancel=0 equity=$500.00
[DRY-RUN] [2026-08-29T05:40:50.242645+00:00] quotable=196 would_place=36 would_cancel=0 equity=$500.00
[DRY-RUN] [2026-08-29T05:41:36.327885+00:00] quotable=196 would_place=36 would_cancel=0 equity=$500.00
[DRY-RUN] [2026-08-29T05:42:22.425409+00:00] quotable=196 would_place=36 would_cancel=0 equity=$500.00
[DRY-RUN] [2026-08-29T05:43:08.513114+00:00] quotable=196 would_place=36 would_cancel=0 equity=$500.00
[DRY-RUN] [2026-08-29T05:43:54.738361+00:00] quotable=196 would_place=36 would_cancel=0 equity=$500.00
[DRY-RUN] [2026-08-29T05:44:40.824821+00:00] quotable=196 would_place=36 would_cancel=0 equity=$500.00
[DRY-RUN] [2026-08-29T05:45:26.906385+00:00] quotable=196 would_place=36 would_cancel=0 equity=$500.00
[DRY-RUN] [2026-08-29T05:46:13.146419+00:00] quotable=196 would_place=36 would_cancel=0 equity=$500.00
[DRY-RUN] [2026-08-29T05:46:59.224490+00:00] quotable=196 would_place=32 would_cancel=0 equity=$500.00
[DRY-RUN] [2026-08-29T05:47:45.366893+00:00] quotable=196 would_place=32 would_cancel=0 equity=$500.00
[DRY-RUN] [2026-08-29T05:48:31.440609+00:00] quotable=196 would_place=32 would_cancel=0 equity=$500.00
[DRY-RUN] [2026-08-29T05:49:17.536499+00:00] quotable=196 would_place=36 would_cancel=0 equity=$500.00
[DRY-RUN] [2026-08-29T05:50:03.758046+00:00] quotable=196 would_place=36 would_cancel=0 equity=$500.00
[DRY-RUN] [2026-08-29T05:50:50.015628+00:00] quotable=196 would_place=36 would_cancel=0 equity=$500.00
[DRY-RUN] [2026-08-29T05:51:36.227448+00:00] quotable=196 would_place=36 would_cancel=0 equity=$500.00
[DRY-RUN] [2026-08-29T05:52:22.307733+00:00] quotable=196 would_place=36 would_cancel=0 equity=$500.00
[DRY-RUN] [2026-08-29T05:53:08.547296+00:00] quotable=196 would_place=32 would_cancel=0 equity=$500.00
[DRY-RUN] [2026-08-29T05:53:54.766668+00:00] quotable=196 would_place=32 would_cancel=0 equity=$500.00
[DRY-RUN] [2026-08-29T05:54:40.849377+00:00] quotable=196 would_place=32 would_cancel=0 equity=$500.00
[DRY-RUN] [2026-08-29T05:55:37.068390+00:00] quotable=196 would_place=32 would_cancel=0 equity=$500.00
[DRY-RUN] [2026-08-29T05:56:23.146666+00:00] quotable=196 would_place=32 would_cancel=0 equity=$500.00
[DRY-RUN] [2026-08-29T05:57:09.222837+00:00] quotable=196 would_place=36 would_cancel=0 equity=$500.00
[DRY-RUN] [2026-08-29T05:57:55.336870+00:00] quotable=196 would_place=36 would_cancel=0 equity=$500.00
[DRY-RUN] [2026-08-29T05:58:41.410816+00:00] quotable=196 would_place=36 would_cancel=0 equity=$500.00
[DRY-RUN] [2026-08-29T05:59:27.496099+00:00] quotable=196 would_place=36 would_cancel=0 equity=$500.00
[DRY-RUN] [2026-08-29T06:00:13.601678+00:00] quotable=196 would_place=36 would_cancel=0 equity=$500.00
[DRY-RUN] [2026-08-29T06:01:09.697062+00:00] quotable=196 would_place=36 would_cancel=0 equity=$500.00
[DRY-RUN] [2026-08-29T06:01:55.832069+00:00] quotable=196 would_place=36 would_cancel=0 equity=$500.00
[DRY-RUN] [2026-08-29T06:02:41.909206+00:00] quotable=196 would_place=36 would_cancel=0 equity=$500.00
[DRY-RUN] [2026-08-29T06:03:28.033544+00:00] quotable=196 would_place=36 would_cancel=0 equity=$500.00
[DRY-RUN] [2026-08-29T06:04:14.158712+00:00] quotable=196 would_place=36 would_cancel=0 equity=$500.00
universe refreshed: 198 quotable market(s)
[DRY-RUN] [2026-08-29T06:05:15.633112+00:00] quotable=198 would_place=34 would_cancel=0 equity=$500.00
[DRY-RUN] [2026-08-29T06:06:05.967167+00:00] quotable=198 would_place=34 would_cancel=0 equity=$500.00
[DRY-RUN] [2026-08-29T06:06:52.078149+00:00] quotable=198 would_place=34 would_cancel=0 equity=$500.00
[DRY-RUN] [2026-08-29T06:07:38.206114+00:00] quotable=198 would_place=34 would_cancel=0 equity=$500.00
[DRY-RUN] [2026-08-29T06:08:24.479407+00:00] quotable=198 would_place=34 would_cancel=0 equity=$500.00
[DRY-RUN] [2026-08-29T06:09:10.567899+00:00] quotable=198 would_place=34 would_cancel=0 equity=$500.00
[DRY-RUN] [2026-08-29T06:09:56.909431+00:00] quotable=198 would_place=34 would_cancel=0 equity=$500.00
[DRY-RUN] [2026-08-29T06:10:42.992801+00:00] quotable=198 would_place=34 would_cancel=0 equity=$500.00
[DRY-RUN] [2026-08-29T06:11:29.075750+00:00] quotable=198 would_place=34 would_cancel=0 equity=$500.00
[DRY-RUN] [2026-08-29T06:12:15.154936+00:00] quotable=198 would_place=34 would_cancel=0 equity=$500.00
[DRY-RUN] [2026-08-29T06:13:01.223619+00:00] quotable=198 would_place=34 would_cancel=0 equity=$500.00
[DRY-RUN] [2026-08-29T06:13:47.405159+00:00] quotable=198 would_place=34 would_cancel=0 equity=$500.00
[DRY-RUN] [2026-08-29T06:14:33.692503+00:00] quotable=198 would_place=34 would_cancel=0 equity=$500.00
[DRY-RUN] [2026-08-29T06:15:19.935353+00:00] quotable=198 would_place=34 would_cancel=0 equity=$500.00
[DRY-RUN] [2026-08-29T06:16:06.004323+00:00] quotable=198 would_place=34 would_cancel=0 equity=$500.00
[DRY-RUN] [2026-08-29T06:16:52.266346+00:00] quotable=198 would_place=34 would_cancel=0 equity=$500.00
[DRY-RUN] [2026-08-29T06:17:38.354556+00:00] quotable=198 would_place=34 would_cancel=0 equity=$500.00
[DRY-RUN] [2026-08-29T06:18:24.636326+00:00] quotable=198 would_place=34 would_cancel=0 equity=$500.00
[DRY-RUN] [2026-08-29T06:19:10.728672+00:00] quotable=198 would_place=34 would_cancel=0 equity=$500.00
[DRY-RUN] [2026-08-29T06:20:06.852649+00:00] quotable=198 would_place=34 would_cancel=0 equity=$500.00
[DRY-RUN] [2026-08-29T06:20:52.953770+00:00] quotable=198 would_place=34 would_cancel=0 equity=$500.00
[DRY-RUN] [2026-08-29T06:21:39.026747+00:00] quotable=198 would_place=34 would_cancel=0 equity=$500.00
[DRY-RUN] [2026-08-29T06:22:25.096764+00:00] quotable=198 would_place=34 would_cancel=0 equity=$500.00
[DRY-RUN] [2026-08-29T06:23:11.369491+00:00] quotable=198 would_place=34 would_cancel=0 equity=$500.00
[DRY-RUN] [2026-08-29T06:23:57.517301+00:00] quotable=198 would_place=34 would_cancel=0 equity=$500.00
[DRY-RUN] [2026-08-29T06:24:43.603000+00:00] quotable=198 would_place=34 would_cancel=0 equity=$500.00
[DRY-RUN] [2026-08-29T06:25:29.869747+00:00] quotable=198 would_place=34 would_cancel=0 equity=$500.00
[DRY-RUN] [2026-08-29T06:26:16.205355+00:00] quotable=198 would_place=34 would_cancel=0 equity=$500.00
[DRY-RUN] [2026-08-29T06:27:02.318023+00:00] quotable=198 would_place=34 would_cancel=0 equity=$500.00
[DRY-RUN] [2026-08-29T06:27:48.385497+00:00] quotable=198 would_place=34 would_cancel=0 equity=$500.00
[DRY-RUN] [2026-08-29T06:28:34.486256+00:00] quotable=198 would_place=34 would_cancel=0 equity=$500.00
[DRY-RUN] [2026-08-29T06:29:20.558273+00:00] quotable=198 would_place=34 would_cancel=0 equity=$500.00
[DRY-RUN] [2026-08-29T06:30:06.702998+00:00] quotable=198 would_place=34 would_cancel=0 equity=$500.00
[DRY-RUN] [2026-08-29T06:30:52.816216+00:00] quotable=198 would_place=34 would_cancel=0 equity=$500.00
[DRY-RUN] [2026-08-29T06:31:38.929680+00:00] quotable=198 would_place=34 would_cancel=0 equity=$500.00
[DRY-RUN] [2026-08-29T06:32:25.188733+00:00] quotable=198 would_place=34 would_cancel=0 equity=$500.00
[DRY-RUN] [2026-08-29T06:33:11.317763+00:00] quotable=198 would_place=34 would_cancel=0 equity=$500.00
[DRY-RUN] [2026-08-29T06:33:57.566841+00:00] quotable=198 would_place=34 would_cancel=0 equity=$500.00
[DRY-RUN] [2026-08-29T06:34:43.677126+00:00] quotable=198 would_place=34 would_cancel=0 equity=$500.00
universe refreshed: 198 quotable market(s)
[DRY-RUN] [2026-08-29T06:35:34.659470+00:00] quotable=198 would_place=30 would_cancel=0 equity=$500.00
[DRY-RUN] [2026-08-29T06:36:25.225904+00:00] quotable=198 would_place=30 would_cancel=0 equity=$500.00
[DRY-RUN] [2026-08-29T06:37:11.370109+00:00] quotable=198 would_place=30 would_cancel=0 equity=$500.00
[DRY-RUN] [2026-08-29T06:37:57.461515+00:00] quotable=198 would_place=30 would_cancel=0 equity=$500.00
[DRY-RUN] [2026-08-29T06:38:43.536615+00:00] quotable=198 would_place=30 would_cancel=0 equity=$500.00
[DRY-RUN] [2026-08-29T06:39:29.638586+00:00] quotable=198 would_place=30 would_cancel=0 equity=$500.00
[DRY-RUN] [2026-08-29T06:40:15.725470+00:00] quotable=198 would_place=30 would_cancel=0 equity=$500.00
[DRY-RUN] [2026-08-29T06:41:01.810750+00:00] quotable=198 would_place=30 would_cancel=0 equity=$500.00
[DRY-RUN] [2026-08-29T06:41:57.917827+00:00] quotable=198 would_place=30 would_cancel=0 equity=$500.00
[DRY-RUN] [2026-08-29T06:42:44.212125+00:00] quotable=198 would_place=30 would_cancel=0 equity=$500.00
[DRY-RUN] [2026-08-29T06:43:30.476607+00:00] quotable=198 would_place=30 would_cancel=0 equity=$500.00
[DRY-RUN] [2026-08-29T06:44:16.561820+00:00] quotable=198 would_place=30 would_cancel=0 equity=$500.00
[DRY-RUN] [2026-08-29T06:45:12.788526+00:00] quotable=198 would_place=30 would_cancel=0 equity=$500.00
[DRY-RUN] [2026-08-29T06:46:09.078107+00:00] quotable=198 would_place=30 would_cancel=0 equity=$500.00
[DRY-RUN] [2026-08-29T06:47:05.189296+00:00] quotable=198 would_place=30 would_cancel=0 equity=$500.00
[DRY-RUN] [2026-08-29T06:47:51.472896+00:00] quotable=198 would_place=30 would_cancel=0 equity=$500.00
[DRY-RUN] [2026-08-29T06:48:37.760605+00:00] quotable=198 would_place=30 would_cancel=0 equity=$500.00
[DRY-RUN] [2026-08-29T06:49:23.860871+00:00] quotable=198 would_place=28 would_cancel=0 equity=$500.00
[DRY-RUN] [2026-08-29T06:50:10.148290+00:00] quotable=198 would_place=28 would_cancel=0 equity=$500.00
[DRY-RUN] [2026-08-29T06:50:56.410806+00:00] quotable=198 would_place=28 would_cancel=0 equity=$500.00
[DRY-RUN] [2026-08-29T06:51:42.695024+00:00] quotable=198 would_place=28 would_cancel=0 equity=$500.00
[DRY-RUN] [2026-08-29T06:52:28.788641+00:00] quotable=198 would_place=28 would_cancel=0 equity=$500.00
[DRY-RUN] [2026-08-29T06:53:15.100835+00:00] quotable=198 would_place=28 would_cancel=0 equity=$500.00
[DRY-RUN] [2026-08-29T06:54:01.223265+00:00] quotable=198 would_place=28 would_cancel=0 equity=$500.00
[DRY-RUN] [2026-08-29T06:54:47.332747+00:00] quotable=198 would_place=28 would_cancel=0 equity=$500.00
[DRY-RUN] [2026-08-29T06:55:33.421193+00:00] quotable=198 would_place=28 would_cancel=0 equity=$500.00
[DRY-RUN] [2026-08-29T06:56:29.526809+00:00] quotable=198 would_place=28 would_cancel=0 equity=$500.00
[DRY-RUN] [2026-08-29T06:57:15.801833+00:00] quotable=198 would_place=28 would_cancel=0 equity=$500.00
[DRY-RUN] [2026-08-29T06:58:01.903660+00:00] quotable=198 would_place=28 would_cancel=0 equity=$500.00
[DRY-RUN] [2026-08-29T06:58:47.980667+00:00] quotable=198 would_place=28 would_cancel=0 equity=$500.00
[DRY-RUN] [2026-08-29T06:59:34.309493+00:00] quotable=198 would_place=28 would_cancel=0 equity=$500.00
[DRY-RUN] [2026-08-29T07:00:20.401709+00:00] quotable=198 would_place=28 would_cancel=0 equity=$500.00
[DRY-RUN] [2026-08-29T07:01:06.522154+00:00] quotable=198 would_place=28 would_cancel=0 equity=$500.00
[DRY-RUN] [2026-08-29T07:01:52.644722+00:00] quotable=198 would_place=28 would_cancel=0 equity=$500.00
[DRY-RUN] [2026-08-29T07:02:38.942820+00:00] quotable=198 would_place=28 would_cancel=0 equity=$500.00
[DRY-RUN] [2026-08-29T07:03:35.145179+00:00] quotable=198 would_place=28 would_cancel=0 equity=$500.00
[DRY-RUN] [2026-08-29T07:04:21.264129+00:00] quotable=198 would_place=30 would_cancel=0 equity=$500.00
[DRY-RUN] [2026-08-29T07:05:07.731166+00:00] quotable=198 would_place=30 would_cancel=0 equity=$500.00
universe refreshed: 204 quotable market(s)
[DRY-RUN] [2026-08-29T07:06:09.208574+00:00] quotable=204 would_place=32 would_cancel=0 equity=$500.00
[DRY-RUN] [2026-08-29T07:06:59.191772+00:00] quotable=204 would_place=32 would_cancel=0 equity=$500.00
[DRY-RUN] [2026-08-29T07:07:55.424359+00:00] quotable=204 would_place=32 would_cancel=0 equity=$500.00
[DRY-RUN] [2026-08-29T07:08:41.723169+00:00] quotable=204 would_place=32 would_cancel=0 equity=$500.00
[DRY-RUN] [2026-08-29T07:09:27.822030+00:00] quotable=204 would_place=32 would_cancel=0 equity=$500.00
[DRY-RUN] [2026-08-29T07:10:13.900965+00:00] quotable=204 would_place=32 would_cancel=0 equity=$500.00
[DRY-RUN] [2026-08-29T07:11:00.151966+00:00] quotable=204 would_place=32 would_cancel=0 equity=$500.00
[DRY-RUN] [2026-08-29T07:11:46.411689+00:00] quotable=204 would_place=32 would_cancel=0 equity=$500.00
[DRY-RUN] [2026-08-29T07:12:32.517730+00:00] quotable=204 would_place=32 would_cancel=0 equity=$500.00
[DRY-RUN] [2026-08-29T07:13:18.631644+00:00] quotable=204 would_place=32 would_cancel=0 equity=$500.00
[DRY-RUN] [2026-08-29T07:14:14.770888+00:00] quotable=204 would_place=32 would_cancel=0 equity=$500.00
[DRY-RUN] [2026-08-29T07:15:00.858629+00:00] quotable=204 would_place=32 would_cancel=0 equity=$500.00
[DRY-RUN] [2026-08-29T07:15:47.098228+00:00] quotable=204 would_place=32 would_cancel=0 equity=$500.00
[DRY-RUN] [2026-08-29T07:16:33.210701+00:00] quotable=204 would_place=32 would_cancel=0 equity=$500.00
[DRY-RUN] [2026-08-29T07:17:19.461309+00:00] quotable=204 would_place=32 would_cancel=0 equity=$500.00
[DRY-RUN] [2026-08-29T07:18:05.542154+00:00] quotable=204 would_place=32 would_cancel=0 equity=$500.00
[DRY-RUN] [2026-08-29T07:19:01.639762+00:00] quotable=204 would_place=32 would_cancel=0 equity=$500.00
[DRY-RUN] [2026-08-29T07:19:47.764733+00:00] quotable=204 would_place=32 would_cancel=0 equity=$500.00
[DRY-RUN] [2026-08-29T07:20:34.061447+00:00] quotable=204 would_place=32 would_cancel=0 equity=$500.00
[DRY-RUN] [2026-08-29T07:21:20.154882+00:00] quotable=204 would_place=32 would_cancel=0 equity=$500.00
[DRY-RUN] [2026-08-29T07:22:06.273890+00:00] quotable=204 would_place=32 would_cancel=0 equity=$500.00
[DRY-RUN] [2026-08-29T07:22:52.375450+00:00] quotable=204 would_place=32 would_cancel=0 equity=$500.00
[DRY-RUN] [2026-08-29T07:23:38.492877+00:00] quotable=204 would_place=32 would_cancel=0 equity=$500.00
[DRY-RUN] [2026-08-29T07:24:25.419382+00:00] quotable=204 would_place=32 would_cancel=0 equity=$500.00
[DRY-RUN] [2026-08-29T07:25:11.506461+00:00] quotable=204 would_place=32 would_cancel=0 equity=$500.00
[DRY-RUN] [2026-08-29T07:25:57.587505+00:00] quotable=204 would_place=32 would_cancel=0 equity=$500.00
[DRY-RUN] [2026-08-29T07:26:43.669232+00:00] quotable=204 would_place=32 would_cancel=0 equity=$500.00
[DRY-RUN] [2026-08-29T07:27:29.777360+00:00] quotable=204 would_place=32 would_cancel=0 equity=$500.00
[DRY-RUN] [2026-08-29T07:28:15.875825+00:00] quotable=204 would_place=32 would_cancel=0 equity=$500.00
[DRY-RUN] [2026-08-29T07:29:01.966044+00:00] quotable=204 would_place=32 would_cancel=0 equity=$500.00
[DRY-RUN] [2026-08-29T07:29:48.073742+00:00] quotable=204 would_place=32 would_cancel=0 equity=$500.00
[DRY-RUN] [2026-08-29T07:30:34.165833+00:00] quotable=204 would_place=32 would_cancel=0 equity=$500.00
[DRY-RUN] [2026-08-29T07:31:20.276595+00:00] quotable=204 would_place=32 would_cancel=0 equity=$500.00
[DRY-RUN] [2026-08-29T07:32:06.361678+00:00] quotable=204 would_place=32 would_cancel=0 equity=$500.00
[DRY-RUN] [2026-08-29T07:32:52.436489+00:00] quotable=204 would_place=32 would_cancel=0 equity=$500.00
[DRY-RUN] [2026-08-29T07:33:38.542774+00:00] quotable=204 would_place=32 would_cancel=0 equity=$500.00
[DRY-RUN] [2026-08-29T07:34:24.858054+00:00] quotable=204 would_place=32 would_cancel=0 equity=$500.00
[DRY-RUN] [2026-08-29T07:35:10.919174+00:00] quotable=204 would_place=32 would_cancel=0 equity=$500.00
[DRY-RUN] [2026-08-29T07:35:57.155515+00:00] quotable=204 would_place=32 would_cancel=0 equity=$500.00
universe refreshed: 199 quotable market(s)
[DRY-RUN] [2026-08-29T07:36:48.123998+00:00] quotable=199 would_place=34 would_cancel=0 equity=$500.00
[DRY-RUN] [2026-08-29T07:37:37.371265+00:00] quotable=199 would_place=34 would_cancel=0 equity=$500.00
[DRY-RUN] [2026-08-29T07:38:33.466165+00:00] quotable=199 would_place=34 would_cancel=0 equity=$500.00
[DRY-RUN] [2026-08-29T07:39:19.562895+00:00] quotable=199 would_place=34 would_cancel=0 equity=$500.00
[DRY-RUN] [2026-08-29T07:40:15.653142+00:00] quotable=199 would_place=34 would_cancel=0 equity=$500.00
[DRY-RUN] [2026-08-29T07:41:01.742264+00:00] quotable=199 would_place=34 would_cancel=0 equity=$500.00
[DRY-RUN] [2026-08-29T07:41:47.872494+00:00] quotable=199 would_place=34 would_cancel=0 equity=$500.00
[DRY-RUN] [2026-08-29T07:42:44.147308+00:00] quotable=199 would_place=34 would_cancel=0 equity=$500.00
[DRY-RUN] [2026-08-29T07:43:30.235171+00:00] quotable=199 would_place=34 would_cancel=0 equity=$500.00
[DRY-RUN] [2026-08-29T07:44:16.180696+00:00] quotable=199 would_place=34 would_cancel=0 equity=$500.00
[DRY-RUN] [2026-08-29T07:45:02.261435+00:00] quotable=199 would_place=34 would_cancel=0 equity=$500.00
[DRY-RUN] [2026-08-29T07:45:48.212820+00:00] quotable=199 would_place=34 would_cancel=0 equity=$500.00
[DRY-RUN] [2026-08-29T07:46:34.492338+00:00] quotable=199 would_place=34 would_cancel=0 equity=$500.00
[DRY-RUN] [2026-08-29T07:47:20.589339+00:00] quotable=199 would_place=34 would_cancel=0 equity=$500.00
[DRY-RUN] [2026-08-29T07:48:06.667718+00:00] quotable=199 would_place=34 would_cancel=0 equity=$500.00
[DRY-RUN] [2026-08-29T07:48:52.764969+00:00] quotable=199 would_place=34 would_cancel=0 equity=$500.00
[DRY-RUN] [2026-08-29T07:49:38.839908+00:00] quotable=199 would_place=34 would_cancel=0 equity=$500.00
[DRY-RUN] [2026-08-29T07:50:24.928725+00:00] quotable=199 would_place=34 would_cancel=0 equity=$500.00
[DRY-RUN] [2026-08-29T07:51:11.029751+00:00] quotable=199 would_place=34 would_cancel=0 equity=$500.00
[DRY-RUN] [2026-08-29T07:51:57.117679+00:00] quotable=199 would_place=34 would_cancel=0 equity=$500.00
[DRY-RUN] [2026-08-29T07:52:43.445231+00:00] quotable=199 would_place=34 would_cancel=0 equity=$500.00
[DRY-RUN] [2026-08-29T07:53:29.541762+00:00] quotable=199 would_place=34 would_cancel=0 equity=$500.00
[DRY-RUN] [2026-08-29T07:54:15.600867+00:00] quotable=199 would_place=34 would_cancel=0 equity=$500.00
[DRY-RUN] [2026-08-29T07:55:01.698097+00:00] quotable=199 would_place=34 would_cancel=0 equity=$500.00
[DRY-RUN] [2026-08-29T07:55:47.981827+00:00] quotable=199 would_place=34 would_cancel=0 equity=$500.00
[DRY-RUN] [2026-08-29T07:56:34.081397+00:00] quotable=199 would_place=34 would_cancel=0 equity=$500.00
[DRY-RUN] [2026-08-29T07:57:20.235223+00:00] quotable=199 would_place=34 would_cancel=0 equity=$500.00
[DRY-RUN] [2026-08-29T07:58:06.541957+00:00] quotable=199 would_place=34 would_cancel=0 equity=$500.00
[DRY-RUN] [2026-08-29T07:58:52.657760+00:00] quotable=199 would_place=34 would_cancel=0 equity=$500.00
[DRY-RUN] [2026-08-29T07:59:38.952159+00:00] quotable=199 would_place=34 would_cancel=0 equity=$500.00
[DRY-RUN] [2026-08-29T08:00:25.255128+00:00] quotable=199 would_place=34 would_cancel=0 equity=$500.00
[DRY-RUN] [2026-08-29T08:01:21.393688+00:00] quotable=199 would_place=34 would_cancel=0 equity=$500.00
[DRY-RUN] [2026-08-29T08:02:07.683283+00:00] quotable=199 would_place=34 would_cancel=0 equity=$500.00
[DRY-RUN] [2026-08-29T08:02:53.826973+00:00] quotable=199 would_place=34 would_cancel=0 equity=$500.00
[DRY-RUN] [2026-08-29T08:03:40.037720+00:00] quotable=199 would_place=34 would_cancel=0 equity=$500.00
[DRY-RUN] [2026-08-29T08:04:26.133230+00:00] quotable=199 would_place=34 would_cancel=0 equity=$500.00
[DRY-RUN] [2026-08-29T08:05:12.223709+00:00] quotable=199 would_place=34 would_cancel=0 equity=$500.00
[DRY-RUN] [2026-08-29T08:05:58.333896+00:00] quotable=199 would_place=34 would_cancel=0 equity=$500.00
[DRY-RUN] [2026-08-29T08:06:44.474660+00:00] quotable=199 would_place=34 would_cancel=0 equity=$500.00
universe refreshed: 201 quotable market(s)
[DRY-RUN] [2026-08-29T08:07:35.518654+00:00] quotable=201 would_place=38 would_cancel=0 equity=$500.00
[DRY-RUN] [2026-08-29T08:08:25.414058+00:00] quotable=201 would_place=38 would_cancel=0 equity=$500.00
[DRY-RUN] [2026-08-29T08:09:11.508760+00:00] quotable=201 would_place=38 would_cancel=0 equity=$500.00
[DRY-RUN] [2026-08-29T08:09:57.635674+00:00] quotable=201 would_place=38 would_cancel=0 equity=$500.00
[DRY-RUN] [2026-08-29T08:10:43.711526+00:00] quotable=201 would_place=38 would_cancel=0 equity=$500.00
[DRY-RUN] [2026-08-29T08:11:29.797443+00:00] quotable=201 would_place=38 would_cancel=0 equity=$500.00
[DRY-RUN] [2026-08-29T08:12:15.902138+00:00] quotable=201 would_place=38 would_cancel=0 equity=$500.00
[DRY-RUN] [2026-08-29T08:13:12.015096+00:00] quotable=201 would_place=38 would_cancel=0 equity=$500.00
[DRY-RUN] [2026-08-29T08:13:57.947290+00:00] quotable=201 would_place=38 would_cancel=0 equity=$500.00
[DRY-RUN] [2026-08-29T08:14:44.047241+00:00] quotable=201 would_place=38 would_cancel=0 equity=$500.00
[DRY-RUN] [2026-08-29T08:15:30.148879+00:00] quotable=201 would_place=38 would_cancel=0 equity=$500.00
[DRY-RUN] [2026-08-29T08:16:16.298673+00:00] quotable=201 would_place=38 would_cancel=0 equity=$500.00
[DRY-RUN] [2026-08-29T08:17:02.975304+00:00] quotable=201 would_place=38 would_cancel=0 equity=$500.00
[DRY-RUN] [2026-08-29T08:17:49.082171+00:00] quotable=201 would_place=38 would_cancel=0 equity=$500.00
[DRY-RUN] [2026-08-29T08:18:35.488281+00:00] quotable=201 would_place=38 would_cancel=0 equity=$500.00
[DRY-RUN] [2026-08-29T08:19:21.565761+00:00] quotable=201 would_place=38 would_cancel=0 equity=$500.00
[DRY-RUN] [2026-08-29T08:20:07.645845+00:00] quotable=201 would_place=38 would_cancel=0 equity=$500.00
[DRY-RUN] [2026-08-29T08:21:03.753671+00:00] quotable=201 would_place=38 would_cancel=0 equity=$500.00
[DRY-RUN] [2026-08-29T08:21:59.891409+00:00] quotable=201 would_place=38 would_cancel=0 equity=$500.00
[DRY-RUN] [2026-08-29T08:22:46.228163+00:00] quotable=201 would_place=38 would_cancel=0 equity=$500.00
[DRY-RUN] [2026-08-29T08:23:32.304154+00:00] quotable=201 would_place=38 would_cancel=0 equity=$500.00
[DRY-RUN] [2026-08-29T08:24:19.088334+00:00] quotable=201 would_place=38 would_cancel=0 equity=$500.00
[DRY-RUN] [2026-08-29T08:25:05.401564+00:00] quotable=201 would_place=36 would_cancel=0 equity=$500.00
[DRY-RUN] [2026-08-29T08:25:51.611340+00:00] quotable=201 would_place=36 would_cancel=0 equity=$500.00
[DRY-RUN] [2026-08-29T08:26:37.848530+00:00] quotable=201 would_place=36 would_cancel=0 equity=$500.00
[DRY-RUN] [2026-08-29T08:27:23.951809+00:00] quotable=201 would_place=36 would_cancel=0 equity=$500.00
[DRY-RUN] [2026-08-29T08:28:10.041442+00:00] quotable=201 would_place=36 would_cancel=0 equity=$500.00
[DRY-RUN] [2026-08-29T08:28:56.140294+00:00] quotable=201 would_place=36 would_cancel=0 equity=$500.00
[DRY-RUN] [2026-08-29T08:29:42.203797+00:00] quotable=201 would_place=36 would_cancel=0 equity=$500.00
[DRY-RUN] [2026-08-29T08:30:28.554068+00:00] quotable=201 would_place=36 would_cancel=0 equity=$500.00
[DRY-RUN] [2026-08-29T08:31:14.652742+00:00] quotable=201 would_place=36 would_cancel=0 equity=$500.00
[DRY-RUN] [2026-08-29T08:32:00.965662+00:00] quotable=201 would_place=36 would_cancel=0 equity=$500.00
[DRY-RUN] [2026-08-29T08:32:47.239331+00:00] quotable=201 would_place=35 would_cancel=0 equity=$500.00
[DRY-RUN] [2026-08-29T08:33:33.330738+00:00] quotable=201 would_place=37 would_cancel=0 equity=$500.00
[DRY-RUN] [2026-08-29T08:34:19.612191+00:00] quotable=201 would_place=37 would_cancel=0 equity=$500.00
[DRY-RUN] [2026-08-29T08:35:05.713713+00:00] quotable=201 would_place=37 would_cancel=0 equity=$500.00
[DRY-RUN] [2026-08-29T08:35:51.820816+00:00] quotable=201 would_place=37 would_cancel=0 equity=$500.00
[DRY-RUN] [2026-08-29T08:36:37.937839+00:00] quotable=201 would_place=37 would_cancel=0 equity=$500.00
[DRY-RUN] [2026-08-29T08:37:24.030195+00:00] quotable=201 would_place=37 would_cancel=0 equity=$500.00
universe refreshed: 196 quotable market(s)
[DRY-RUN] [2026-08-29T08:38:16.132186+00:00] quotable=196 would_place=38 would_cancel=0 equity=$500.00
[DRY-RUN] [2026-08-29T08:39:06.454414+00:00] quotable=196 would_place=38 would_cancel=0 equity=$500.00
[DRY-RUN] [2026-08-29T08:39:52.565588+00:00] quotable=196 would_place=38 would_cancel=0 equity=$500.00
[DRY-RUN] [2026-08-29T08:40:38.645626+00:00] quotable=196 would_place=38 would_cancel=0 equity=$500.00
[DRY-RUN] [2026-08-29T08:41:24.764681+00:00] quotable=196 would_place=38 would_cancel=0 equity=$500.00
[DRY-RUN] [2026-08-29T08:42:10.862418+00:00] quotable=196 would_place=38 would_cancel=0 equity=$500.00
[DRY-RUN] [2026-08-29T08:42:56.939143+00:00] quotable=196 would_place=38 would_cancel=0 equity=$500.00
[DRY-RUN] [2026-08-29T08:43:43.047690+00:00] quotable=196 would_place=38 would_cancel=0 equity=$500.00
[DRY-RUN] [2026-08-29T08:44:29.359835+00:00] quotable=196 would_place=38 would_cancel=0 equity=$500.00
[DRY-RUN] [2026-08-29T08:45:15.510835+00:00] quotable=196 would_place=38 would_cancel=0 equity=$500.00
[DRY-RUN] [2026-08-29T08:46:02.348054+00:00] quotable=196 would_place=38 would_cancel=0 equity=$500.00
[DRY-RUN] [2026-08-29T08:46:48.446827+00:00] quotable=196 would_place=38 would_cancel=0 equity=$500.00
[DRY-RUN] [2026-08-29T08:47:34.549815+00:00] quotable=196 would_place=38 would_cancel=0 equity=$500.00
[DRY-RUN] [2026-08-29T08:48:30.639868+00:00] quotable=196 would_place=38 would_cancel=0 equity=$500.00
[DRY-RUN] [2026-08-29T08:49:17.326214+00:00] quotable=196 would_place=38 would_cancel=0 equity=$500.00
[DRY-RUN] [2026-08-29T08:50:03.424850+00:00] quotable=196 would_place=38 would_cancel=0 equity=$500.00
[DRY-RUN] [2026-08-29T08:50:51.888836+00:00] quotable=196 would_place=38 would_cancel=0 equity=$500.00
[DRY-RUN] [2026-08-29T08:51:48.254414+00:00] quotable=196 would_place=38 would_cancel=0 equity=$500.00
[DRY-RUN] [2026-08-29T08:52:34.325322+00:00] quotable=196 would_place=38 would_cancel=0 equity=$500.00
[DRY-RUN] [2026-08-29T08:53:20.429585+00:00] quotable=196 would_place=38 would_cancel=0 equity=$500.00
[DRY-RUN] [2026-08-29T08:54:06.593336+00:00] quotable=196 would_place=38 would_cancel=0 equity=$500.00
[DRY-RUN] [2026-08-29T08:54:52.713512+00:00] quotable=196 would_place=38 would_cancel=0 equity=$500.00
[DRY-RUN] [2026-08-29T08:55:38.801322+00:00] quotable=196 would_place=38 would_cancel=0 equity=$500.00
[DRY-RUN] [2026-08-29T08:56:25.081467+00:00] quotable=196 would_place=38 would_cancel=0 equity=$500.00
[DRY-RUN] [2026-08-29T08:57:11.212438+00:00] quotable=196 would_place=38 would_cancel=0 equity=$500.00
[DRY-RUN] [2026-08-29T08:57:57.489114+00:00] quotable=196 would_place=38 would_cancel=0 equity=$500.00
[DRY-RUN] [2026-08-29T08:58:43.598514+00:00] quotable=196 would_place=38 would_cancel=0 equity=$500.00
[DRY-RUN] [2026-08-29T08:59:29.737457+00:00] quotable=196 would_place=38 would_cancel=0 equity=$500.00
[DRY-RUN] [2026-08-29T09:00:15.831122+00:00] quotable=196 would_place=38 would_cancel=0 equity=$500.00
[DRY-RUN] [2026-08-29T09:01:12.047033+00:00] quotable=196 would_place=38 would_cancel=0 equity=$500.00
[DRY-RUN] [2026-08-29T09:02:08.348289+00:00] quotable=196 would_place=38 would_cancel=0 equity=$500.00
[DRY-RUN] [2026-08-29T09:02:54.441695+00:00] quotable=196 would_place=38 would_cancel=0 equity=$500.00
[DRY-RUN] [2026-08-29T09:03:40.677288+00:00] quotable=196 would_place=38 would_cancel=0 equity=$500.00
[DRY-RUN] [2026-08-29T09:04:26.775119+00:00] quotable=196 would_place=38 would_cancel=0 equity=$500.00
[DRY-RUN] [2026-08-29T09:05:12.866828+00:00] quotable=196 would_place=38 would_cancel=0 equity=$500.00
[DRY-RUN] [2026-08-29T09:05:59.001840+00:00] quotable=196 would_place=38 would_cancel=0 equity=$500.00
[DRY-RUN] [2026-08-29T09:06:45.087061+00:00] quotable=196 would_place=38 would_cancel=0 equity=$500.00
[DRY-RUN] [2026-08-29T09:07:31.256318+00:00] quotable=196 would_place=38 would_cancel=0 equity=$500.00
universe refreshed: 196 quotable market(s)
[DRY-RUN] [2026-08-29T09:08:26.134513+00:00] quotable=196 would_place=35 would_cancel=0 equity=$500.00
[DRY-RUN] [2026-08-29T09:09:16.097489+00:00] quotable=196 would_place=35 would_cancel=0 equity=$500.00
[DRY-RUN] [2026-08-29T09:10:02.206655+00:00] quotable=196 would_place=35 would_cancel=0 equity=$500.00
[DRY-RUN] [2026-08-29T09:10:58.353115+00:00] quotable=196 would_place=35 would_cancel=0 equity=$500.00
[DRY-RUN] [2026-08-29T09:11:44.471111+00:00] quotable=196 would_place=35 would_cancel=0 equity=$500.00
[DRY-RUN] [2026-08-29T09:12:30.567654+00:00] quotable=196 would_place=35 would_cancel=0 equity=$500.00
[DRY-RUN] [2026-08-29T09:13:16.794659+00:00] quotable=196 would_place=35 would_cancel=0 equity=$500.00
[DRY-RUN] [2026-08-29T09:14:03.016054+00:00] quotable=196 would_place=35 would_cancel=0 equity=$500.00
[DRY-RUN] [2026-08-29T09:14:49.107882+00:00] quotable=196 would_place=35 would_cancel=0 equity=$500.00
[DRY-RUN] [2026-08-29T09:15:35.258501+00:00] quotable=196 would_place=35 would_cancel=0 equity=$500.00
[DRY-RUN] [2026-08-29T09:16:21.359711+00:00] quotable=196 would_place=35 would_cancel=0 equity=$500.00
[DRY-RUN] [2026-08-29T09:17:07.604203+00:00] quotable=196 would_place=35 would_cancel=0 equity=$500.00
[DRY-RUN] [2026-08-29T09:18:04.073689+00:00] quotable=196 would_place=35 would_cancel=0 equity=$500.00
[DRY-RUN] [2026-08-29T09:18:50.165819+00:00] quotable=196 would_place=36 would_cancel=0 equity=$500.00
[DRY-RUN] [2026-08-29T09:19:36.266263+00:00] quotable=196 would_place=35 would_cancel=0 equity=$500.00
[DRY-RUN] [2026-08-29T09:20:22.336868+00:00] quotable=196 would_place=35 would_cancel=0 equity=$500.00
[DRY-RUN] [2026-08-29T09:21:08.654291+00:00] quotable=196 would_place=35 would_cancel=0 equity=$500.00
[DRY-RUN] [2026-08-29T09:21:54.905800+00:00] quotable=196 would_place=35 would_cancel=0 equity=$500.00
[DRY-RUN] [2026-08-29T09:22:41.017643+00:00] quotable=196 would_place=35 would_cancel=0 equity=$500.00
[DRY-RUN] [2026-08-29T09:23:27.108945+00:00] quotable=196 would_place=35 would_cancel=0 equity=$500.00
[DRY-RUN] [2026-08-29T09:24:13.338846+00:00] quotable=196 would_place=35 would_cancel=0 equity=$500.00
[DRY-RUN] [2026-08-29T09:24:59.591203+00:00] quotable=196 would_place=35 would_cancel=0 equity=$500.00
[DRY-RUN] [2026-08-29T09:25:45.915093+00:00] quotable=196 would_place=35 would_cancel=0 equity=$500.00
[DRY-RUN] [2026-08-29T09:26:32.209450+00:00] quotable=196 would_place=35 would_cancel=0 equity=$500.00
[DRY-RUN] [2026-08-29T09:27:18.373608+00:00] quotable=196 would_place=35 would_cancel=0 equity=$500.00
[DRY-RUN] [2026-08-29T09:28:04.465034+00:00] quotable=196 would_place=35 would_cancel=0 equity=$500.00
[DRY-RUN] [2026-08-29T09:28:50.572630+00:00] quotable=196 would_place=35 would_cancel=0 equity=$500.00
[DRY-RUN] [2026-08-29T09:29:36.663285+00:00] quotable=196 would_place=35 would_cancel=0 equity=$500.00
[DRY-RUN] [2026-08-29T09:30:22.916358+00:00] quotable=196 would_place=35 would_cancel=0 equity=$500.00
[DRY-RUN] [2026-08-29T09:31:09.061557+00:00] quotable=196 would_place=35 would_cancel=0 equity=$500.00
[DRY-RUN] [2026-08-29T09:31:55.486829+00:00] quotable=196 would_place=35 would_cancel=0 equity=$500.00
[DRY-RUN] [2026-08-29T09:32:41.744298+00:00] quotable=196 would_place=35 would_cancel=0 equity=$500.00
[DRY-RUN] [2026-08-29T09:33:28.018092+00:00] quotable=196 would_place=35 would_cancel=0 equity=$500.00
[DRY-RUN] [2026-08-29T09:34:14.182743+00:00] quotable=196 would_place=35 would_cancel=0 equity=$500.00
[DRY-RUN] [2026-08-29T09:35:10.328133+00:00] quotable=196 would_place=35 would_cancel=0 equity=$500.00
[DRY-RUN] [2026-08-29T09:35:56.412127+00:00] quotable=196 would_place=35 would_cancel=0 equity=$500.00
[DRY-RUN] [2026-08-29T09:36:43.000505+00:00] quotable=196 would_place=35 would_cancel=0 equity=$500.00
[DRY-RUN] [2026-08-29T09:37:29.099452+00:00] quotable=196 would_place=35 would_cancel=0 equity=$500.00
[DRY-RUN] [2026-08-29T09:38:15.250561+00:00] quotable=196 would_place=35 would_cancel=0 equity=$500.00
universe refreshed: 182 quotable market(s)
[DRY-RUN] [2026-08-29T09:39:06.878241+00:00] quotable=182 would_place=36 would_cancel=0 equity=$500.00
[DRY-RUN] [2026-08-29T09:39:57.595739+00:00] quotable=182 would_place=36 would_cancel=0 equity=$500.00
[DRY-RUN] [2026-08-29T09:40:43.689140+00:00] quotable=182 would_place=36 would_cancel=0 equity=$500.00
[DRY-RUN] [2026-08-29T09:41:39.783287+00:00] quotable=182 would_place=36 would_cancel=0 equity=$500.00
[DRY-RUN] [2026-08-29T09:42:26.252405+00:00] quotable=182 would_place=36 would_cancel=0 equity=$500.00
[DRY-RUN] [2026-08-29T09:43:12.587844+00:00] quotable=182 would_place=36 would_cancel=0 equity=$500.00
[DRY-RUN] [2026-08-29T09:43:58.849091+00:00] quotable=182 would_place=36 would_cancel=0 equity=$500.00
[DRY-RUN] [2026-08-29T09:44:44.916484+00:00] quotable=182 would_place=36 would_cancel=0 equity=$500.00
[DRY-RUN] [2026-08-29T09:45:31.024886+00:00] quotable=182 would_place=36 would_cancel=0 equity=$500.00
[DRY-RUN] [2026-08-29T09:46:17.295605+00:00] quotable=182 would_place=36 would_cancel=0 equity=$500.00
[DRY-RUN] [2026-08-29T09:47:03.248643+00:00] quotable=182 would_place=36 would_cancel=0 equity=$500.00
[DRY-RUN] [2026-08-29T09:47:49.333333+00:00] quotable=182 would_place=36 would_cancel=0 equity=$500.00
[DRY-RUN] [2026-08-29T09:48:35.630209+00:00] quotable=182 would_place=36 would_cancel=0 equity=$500.00
[DRY-RUN] [2026-08-29T09:49:21.918665+00:00] quotable=182 would_place=36 would_cancel=0 equity=$500.00
[DRY-RUN] [2026-08-29T09:50:18.043587+00:00] quotable=182 would_place=36 would_cancel=0 equity=$500.00
[DRY-RUN] [2026-08-29T09:51:04.117380+00:00] quotable=182 would_place=36 would_cancel=0 equity=$500.00
[DRY-RUN] [2026-08-29T09:51:50.191633+00:00] quotable=182 would_place=36 would_cancel=0 equity=$500.00
[DRY-RUN] [2026-08-29T09:52:36.291425+00:00] quotable=182 would_place=36 would_cancel=0 equity=$500.00
[DRY-RUN] [2026-08-29T09:53:22.412993+00:00] quotable=182 would_place=36 would_cancel=0 equity=$500.00
[DRY-RUN] [2026-08-29T09:54:08.656061+00:00] quotable=182 would_place=36 would_cancel=0 equity=$500.00
[DRY-RUN] [2026-08-29T09:54:54.885326+00:00] quotable=182 would_place=36 would_cancel=0 equity=$500.00
[DRY-RUN] [2026-08-29T09:55:41.027760+00:00] quotable=182 would_place=36 would_cancel=0 equity=$500.00
[DRY-RUN] [2026-08-29T09:56:27.137205+00:00] quotable=182 would_place=36 would_cancel=0 equity=$500.00
[DRY-RUN] [2026-08-29T09:57:13.299911+00:00] quotable=182 would_place=36 would_cancel=0 equity=$500.00
[DRY-RUN] [2026-08-29T09:57:59.572376+00:00] quotable=182 would_place=36 would_cancel=0 equity=$500.00
[DRY-RUN] [2026-08-29T09:58:45.680721+00:00] quotable=182 would_place=36 would_cancel=0 equity=$500.00
[DRY-RUN] [2026-08-29T09:59:31.799594+00:00] quotable=182 would_place=36 would_cancel=0 equity=$500.00
[DRY-RUN] [2026-08-29T10:00:18.157863+00:00] quotable=182 would_place=36 would_cancel=0 equity=$500.00
[DRY-RUN] [2026-08-29T10:01:04.360340+00:00] quotable=182 would_place=36 would_cancel=0 equity=$500.00
[DRY-RUN] [2026-08-29T10:01:50.619399+00:00] quotable=182 would_place=36 would_cancel=0 equity=$500.00
[DRY-RUN] [2026-08-29T10:02:36.700044+00:00] quotable=182 would_place=36 would_cancel=0 equity=$500.00
[DRY-RUN] [2026-08-29T10:03:22.778612+00:00] quotable=182 would_place=36 would_cancel=0 equity=$500.00
[DRY-RUN] [2026-08-29T10:04:08.901394+00:00] quotable=182 would_place=36 would_cancel=0 equity=$500.00
[DRY-RUN] [2026-08-29T10:04:54.991409+00:00] quotable=182 would_place=36 would_cancel=0 equity=$500.00
[DRY-RUN] [2026-08-29T10:05:41.091758+00:00] quotable=182 would_place=36 would_cancel=0 equity=$500.00
[DRY-RUN] [2026-08-29T10:06:27.209828+00:00] quotable=182 would_place=36 would_cancel=0 equity=$500.00
[DRY-RUN] [2026-08-29T10:07:13.317305+00:00] quotable=182 would_place=36 would_cancel=0 equity=$500.00
[DRY-RUN] [2026-08-29T10:07:59.440823+00:00] quotable=182 would_place=36 would_cancel=0 equity=$500.00
[DRY-RUN] [2026-08-29T10:08:45.535633+00:00] quotable=182 would_place=36 would_cancel=0 equity=$500.00
universe refreshed: 166 quotable market(s)
[DRY-RUN] [2026-08-29T10:09:36.094859+00:00] quotable=166 would_place=34 would_cancel=0 equity=$500.00
[DRY-RUN] [2026-08-29T10:10:26.098986+00:00] quotable=166 would_place=34 would_cancel=0 equity=$500.00
[DRY-RUN] [2026-08-29T10:11:12.203829+00:00] quotable=166 would_place=34 would_cancel=0 equity=$500.00
[DRY-RUN] [2026-08-29T10:11:58.318362+00:00] quotable=166 would_place=34 would_cancel=0 equity=$500.00
[DRY-RUN] [2026-08-29T10:12:44.417087+00:00] quotable=166 would_place=34 would_cancel=0 equity=$500.00
[DRY-RUN] [2026-08-29T10:13:40.795633+00:00] quotable=166 would_place=34 would_cancel=0 equity=$500.00
[DRY-RUN] [2026-08-29T10:14:26.908648+00:00] quotable=166 would_place=34 would_cancel=0 equity=$500.00
[DRY-RUN] [2026-08-29T10:15:13.082820+00:00] quotable=166 would_place=34 would_cancel=0 equity=$500.00
[DRY-RUN] [2026-08-29T10:16:09.260273+00:00] quotable=166 would_place=34 would_cancel=0 equity=$500.00
[DRY-RUN] [2026-08-29T10:16:55.686440+00:00] quotable=166 would_place=34 would_cancel=0 equity=$500.00
[DRY-RUN] [2026-08-29T10:17:42.075062+00:00] quotable=166 would_place=34 would_cancel=0 equity=$500.00
[DRY-RUN] [2026-08-29T10:18:38.157681+00:00] quotable=166 would_place=34 would_cancel=0 equity=$500.00
[DRY-RUN] [2026-08-29T10:19:24.273303+00:00] quotable=166 would_place=34 would_cancel=0 equity=$500.00
[DRY-RUN] [2026-08-29T10:20:10.611379+00:00] quotable=166 would_place=34 would_cancel=0 equity=$500.00
[DRY-RUN] [2026-08-29T10:20:56.707854+00:00] quotable=166 would_place=34 would_cancel=0 equity=$500.00
[DRY-RUN] [2026-08-29T10:21:43.094882+00:00] quotable=166 would_place=34 would_cancel=0 equity=$500.00
[DRY-RUN] [2026-08-29T10:22:29.559655+00:00] quotable=166 would_place=34 would_cancel=0 equity=$500.00
[DRY-RUN] [2026-08-29T10:23:15.818495+00:00] quotable=166 would_place=34 would_cancel=0 equity=$500.00
[DRY-RUN] [2026-08-29T10:24:02.313718+00:00] quotable=166 would_place=34 would_cancel=0 equity=$500.00
[DRY-RUN] [2026-08-29T10:24:48.444537+00:00] quotable=166 would_place=34 would_cancel=0 equity=$500.00
[DRY-RUN] [2026-08-29T10:25:34.544646+00:00] quotable=166 would_place=34 would_cancel=0 equity=$500.00
[DRY-RUN] [2026-08-29T10:26:20.701393+00:00] quotable=166 would_place=34 would_cancel=0 equity=$500.00
[DRY-RUN] [2026-08-29T10:27:06.864136+00:00] quotable=166 would_place=34 would_cancel=0 equity=$500.00
[DRY-RUN] [2026-08-29T10:27:52.969551+00:00] quotable=166 would_place=34 would_cancel=0 equity=$500.00
[DRY-RUN] [2026-08-29T10:28:39.100796+00:00] quotable=166 would_place=34 would_cancel=0 equity=$500.00
[DRY-RUN] [2026-08-29T10:29:25.362962+00:00] quotable=166 would_place=34 would_cancel=0 equity=$500.00
[DRY-RUN] [2026-08-29T10:30:11.578305+00:00] quotable=166 would_place=34 would_cancel=0 equity=$500.00
[DRY-RUN] [2026-08-29T10:31:07.685643+00:00] quotable=166 would_place=34 would_cancel=0 equity=$500.00
[DRY-RUN] [2026-08-29T10:31:53.764520+00:00] quotable=166 would_place=34 would_cancel=0 equity=$500.00
[DRY-RUN] [2026-08-29T10:32:39.918159+00:00] quotable=166 would_place=34 would_cancel=0 equity=$500.00
[DRY-RUN] [2026-08-29T10:33:26.029014+00:00] quotable=166 would_place=34 would_cancel=0 equity=$500.00
[DRY-RUN] [2026-08-29T10:34:22.417720+00:00] quotable=166 would_place=34 would_cancel=0 equity=$500.00
[DRY-RUN] [2026-08-29T10:35:08.495360+00:00] quotable=166 would_place=34 would_cancel=0 equity=$500.00
[DRY-RUN] [2026-08-29T10:35:54.569408+00:00] quotable=166 would_place=34 would_cancel=0 equity=$500.00
[DRY-RUN] [2026-08-29T10:36:40.652309+00:00] quotable=166 would_place=34 would_cancel=0 equity=$500.00
[DRY-RUN] [2026-08-29T10:37:26.916122+00:00] quotable=166 would_place=34 would_cancel=0 equity=$500.00
[DRY-RUN] [2026-08-29T10:38:13.304299+00:00] quotable=166 would_place=34 would_cancel=0 equity=$500.00
[DRY-RUN] [2026-08-29T10:38:59.404907+00:00] quotable=166 would_place=34 would_cancel=0 equity=$500.00
universe refreshed: 164 quotable market(s)
[DRY-RUN] [2026-08-29T10:39:49.636191+00:00] quotable=164 would_place=34 would_cancel=0 equity=$500.00
[DRY-RUN] [2026-08-29T10:40:38.507978+00:00] quotable=164 would_place=34 would_cancel=0 equity=$500.00
[DRY-RUN] [2026-08-29T10:41:24.780480+00:00] quotable=164 would_place=34 would_cancel=0 equity=$500.00
[DRY-RUN] [2026-08-29T10:42:10.934869+00:00] quotable=164 would_place=34 would_cancel=0 equity=$500.00
[DRY-RUN] [2026-08-29T10:42:57.327434+00:00] quotable=164 would_place=34 would_cancel=0 equity=$500.00
[DRY-RUN] [2026-08-29T10:43:43.477514+00:00] quotable=164 would_place=34 would_cancel=0 equity=$500.00
[DRY-RUN] [2026-08-29T10:44:29.581439+00:00] quotable=164 would_place=34 would_cancel=0 equity=$500.00
[DRY-RUN] [2026-08-29T10:45:15.822307+00:00] quotable=164 would_place=34 would_cancel=0 equity=$500.00
[DRY-RUN] [2026-08-29T10:46:02.251143+00:00] quotable=164 would_place=34 would_cancel=0 equity=$500.00
[DRY-RUN] [2026-08-29T10:46:58.352749+00:00] quotable=164 would_place=34 would_cancel=0 equity=$500.00
[DRY-RUN] [2026-08-29T10:47:44.615512+00:00] quotable=164 would_place=34 would_cancel=0 equity=$500.00
[DRY-RUN] [2026-08-29T10:48:30.976904+00:00] quotable=164 would_place=34 would_cancel=0 equity=$500.00
[DRY-RUN] [2026-08-29T10:49:17.055365+00:00] quotable=164 would_place=34 would_cancel=0 equity=$500.00
[DRY-RUN] [2026-08-29T10:50:03.160767+00:00] quotable=164 would_place=34 would_cancel=0 equity=$500.00
[DRY-RUN] [2026-08-29T10:50:49.321751+00:00] quotable=164 would_place=34 would_cancel=0 equity=$500.00
[DRY-RUN] [2026-08-29T10:51:35.392579+00:00] quotable=164 would_place=34 would_cancel=0 equity=$500.00
[DRY-RUN] [2026-08-29T10:52:21.637211+00:00] quotable=164 would_place=34 would_cancel=0 equity=$500.00
[DRY-RUN] [2026-08-29T10:53:07.782173+00:00] quotable=164 would_place=34 would_cancel=0 equity=$500.00
[DRY-RUN] [2026-08-29T10:53:54.105504+00:00] quotable=164 would_place=34 would_cancel=0 equity=$500.00
[DRY-RUN] [2026-08-29T10:54:40.535006+00:00] quotable=164 would_place=34 would_cancel=0 equity=$500.00
[DRY-RUN] [2026-08-29T10:55:26.667393+00:00] quotable=164 would_place=34 would_cancel=0 equity=$500.00
[DRY-RUN] [2026-08-29T10:56:12.759752+00:00] quotable=164 would_place=36 would_cancel=0 equity=$500.00
[DRY-RUN] [2026-08-29T10:56:58.900771+00:00] quotable=164 would_place=34 would_cancel=0 equity=$500.00
[DRY-RUN] [2026-08-29T10:57:54.990621+00:00] quotable=164 would_place=34 would_cancel=0 equity=$500.00
[DRY-RUN] [2026-08-29T10:58:41.127414+00:00] quotable=164 would_place=34 would_cancel=0 equity=$500.00
[DRY-RUN] [2026-08-29T10:59:27.217465+00:00] quotable=164 would_place=34 would_cancel=0 equity=$500.00
[DRY-RUN] [2026-08-29T11:00:13.312223+00:00] quotable=164 would_place=34 would_cancel=0 equity=$500.00
[DRY-RUN] [2026-08-29T11:00:59.441445+00:00] quotable=164 would_place=34 would_cancel=0 equity=$500.00
[DRY-RUN] [2026-08-29T11:01:45.550010+00:00] quotable=164 would_place=34 would_cancel=0 equity=$500.00
[DRY-RUN] [2026-08-29T11:02:31.684584+00:00] quotable=164 would_place=34 would_cancel=0 equity=$500.00
[DRY-RUN] [2026-08-29T11:03:17.985745+00:00] quotable=164 would_place=34 would_cancel=0 equity=$500.00
[DRY-RUN] [2026-08-29T11:04:14.073728+00:00] quotable=164 would_place=34 would_cancel=0 equity=$500.00
[DRY-RUN] [2026-08-29T11:05:00.161855+00:00] quotable=164 would_place=34 would_cancel=0 equity=$500.00
[DRY-RUN] [2026-08-29T11:05:46.241073+00:00] quotable=164 would_place=34 would_cancel=0 equity=$500.00
[DRY-RUN] [2026-08-29T11:06:32.341673+00:00] quotable=164 would_place=34 would_cancel=0 equity=$500.00
[DRY-RUN] [2026-08-29T11:07:18.427397+00:00] quotable=164 would_place=34 would_cancel=0 equity=$500.00
[DRY-RUN] [2026-08-29T11:08:04.803232+00:00] quotable=164 would_place=34 would_cancel=0 equity=$500.00
[DRY-RUN] [2026-08-29T11:09:00.906297+00:00] quotable=164 would_place=34 would_cancel=0 equity=$500.00
[DRY-RUN] [2026-08-29T11:09:47.064674+00:00] quotable=164 would_place=34 would_cancel=0 equity=$500.00
universe refreshed: 158 quotable market(s)
[DRY-RUN] [2026-08-29T11:10:38.270812+00:00] quotable=158 would_place=36 would_cancel=0 equity=$500.00
[DRY-RUN] [2026-08-29T11:11:26.940389+00:00] quotable=158 would_place=36 would_cancel=0 equity=$500.00
[DRY-RUN] [2026-08-29T11:12:13.032715+00:00] quotable=158 would_place=36 would_cancel=0 equity=$500.00
[DRY-RUN] [2026-08-29T11:13:09.186716+00:00] quotable=158 would_place=36 would_cancel=0 equity=$500.00
[DRY-RUN] [2026-08-29T11:13:55.599978+00:00] quotable=158 would_place=36 would_cancel=0 equity=$500.00
[DRY-RUN] [2026-08-29T11:14:41.688835+00:00] quotable=158 would_place=36 would_cancel=0 equity=$500.00
[DRY-RUN] [2026-08-29T11:15:27.755201+00:00] quotable=158 would_place=36 would_cancel=0 equity=$500.00
[DRY-RUN] [2026-08-29T11:16:13.873829+00:00] quotable=158 would_place=36 would_cancel=0 equity=$500.00
[DRY-RUN] [2026-08-29T11:17:00.016744+00:00] quotable=158 would_place=36 would_cancel=0 equity=$500.00
[DRY-RUN] [2026-08-29T11:17:46.160904+00:00] quotable=158 would_place=36 would_cancel=0 equity=$500.00
[DRY-RUN] [2026-08-29T11:18:32.420378+00:00] quotable=158 would_place=36 would_cancel=0 equity=$500.00
[DRY-RUN] [2026-08-29T11:19:18.517186+00:00] quotable=158 would_place=36 would_cancel=0 equity=$500.00
[DRY-RUN] [2026-08-29T11:20:04.797311+00:00] quotable=158 would_place=36 would_cancel=0 equity=$500.00
[DRY-RUN] [2026-08-29T11:20:50.981534+00:00] quotable=158 would_place=36 would_cancel=0 equity=$500.00
[DRY-RUN] [2026-08-29T11:21:46.928084+00:00] quotable=158 would_place=36 would_cancel=0 equity=$500.00
[DRY-RUN] [2026-08-29T11:22:33.306286+00:00] quotable=158 would_place=36 would_cancel=0 equity=$500.00
[DRY-RUN] [2026-08-29T11:23:19.379955+00:00] quotable=158 would_place=36 would_cancel=0 equity=$500.00
[DRY-RUN] [2026-08-29T11:24:05.506938+00:00] quotable=158 would_place=36 would_cancel=0 equity=$500.00
[DRY-RUN] [2026-08-29T11:24:51.764999+00:00] quotable=158 would_place=36 would_cancel=0 equity=$500.00
[DRY-RUN] [2026-08-29T11:25:38.117410+00:00] quotable=158 would_place=36 would_cancel=0 equity=$500.00
[DRY-RUN] [2026-08-29T11:26:24.285669+00:00] quotable=158 would_place=36 would_cancel=0 equity=$500.00
[DRY-RUN] [2026-08-29T11:27:10.624839+00:00] quotable=158 would_place=36 would_cancel=0 equity=$500.00
[DRY-RUN] [2026-08-29T11:27:56.865569+00:00] quotable=158 would_place=36 would_cancel=0 equity=$500.00
[DRY-RUN] [2026-08-29T11:28:42.969621+00:00] quotable=158 would_place=36 would_cancel=0 equity=$500.00
[DRY-RUN] [2026-08-29T11:29:29.072502+00:00] quotable=158 would_place=36 would_cancel=0 equity=$500.00
[DRY-RUN] [2026-08-29T11:30:15.376144+00:00] quotable=158 would_place=36 would_cancel=0 equity=$500.00
[DRY-RUN] [2026-08-29T11:31:01.465573+00:00] quotable=158 would_place=36 would_cancel=0 equity=$500.00
[DRY-RUN] [2026-08-29T11:31:47.624836+00:00] quotable=158 would_place=36 would_cancel=0 equity=$500.00
[DRY-RUN] [2026-08-29T11:32:33.706907+00:00] quotable=158 would_place=36 would_cancel=0 equity=$500.00
[DRY-RUN] [2026-08-29T11:33:19.939299+00:00] quotable=158 would_place=36 would_cancel=0 equity=$500.00
[DRY-RUN] [2026-08-29T11:34:16.303064+00:00] quotable=158 would_place=36 would_cancel=0 equity=$500.00
[DRY-RUN] [2026-08-29T11:35:02.560330+00:00] quotable=158 would_place=36 would_cancel=0 equity=$500.00
[DRY-RUN] [2026-08-29T11:35:48.690881+00:00] quotable=158 would_place=36 would_cancel=0 equity=$500.00
[DRY-RUN] [2026-08-29T11:36:34.808332+00:00] quotable=158 would_place=36 would_cancel=0 equity=$500.00
[DRY-RUN] [2026-08-29T11:37:20.903426+00:00] quotable=158 would_place=36 would_cancel=0 equity=$500.00
[DRY-RUN] [2026-08-29T11:38:06.983982+00:00] quotable=158 would_place=36 would_cancel=0 equity=$500.00
[DRY-RUN] [2026-08-29T11:38:53.435525+00:00] quotable=158 would_place=36 would_cancel=0 equity=$500.00
[DRY-RUN] [2026-08-29T11:39:39.542092+00:00] quotable=158 would_place=36 would_cancel=0 equity=$500.00
[DRY-RUN] [2026-08-29T11:40:25.815341+00:00] quotable=158 would_place=36 would_cancel=0 equity=$500.00
universe refreshed: 151 quotable market(s)
[DRY-RUN] [2026-08-29T11:41:17.210286+00:00] quotable=151 would_place=38 would_cancel=0 equity=$500.00
[DRY-RUN] [2026-08-29T11:42:06.352472+00:00] quotable=151 would_place=38 would_cancel=0 equity=$500.00
[DRY-RUN] [2026-08-29T11:42:52.469315+00:00] quotable=151 would_place=38 would_cancel=0 equity=$500.00
[DRY-RUN] [2026-08-29T11:43:48.575300+00:00] quotable=151 would_place=38 would_cancel=0 equity=$500.00
[DRY-RUN] [2026-08-29T11:44:34.676514+00:00] quotable=151 would_place=38 would_cancel=0 equity=$500.00
[DRY-RUN] [2026-08-29T11:45:20.937583+00:00] quotable=151 would_place=38 would_cancel=0 equity=$500.00
[DRY-RUN] [2026-08-29T11:46:07.326394+00:00] quotable=151 would_place=38 would_cancel=0 equity=$500.00
[DRY-RUN] [2026-08-29T11:46:53.501843+00:00] quotable=151 would_place=38 would_cancel=0 equity=$500.00
[DRY-RUN] [2026-08-29T11:47:39.770156+00:00] quotable=151 would_place=38 would_cancel=0 equity=$500.00
[DRY-RUN] [2026-08-29T11:48:25.862105+00:00] quotable=151 would_place=38 would_cancel=0 equity=$500.00
[DRY-RUN] [2026-08-29T11:49:11.969637+00:00] quotable=151 would_place=38 would_cancel=0 equity=$500.00
[DRY-RUN] [2026-08-29T11:49:58.071834+00:00] quotable=151 would_place=38 would_cancel=0 equity=$500.00
[DRY-RUN] [2026-08-29T11:50:44.159105+00:00] quotable=151 would_place=38 would_cancel=0 equity=$500.00
[DRY-RUN] [2026-08-29T11:51:40.435877+00:00] quotable=151 would_place=38 would_cancel=0 equity=$500.00
[DRY-RUN] [2026-08-29T11:52:26.709501+00:00] quotable=151 would_place=38 would_cancel=0 equity=$500.00
[DRY-RUN] [2026-08-29T11:53:12.948723+00:00] quotable=151 would_place=38 would_cancel=0 equity=$500.00
[DRY-RUN] [2026-08-29T11:53:59.050732+00:00] quotable=151 would_place=38 would_cancel=0 equity=$500.00
[DRY-RUN] [2026-08-29T11:54:45.314879+00:00] quotable=151 would_place=38 would_cancel=0 equity=$500.00
[DRY-RUN] [2026-08-29T11:55:31.656113+00:00] quotable=151 would_place=38 would_cancel=0 equity=$500.00
[DRY-RUN] [2026-08-29T11:56:17.833011+00:00] quotable=151 would_place=38 would_cancel=0 equity=$500.00
[DRY-RUN] [2026-08-29T11:57:03.939943+00:00] quotable=151 would_place=38 would_cancel=0 equity=$500.00
[DRY-RUN] [2026-08-29T11:57:50.025650+00:00] quotable=151 would_place=38 would_cancel=0 equity=$500.00
[DRY-RUN] [2026-08-29T11:58:36.116055+00:00] quotable=151 would_place=38 would_cancel=0 equity=$500.00
[DRY-RUN] [2026-08-29T11:59:22.033683+00:00] quotable=151 would_place=38 would_cancel=0 equity=$500.00
[DRY-RUN] [2026-08-29T12:00:08.128613+00:00] quotable=151 would_place=38 would_cancel=0 equity=$500.00
[DRY-RUN] [2026-08-29T12:00:54.295413+00:00] quotable=151 would_place=38 would_cancel=0 equity=$500.00
[DRY-RUN] [2026-08-29T12:01:40.418942+00:00] quotable=151 would_place=38 would_cancel=0 equity=$500.00
[DRY-RUN] [2026-08-29T12:02:26.596528+00:00] quotable=151 would_place=38 would_cancel=0 equity=$500.00
[DRY-RUN] [2026-08-29T12:03:12.877675+00:00] quotable=151 would_place=38 would_cancel=0 equity=$500.00
[DRY-RUN] [2026-08-29T12:03:59.160496+00:00] quotable=151 would_place=38 would_cancel=0 equity=$500.00
[DRY-RUN] [2026-08-29T12:04:55.286849+00:00] quotable=151 would_place=38 would_cancel=0 equity=$500.00
[DRY-RUN] [2026-08-29T12:05:41.569255+00:00] quotable=151 would_place=38 would_cancel=0 equity=$500.00
[DRY-RUN] [2026-08-29T12:06:37.683743+00:00] quotable=151 would_place=38 would_cancel=0 equity=$500.00
[DRY-RUN] [2026-08-29T12:07:23.844997+00:00] quotable=151 would_place=38 would_cancel=0 equity=$500.00
[DRY-RUN] [2026-08-29T12:08:09.925221+00:00] quotable=151 would_place=38 would_cancel=0 equity=$500.00
[DRY-RUN] [2026-08-29T12:08:56.005219+00:00] quotable=151 would_place=38 would_cancel=0 equity=$500.00
[DRY-RUN] [2026-08-29T12:09:42.109050+00:00] quotable=151 would_place=38 would_cancel=0 equity=$500.00
[DRY-RUN] [2026-08-29T12:10:38.232839+00:00] quotable=151 would_place=38 would_cancel=0 equity=$500.00
universe refreshed: 147 quotable market(s)
[DRY-RUN] [2026-08-29T12:11:39.681303+00:00] quotable=147 would_place=38 would_cancel=0 equity=$500.00
[DRY-RUN] [2026-08-29T12:12:28.673008+00:00] quotable=147 would_place=38 would_cancel=0 equity=$500.00
[DRY-RUN] [2026-08-29T12:13:24.759548+00:00] quotable=147 would_place=38 would_cancel=0 equity=$500.00
[DRY-RUN] [2026-08-29T12:14:11.045237+00:00] quotable=147 would_place=38 would_cancel=0 equity=$500.00
[DRY-RUN] [2026-08-29T12:14:57.161382+00:00] quotable=147 would_place=38 would_cancel=0 equity=$500.00
[DRY-RUN] [2026-08-29T12:15:43.261676+00:00] quotable=147 would_place=38 would_cancel=0 equity=$500.00
[DRY-RUN] [2026-08-29T12:16:39.371183+00:00] quotable=147 would_place=38 would_cancel=0 equity=$500.00
[DRY-RUN] [2026-08-29T12:17:35.488192+00:00] quotable=147 would_place=38 would_cancel=0 equity=$500.00
[DRY-RUN] [2026-08-29T12:18:21.582824+00:00] quotable=147 would_place=38 would_cancel=0 equity=$500.00
[DRY-RUN] [2026-08-29T12:19:17.538237+00:00] quotable=147 would_place=38 would_cancel=0 equity=$500.00
[DRY-RUN] [2026-08-29T12:20:03.626118+00:00] quotable=147 would_place=38 would_cancel=0 equity=$500.00
[DRY-RUN] [2026-08-29T12:20:59.766141+00:00] quotable=147 would_place=38 would_cancel=0 equity=$500.00
[DRY-RUN] [2026-08-29T12:21:46.081351+00:00] quotable=147 would_place=38 would_cancel=0 equity=$500.00
[DRY-RUN] [2026-08-29T12:22:32.215385+00:00] quotable=147 would_place=38 would_cancel=0 equity=$500.00
[DRY-RUN] [2026-08-29T12:23:18.342849+00:00] quotable=147 would_place=38 would_cancel=0 equity=$500.00
[DRY-RUN] [2026-08-29T12:24:04.439341+00:00] quotable=147 would_place=38 would_cancel=0 equity=$500.00
[DRY-RUN] [2026-08-29T12:24:50.726953+00:00] quotable=147 would_place=38 would_cancel=0 equity=$500.00
[DRY-RUN] [2026-08-29T12:25:36.827578+00:00] quotable=147 would_place=38 would_cancel=0 equity=$500.00
[DRY-RUN] [2026-08-29T12:26:23.111768+00:00] quotable=147 would_place=38 would_cancel=0 equity=$500.00
[DRY-RUN] [2026-08-29T12:27:09.229495+00:00] quotable=147 would_place=38 would_cancel=0 equity=$500.00
[DRY-RUN] [2026-08-29T12:27:55.351253+00:00] quotable=147 would_place=38 would_cancel=0 equity=$500.00
[DRY-RUN] [2026-08-29T12:28:41.454288+00:00] quotable=147 would_place=38 would_cancel=0 equity=$500.00
[DRY-RUN] [2026-08-29T12:29:27.592573+00:00] quotable=147 would_place=38 would_cancel=0 equity=$500.00
[DRY-RUN] [2026-08-29T12:30:13.938072+00:00] quotable=147 would_place=38 would_cancel=0 equity=$500.00
[DRY-RUN] [2026-08-29T12:31:00.230708+00:00] quotable=147 would_place=38 would_cancel=0 equity=$500.00
[DRY-RUN] [2026-08-29T12:31:46.181963+00:00] quotable=147 would_place=38 would_cancel=0 equity=$500.00
[DRY-RUN] [2026-08-29T12:32:32.285421+00:00] quotable=147 would_place=38 would_cancel=0 equity=$500.00
[DRY-RUN] [2026-08-29T12:33:18.553186+00:00] quotable=147 would_place=38 would_cancel=0 equity=$500.00
[DRY-RUN] [2026-08-29T12:34:04.928535+00:00] quotable=147 would_place=38 would_cancel=0 equity=$500.00
[DRY-RUN] [2026-08-29T12:34:51.065079+00:00] quotable=147 would_place=38 would_cancel=0 equity=$500.00
[DRY-RUN] [2026-08-29T12:35:37.167451+00:00] quotable=147 would_place=38 would_cancel=0 equity=$500.00
[DRY-RUN] [2026-08-29T12:36:23.268981+00:00] quotable=147 would_place=38 would_cancel=0 equity=$500.00
[DRY-RUN] [2026-08-29T12:37:09.404339+00:00] quotable=147 would_place=38 would_cancel=0 equity=$500.00
[DRY-RUN] [2026-08-29T12:37:55.503704+00:00] quotable=147 would_place=38 would_cancel=0 equity=$500.00
[DRY-RUN] [2026-08-29T12:38:41.751258+00:00] quotable=147 would_place=38 would_cancel=0 equity=$500.00
[DRY-RUN] [2026-08-29T12:39:27.874261+00:00] quotable=147 would_place=38 would_cancel=0 equity=$500.00
[DRY-RUN] [2026-08-29T12:40:14.058025+00:00] quotable=147 would_place=38 would_cancel=0 equity=$500.00
[DRY-RUN] [2026-08-29T12:41:00.143828+00:00] quotable=147 would_place=38 would_cancel=0 equity=$500.00
universe refreshed: 158 quotable market(s)
[DRY-RUN] [2026-08-29T12:41:53.992856+00:00] quotable=158 would_place=36 would_cancel=0 equity=$500.00
[DRY-RUN] [2026-08-29T12:42:44.277897+00:00] quotable=158 would_place=36 would_cancel=0 equity=$500.00
[DRY-RUN] [2026-08-29T12:43:30.384637+00:00] quotable=158 would_place=36 would_cancel=0 equity=$500.00
[DRY-RUN] [2026-08-29T12:44:16.539400+00:00] quotable=158 would_place=36 would_cancel=0 equity=$500.00
[DRY-RUN] [2026-08-29T12:45:02.891075+00:00] quotable=158 would_place=36 would_cancel=0 equity=$500.00
[DRY-RUN] [2026-08-29T12:45:48.992962+00:00] quotable=158 would_place=36 would_cancel=0 equity=$500.00
[DRY-RUN] [2026-08-29T12:46:35.371587+00:00] quotable=158 would_place=36 would_cancel=0 equity=$500.00
[DRY-RUN] [2026-08-29T12:47:21.479723+00:00] quotable=158 would_place=36 would_cancel=0 equity=$500.00
[DRY-RUN] [2026-08-29T12:48:07.628493+00:00] quotable=158 would_place=36 would_cancel=0 equity=$500.00
[DRY-RUN] [2026-08-29T12:48:53.997311+00:00] quotable=158 would_place=36 would_cancel=0 equity=$500.00
[DRY-RUN] [2026-08-29T12:49:40.090176+00:00] quotable=158 would_place=36 would_cancel=0 equity=$500.00
[DRY-RUN] [2026-08-29T12:50:26.420769+00:00] quotable=158 would_place=36 would_cancel=0 equity=$500.00
[DRY-RUN] [2026-08-29T12:51:12.506594+00:00] quotable=158 would_place=36 would_cancel=0 equity=$500.00
[DRY-RUN] [2026-08-29T12:51:58.952573+00:00] quotable=158 would_place=36 would_cancel=0 equity=$500.00
[DRY-RUN] [2026-08-29T12:52:45.052653+00:00] quotable=158 would_place=36 would_cancel=0 equity=$500.00
[DRY-RUN] [2026-08-29T12:53:31.339891+00:00] quotable=158 would_place=36 would_cancel=0 equity=$500.00
[DRY-RUN] [2026-08-29T12:54:17.581504+00:00] quotable=158 would_place=36 would_cancel=0 equity=$500.00
[DRY-RUN] [2026-08-29T12:55:03.699317+00:00] quotable=158 would_place=36 would_cancel=0 equity=$500.00
[DRY-RUN] [2026-08-29T12:55:49.623987+00:00] quotable=158 would_place=36 would_cancel=0 equity=$500.00
[DRY-RUN] [2026-08-29T12:56:35.724817+00:00] quotable=158 would_place=36 would_cancel=0 equity=$500.00
[DRY-RUN] [2026-08-29T12:57:22.010972+00:00] quotable=158 would_place=36 would_cancel=0 equity=$500.00
[DRY-RUN] [2026-08-29T12:58:08.090057+00:00] quotable=158 would_place=36 would_cancel=0 equity=$500.00
[DRY-RUN] [2026-08-29T12:58:54.375593+00:00] quotable=158 would_place=36 would_cancel=0 equity=$500.00
[DRY-RUN] [2026-08-29T12:59:40.619325+00:00] quotable=158 would_place=36 would_cancel=0 equity=$500.00
[DRY-RUN] [2026-08-29T13:00:26.717963+00:00] quotable=158 would_place=36 would_cancel=0 equity=$500.00
[DRY-RUN] [2026-08-29T13:01:12.846722+00:00] quotable=158 would_place=36 would_cancel=0 equity=$500.00
[DRY-RUN] [2026-08-29T13:01:59.291541+00:00] quotable=158 would_place=36 would_cancel=0 equity=$500.00
[DRY-RUN] [2026-08-29T13:02:45.568648+00:00] quotable=158 would_place=36 would_cancel=0 equity=$500.00
[DRY-RUN] [2026-08-29T13:03:31.639661+00:00] quotable=158 would_place=36 would_cancel=0 equity=$500.00
[DRY-RUN] [2026-08-29T13:04:27.800662+00:00] quotable=158 would_place=36 would_cancel=0 equity=$500.00
[DRY-RUN] [2026-08-29T13:05:13.921115+00:00] quotable=158 would_place=36 would_cancel=0 equity=$500.00
[DRY-RUN] [2026-08-29T13:06:00.022855+00:00] quotable=158 would_place=36 would_cancel=0 equity=$500.00
[DRY-RUN] [2026-08-29T13:06:46.132859+00:00] quotable=158 would_place=36 would_cancel=0 equity=$500.00
[DRY-RUN] [2026-08-29T13:07:32.299476+00:00] quotable=158 would_place=36 would_cancel=0 equity=$500.00
[DRY-RUN] [2026-08-29T13:08:18.389150+00:00] quotable=158 would_place=36 would_cancel=0 equity=$500.00
[DRY-RUN] [2026-08-29T13:09:04.506754+00:00] quotable=158 would_place=36 would_cancel=0 equity=$500.00
[DRY-RUN] [2026-08-29T13:10:00.605489+00:00] quotable=158 would_place=36 would_cancel=0 equity=$500.00
[DRY-RUN] [2026-08-29T13:10:56.713048+00:00] quotable=158 would_place=36 would_cancel=0 equity=$500.00
[DRY-RUN] [2026-08-29T13:11:42.802353+00:00] quotable=158 would_place=36 would_cancel=0 equity=$500.00
universe refreshed: 145 quotable market(s)
[DRY-RUN] [2026-08-29T13:12:34.431285+00:00] quotable=145 would_place=36 would_cancel=0 equity=$500.00
[DRY-RUN] [2026-08-29T13:13:24.226538+00:00] quotable=145 would_place=36 would_cancel=0 equity=$500.00
[DRY-RUN] [2026-08-29T13:14:10.301633+00:00] quotable=145 would_place=36 would_cancel=0 equity=$500.00
[DRY-RUN] [2026-08-29T13:14:56.679961+00:00] quotable=145 would_place=36 would_cancel=0 equity=$500.00
[DRY-RUN] [2026-08-29T13:15:42.781985+00:00] quotable=145 would_place=36 would_cancel=0 equity=$500.00
[DRY-RUN] [2026-08-29T13:16:28.904547+00:00] quotable=145 would_place=36 would_cancel=0 equity=$500.00
[DRY-RUN] [2026-08-29T13:17:15.190198+00:00] quotable=145 would_place=36 would_cancel=0 equity=$500.00
[DRY-RUN] [2026-08-29T13:18:01.550124+00:00] quotable=145 would_place=36 would_cancel=0 equity=$500.00
[DRY-RUN] [2026-08-29T13:18:47.670380+00:00] quotable=145 would_place=36 would_cancel=0 equity=$500.00
[DRY-RUN] [2026-08-29T13:19:43.760772+00:00] quotable=145 would_place=36 would_cancel=0 equity=$500.00
[DRY-RUN] [2026-08-29T13:20:30.130338+00:00] quotable=145 would_place=36 would_cancel=0 equity=$500.00
[DRY-RUN] [2026-08-29T13:21:26.249489+00:00] quotable=145 would_place=36 would_cancel=0 equity=$500.00
[DRY-RUN] [2026-08-29T13:22:12.376910+00:00] quotable=145 would_place=36 would_cancel=0 equity=$500.00
[DRY-RUN] [2026-08-29T13:22:58.463539+00:00] quotable=145 would_place=36 would_cancel=0 equity=$500.00
[DRY-RUN] [2026-08-29T13:23:44.542751+00:00] quotable=145 would_place=36 would_cancel=0 equity=$500.00
[DRY-RUN] [2026-08-29T13:24:30.705681+00:00] quotable=145 would_place=36 would_cancel=0 equity=$500.00
[DRY-RUN] [2026-08-29T13:25:16.775349+00:00] quotable=145 would_place=36 would_cancel=0 equity=$500.00
[DRY-RUN] [2026-08-29T13:26:02.713706+00:00] quotable=145 would_place=36 would_cancel=0 equity=$500.00
[DRY-RUN] [2026-08-29T13:26:58.808846+00:00] quotable=145 would_place=36 would_cancel=0 equity=$500.00
[DRY-RUN] [2026-08-29T13:27:45.106479+00:00] quotable=145 would_place=36 would_cancel=0 equity=$500.00
[DRY-RUN] [2026-08-29T13:28:41.212201+00:00] quotable=145 would_place=36 would_cancel=0 equity=$500.00
[DRY-RUN] [2026-08-29T13:29:27.306817+00:00] quotable=145 would_place=36 would_cancel=0 equity=$500.00
[DRY-RUN] [2026-08-29T13:30:13.427698+00:00] quotable=145 would_place=36 would_cancel=0 equity=$500.00
[DRY-RUN] [2026-08-29T13:30:59.538880+00:00] quotable=145 would_place=36 would_cancel=0 equity=$500.00
[DRY-RUN] [2026-08-29T13:31:45.954158+00:00] quotable=145 would_place=36 would_cancel=0 equity=$500.00
[DRY-RUN] [2026-08-29T13:32:32.300485+00:00] quotable=145 would_place=36 would_cancel=0 equity=$500.00
[DRY-RUN] [2026-08-29T13:33:18.375821+00:00] quotable=145 would_place=36 would_cancel=0 equity=$500.00
[DRY-RUN] [2026-08-29T13:34:04.680545+00:00] quotable=145 would_place=36 would_cancel=0 equity=$500.00
[DRY-RUN] [2026-08-29T13:34:50.989971+00:00] quotable=145 would_place=36 would_cancel=0 equity=$500.00
[DRY-RUN] [2026-08-29T13:35:37.232658+00:00] quotable=145 would_place=36 would_cancel=0 equity=$500.00
[DRY-RUN] [2026-08-29T13:36:23.564802+00:00] quotable=145 would_place=36 would_cancel=0 equity=$500.00
[DRY-RUN] [2026-08-29T13:37:09.887953+00:00] quotable=145 would_place=36 would_cancel=0 equity=$500.00
[DRY-RUN] [2026-08-29T13:37:56.348630+00:00] quotable=145 would_place=36 would_cancel=0 equity=$500.00
[DRY-RUN] [2026-08-29T13:38:42.488896+00:00] quotable=145 would_place=36 would_cancel=0 equity=$500.00
[DRY-RUN] [2026-08-29T13:39:28.611480+00:00] quotable=145 would_place=36 would_cancel=0 equity=$500.00
[DRY-RUN] [2026-08-29T13:40:24.836219+00:00] quotable=145 would_place=36 would_cancel=0 equity=$500.00
[DRY-RUN] [2026-08-29T13:41:10.927717+00:00] quotable=145 would_place=36 would_cancel=0 equity=$500.00
[DRY-RUN] [2026-08-29T13:41:57.084607+00:00] quotable=145 would_place=36 would_cancel=0 equity=$500.00
universe refreshed: 137 quotable market(s)
[DRY-RUN] [2026-08-29T13:42:49.113347+00:00] quotable=137 would_place=36 would_cancel=0 equity=$500.00
[DRY-RUN] [2026-08-29T13:43:47.278282+00:00] quotable=137 would_place=36 would_cancel=0 equity=$500.00
[DRY-RUN] [2026-08-29T13:44:33.377370+00:00] quotable=137 would_place=36 would_cancel=0 equity=$500.00
[DRY-RUN] [2026-08-29T13:45:19.750267+00:00] quotable=137 would_place=36 would_cancel=0 equity=$500.00
[DRY-RUN] [2026-08-29T13:46:05.885522+00:00] quotable=137 would_place=36 would_cancel=0 equity=$500.00
[DRY-RUN] [2026-08-29T13:46:52.339012+00:00] quotable=137 would_place=36 would_cancel=0 equity=$500.00
[DRY-RUN] [2026-08-29T13:47:38.583874+00:00] quotable=137 would_place=36 would_cancel=0 equity=$500.00
[DRY-RUN] [2026-08-29T13:48:24.694905+00:00] quotable=137 would_place=36 would_cancel=0 equity=$500.00
[DRY-RUN] [2026-08-29T13:49:10.954391+00:00] quotable=137 would_place=36 would_cancel=0 equity=$500.00
[DRY-RUN] [2026-08-29T13:49:57.075236+00:00] quotable=137 would_place=36 would_cancel=0 equity=$500.00
[DRY-RUN] [2026-08-29T13:50:43.412851+00:00] quotable=137 would_place=36 would_cancel=0 equity=$500.00
[DRY-RUN] [2026-08-29T13:51:29.536098+00:00] quotable=137 would_place=36 would_cancel=0 equity=$500.00
[DRY-RUN] [2026-08-29T13:52:15.621860+00:00] quotable=137 would_place=36 would_cancel=0 equity=$500.00
[DRY-RUN] [2026-08-29T13:53:01.729104+00:00] quotable=137 would_place=36 would_cancel=0 equity=$500.00
[DRY-RUN] [2026-08-29T13:53:58.032398+00:00] quotable=137 would_place=36 would_cancel=0 equity=$500.00
[DRY-RUN] [2026-08-29T13:54:44.408085+00:00] quotable=137 would_place=36 would_cancel=0 equity=$500.00
[DRY-RUN] [2026-08-29T13:55:40.513222+00:00] quotable=137 would_place=36 would_cancel=0 equity=$500.00
[DRY-RUN] [2026-08-29T13:56:26.617864+00:00] quotable=137 would_place=36 would_cancel=0 equity=$500.00
[DRY-RUN] [2026-08-29T13:57:12.775817+00:00] quotable=137 would_place=36 would_cancel=0 equity=$500.00
[DRY-RUN] [2026-08-29T13:58:08.887347+00:00] quotable=137 would_place=36 would_cancel=0 equity=$500.00
[DRY-RUN] [2026-08-29T13:58:54.972224+00:00] quotable=137 would_place=36 would_cancel=0 equity=$500.00
[DRY-RUN] [2026-08-29T13:59:51.094434+00:00] quotable=137 would_place=36 would_cancel=0 equity=$500.00
[DRY-RUN] [2026-08-29T14:00:37.392288+00:00] quotable=137 would_place=36 would_cancel=0 equity=$500.00
[DRY-RUN] [2026-08-29T14:01:23.538134+00:00] quotable=137 would_place=36 would_cancel=0 equity=$500.00
[DRY-RUN] [2026-08-29T14:02:09.918380+00:00] quotable=137 would_place=36 would_cancel=0 equity=$500.00
[DRY-RUN] [2026-08-29T14:02:56.340263+00:00] quotable=137 would_place=36 would_cancel=0 equity=$500.00
[DRY-RUN] [2026-08-29T14:03:42.768308+00:00] quotable=137 would_place=36 would_cancel=0 equity=$500.00
[DRY-RUN] [2026-08-29T14:04:38.868972+00:00] quotable=137 would_place=36 would_cancel=0 equity=$500.00
[DRY-RUN] [2026-08-29T14:05:24.944338+00:00] quotable=137 would_place=36 would_cancel=0 equity=$500.00
[DRY-RUN] [2026-08-29T14:06:11.052095+00:00] quotable=137 would_place=36 would_cancel=0 equity=$500.00
[DRY-RUN] [2026-08-29T14:06:57.302536+00:00] quotable=137 would_place=36 would_cancel=0 equity=$500.00
[DRY-RUN] [2026-08-29T14:07:43.428570+00:00] quotable=137 would_place=36 would_cancel=0 equity=$500.00
[DRY-RUN] [2026-08-29T14:08:29.538932+00:00] quotable=137 would_place=36 would_cancel=0 equity=$500.00
[DRY-RUN] [2026-08-29T14:09:15.676823+00:00] quotable=137 would_place=36 would_cancel=0 equity=$500.00
[DRY-RUN] [2026-08-29T14:10:01.866427+00:00] quotable=137 would_place=36 would_cancel=0 equity=$500.00
[DRY-RUN] [2026-08-29T14:10:48.029759+00:00] quotable=137 would_place=36 would_cancel=0 equity=$500.00
[DRY-RUN] [2026-08-29T14:11:34.464974+00:00] quotable=137 would_place=36 would_cancel=0 equity=$500.00
[DRY-RUN] [2026-08-29T14:12:20.564030+00:00] quotable=137 would_place=36 would_cancel=0 equity=$500.00
universe refreshed: 138 quotable market(s)
[DRY-RUN] [2026-08-29T14:13:13.749768+00:00] quotable=138 would_place=38 would_cancel=0 equity=$500.00
[DRY-RUN] [2026-08-29T14:14:04.809452+00:00] quotable=138 would_place=38 would_cancel=0 equity=$500.00
[DRY-RUN] [2026-08-29T14:14:51.063596+00:00] quotable=138 would_place=38 would_cancel=0 equity=$500.00
[DRY-RUN] [2026-08-29T14:15:47.166299+00:00] quotable=138 would_place=38 would_cancel=0 equity=$500.00
[DRY-RUN] [2026-08-29T14:16:33.606737+00:00] quotable=138 would_place=38 would_cancel=0 equity=$500.00
[DRY-RUN] [2026-08-29T14:17:19.967676+00:00] quotable=138 would_place=38 would_cancel=0 equity=$500.00
[DRY-RUN] [2026-08-29T14:18:06.470804+00:00] quotable=138 would_place=38 would_cancel=0 equity=$500.00
[DRY-RUN] [2026-08-29T14:18:52.697852+00:00] quotable=138 would_place=38 would_cancel=0 equity=$500.00
[DRY-RUN] [2026-08-29T14:19:48.961605+00:00] quotable=138 would_place=38 would_cancel=0 equity=$500.00
[DRY-RUN] [2026-08-29T14:20:35.341598+00:00] quotable=138 would_place=38 would_cancel=0 equity=$500.00
[DRY-RUN] [2026-08-29T14:21:21.629830+00:00] quotable=138 would_place=38 would_cancel=0 equity=$500.00
[DRY-RUN] [2026-08-29T14:22:07.757173+00:00] quotable=138 would_place=38 would_cancel=0 equity=$500.00
[DRY-RUN] [2026-08-29T14:22:53.865447+00:00] quotable=138 would_place=38 would_cancel=0 equity=$500.00
[DRY-RUN] [2026-08-29T14:23:39.962696+00:00] quotable=138 would_place=38 would_cancel=0 equity=$500.00
[DRY-RUN] [2026-08-29T14:24:26.220697+00:00] quotable=138 would_place=38 would_cancel=0 equity=$500.00
[DRY-RUN] [2026-08-29T14:25:12.326322+00:00] quotable=138 would_place=38 would_cancel=0 equity=$500.00
[DRY-RUN] [2026-08-29T14:25:58.506905+00:00] quotable=138 would_place=38 would_cancel=0 equity=$500.00
[DRY-RUN] [2026-08-29T14:26:44.643735+00:00] quotable=138 would_place=38 would_cancel=0 equity=$500.00
[DRY-RUN] [2026-08-29T14:27:30.736456+00:00] quotable=138 would_place=38 would_cancel=0 equity=$500.00
[DRY-RUN] [2026-08-29T14:28:17.137613+00:00] quotable=138 would_place=38 would_cancel=0 equity=$500.00
[DRY-RUN] [2026-08-29T14:29:03.233543+00:00] quotable=138 would_place=38 would_cancel=0 equity=$500.00
[DRY-RUN] [2026-08-29T14:29:59.362602+00:00] quotable=138 would_place=38 would_cancel=0 equity=$500.00
[DRY-RUN] [2026-08-29T14:30:45.454475+00:00] quotable=138 would_place=38 would_cancel=0 equity=$500.00
[DRY-RUN] [2026-08-29T14:31:31.930655+00:00] quotable=138 would_place=38 would_cancel=0 equity=$500.00
[DRY-RUN] [2026-08-29T14:32:18.330169+00:00] quotable=138 would_place=38 would_cancel=0 equity=$500.00
[DRY-RUN] [2026-08-29T14:33:04.745002+00:00] quotable=138 would_place=38 would_cancel=0 equity=$500.00
[DRY-RUN] [2026-08-29T14:33:50.860414+00:00] quotable=138 would_place=38 would_cancel=0 equity=$500.00
[DRY-RUN] [2026-08-29T14:34:36.944165+00:00] quotable=138 would_place=38 would_cancel=0 equity=$500.00
[DRY-RUN] [2026-08-29T14:35:23.225430+00:00] quotable=138 would_place=38 would_cancel=0 equity=$500.00
[DRY-RUN] [2026-08-29T14:36:09.486426+00:00] quotable=138 would_place=38 would_cancel=0 equity=$500.00
[DRY-RUN] [2026-08-29T14:36:55.750415+00:00] quotable=138 would_place=38 would_cancel=0 equity=$500.00
[DRY-RUN] [2026-08-29T14:37:51.921754+00:00] quotable=138 would_place=38 would_cancel=0 equity=$500.00
[DRY-RUN] [2026-08-29T14:38:38.188452+00:00] quotable=138 would_place=38 would_cancel=0 equity=$500.00
[DRY-RUN] [2026-08-29T14:39:24.477525+00:00] quotable=138 would_place=38 would_cancel=0 equity=$500.00
[DRY-RUN] [2026-08-29T14:40:10.753421+00:00] quotable=138 would_place=38 would_cancel=0 equity=$500.00
[DRY-RUN] [2026-08-29T14:40:57.070776+00:00] quotable=138 would_place=38 would_cancel=0 equity=$500.00
[DRY-RUN] [2026-08-29T14:41:43.362251+00:00] quotable=138 would_place=38 would_cancel=0 equity=$500.00
[DRY-RUN] [2026-08-29T14:42:29.974263+00:00] quotable=138 would_place=38 would_cancel=0 equity=$500.00
universe refreshed: 140 quotable market(s)
[DRY-RUN] [2026-08-29T14:43:24.849459+00:00] quotable=140 would_place=34 would_cancel=0 equity=$500.00
[DRY-RUN] [2026-08-29T14:44:16.206109+00:00] quotable=140 would_place=34 would_cancel=0 equity=$500.00
[DRY-RUN] [2026-08-29T14:45:02.288968+00:00] quotable=140 would_place=34 would_cancel=0 equity=$500.00
[DRY-RUN] [2026-08-29T14:45:48.428636+00:00] quotable=140 would_place=34 would_cancel=0 equity=$500.00
[DRY-RUN] [2026-08-29T14:46:34.744280+00:00] quotable=140 would_place=34 would_cancel=0 equity=$500.00
[DRY-RUN] [2026-08-29T14:47:31.054758+00:00] quotable=140 would_place=34 would_cancel=0 equity=$500.00
[DRY-RUN] [2026-08-29T14:48:17.308268+00:00] quotable=140 would_place=34 would_cancel=0 equity=$500.00
[DRY-RUN] [2026-08-29T14:49:03.401525+00:00] quotable=140 would_place=34 would_cancel=0 equity=$500.00
[DRY-RUN] [2026-08-29T14:49:49.684182+00:00] quotable=140 would_place=34 would_cancel=0 equity=$500.00
[DRY-RUN] [2026-08-29T14:50:35.769742+00:00] quotable=140 would_place=34 would_cancel=0 equity=$500.00
[DRY-RUN] [2026-08-29T14:51:21.875850+00:00] quotable=140 would_place=34 would_cancel=0 equity=$500.00
[DRY-RUN] [2026-08-29T14:52:07.969611+00:00] quotable=140 would_place=34 would_cancel=0 equity=$500.00
[DRY-RUN] [2026-08-29T14:52:54.226555+00:00] quotable=140 would_place=34 would_cancel=0 equity=$500.00
[DRY-RUN] [2026-08-29T14:53:40.686568+00:00] quotable=140 would_place=34 would_cancel=0 equity=$500.00
[DRY-RUN] [2026-08-29T14:54:26.800114+00:00] quotable=140 would_place=34 would_cancel=0 equity=$500.00
[DRY-RUN] [2026-08-29T14:55:13.049342+00:00] quotable=140 would_place=34 would_cancel=0 equity=$500.00
[DRY-RUN] [2026-08-29T14:56:09.421328+00:00] quotable=140 would_place=34 would_cancel=0 equity=$500.00
[DRY-RUN] [2026-08-29T14:56:55.534199+00:00] quotable=140 would_place=34 would_cancel=0 equity=$500.00
[DRY-RUN] [2026-08-29T14:57:41.798253+00:00] quotable=140 would_place=34 would_cancel=0 equity=$500.00
[DRY-RUN] [2026-08-29T14:58:28.076384+00:00] quotable=140 would_place=34 would_cancel=0 equity=$500.00
[DRY-RUN] [2026-08-29T14:59:14.474507+00:00] quotable=140 would_place=34 would_cancel=0 equity=$500.00
[DRY-RUN] [2026-08-29T15:00:00.924680+00:00] quotable=140 would_place=34 would_cancel=0 equity=$500.00
[DRY-RUN] [2026-08-29T15:00:47.285604+00:00] quotable=140 would_place=34 would_cancel=0 equity=$500.00
[DRY-RUN] [2026-08-29T15:01:33.900262+00:00] quotable=140 would_place=34 would_cancel=0 equity=$500.00
[DRY-RUN] [2026-08-29T15:02:20.005470+00:00] quotable=140 would_place=34 would_cancel=0 equity=$500.00
[DRY-RUN] [2026-08-29T15:03:06.299263+00:00] quotable=140 would_place=34 would_cancel=0 equity=$500.00
[DRY-RUN] [2026-08-29T15:03:52.404472+00:00] quotable=140 would_place=34 would_cancel=0 equity=$500.00
[DRY-RUN] [2026-08-29T15:04:38.665586+00:00] quotable=140 would_place=34 would_cancel=0 equity=$500.00
[DRY-RUN] [2026-08-29T15:05:24.969658+00:00] quotable=140 would_place=34 would_cancel=0 equity=$500.00
[DRY-RUN] [2026-08-29T15:06:11.104377+00:00] quotable=140 would_place=34 would_cancel=0 equity=$500.00
[DRY-RUN] [2026-08-29T15:06:57.382752+00:00] quotable=140 would_place=34 would_cancel=0 equity=$500.00
[DRY-RUN] [2026-08-29T15:07:43.481947+00:00] quotable=140 would_place=34 would_cancel=0 equity=$500.00
[DRY-RUN] [2026-08-29T15:08:39.887117+00:00] quotable=140 would_place=34 would_cancel=0 equity=$500.00
[DRY-RUN] [2026-08-29T15:09:25.987864+00:00] quotable=140 would_place=34 would_cancel=0 equity=$500.00
[DRY-RUN] [2026-08-29T15:10:12.185847+00:00] quotable=140 would_place=34 would_cancel=0 equity=$500.00
[DRY-RUN] [2026-08-29T15:10:58.731073+00:00] quotable=140 would_place=34 would_cancel=0 equity=$500.00
[DRY-RUN] [2026-08-29T15:11:45.034867+00:00] quotable=140 would_place=34 would_cancel=0 equity=$500.00
[DRY-RUN] [2026-08-29T15:12:41.172606+00:00] quotable=140 would_place=34 would_cancel=0 equity=$500.00
universe refreshed: 127 quotable market(s)
[DRY-RUN] [2026-08-29T15:13:34.104906+00:00] quotable=127 would_place=38 would_cancel=0 equity=$500.00
[DRY-RUN] [2026-08-29T15:14:24.693314+00:00] quotable=127 would_place=38 would_cancel=0 equity=$500.00
[DRY-RUN] [2026-08-29T15:15:10.803581+00:00] quotable=127 would_place=38 would_cancel=0 equity=$500.00
[DRY-RUN] [2026-08-29T15:15:57.256232+00:00] quotable=127 would_place=38 would_cancel=0 equity=$500.00
[DRY-RUN] [2026-08-29T15:16:43.352736+00:00] quotable=127 would_place=38 would_cancel=0 equity=$500.00
[DRY-RUN] [2026-08-29T15:17:29.441868+00:00] quotable=127 would_place=38 would_cancel=0 equity=$500.00
[DRY-RUN] [2026-08-29T15:18:15.686844+00:00] quotable=127 would_place=38 would_cancel=0 equity=$500.00
[DRY-RUN] [2026-08-29T15:19:02.124984+00:00] quotable=127 would_place=38 would_cancel=0 equity=$500.00
[DRY-RUN] [2026-08-29T15:19:48.372202+00:00] quotable=127 would_place=38 would_cancel=0 equity=$500.00
[DRY-RUN] [2026-08-29T15:20:34.642809+00:00] quotable=127 would_place=38 would_cancel=0 equity=$500.00
[DRY-RUN] [2026-08-29T15:21:21.634433+00:00] quotable=127 would_place=38 would_cancel=0 equity=$500.00
[DRY-RUN] [2026-08-29T15:22:08.105548+00:00] quotable=127 would_place=38 would_cancel=0 equity=$500.00
[DRY-RUN] [2026-08-29T15:22:54.361513+00:00] quotable=127 would_place=38 would_cancel=0 equity=$500.00
[DRY-RUN] [2026-08-29T15:23:40.449336+00:00] quotable=127 would_place=38 would_cancel=0 equity=$500.00
[DRY-RUN] [2026-08-29T15:24:36.844518+00:00] quotable=127 would_place=38 would_cancel=0 equity=$500.00
[DRY-RUN] [2026-08-29T15:25:22.943899+00:00] quotable=127 would_place=38 would_cancel=0 equity=$500.00
[DRY-RUN] [2026-08-29T15:26:09.232056+00:00] quotable=127 would_place=38 would_cancel=0 equity=$500.00
[DRY-RUN] [2026-08-29T15:26:55.389917+00:00] quotable=127 would_place=38 would_cancel=0 equity=$500.00
[DRY-RUN] [2026-08-29T15:27:41.817636+00:00] quotable=127 would_place=38 would_cancel=0 equity=$500.00
[DRY-RUN] [2026-08-29T15:28:28.257995+00:00] quotable=127 would_place=38 would_cancel=0 equity=$500.00
[DRY-RUN] [2026-08-29T15:29:14.406122+00:00] quotable=127 would_place=38 would_cancel=0 equity=$500.00
[DRY-RUN] [2026-08-29T15:30:00.707729+00:00] quotable=127 would_place=38 would_cancel=0 equity=$500.00
[DRY-RUN] [2026-08-29T15:30:47.004322+00:00] quotable=127 would_place=38 would_cancel=0 equity=$500.00
[DRY-RUN] [2026-08-29T15:31:33.150144+00:00] quotable=127 would_place=38 would_cancel=0 equity=$500.00
[DRY-RUN] [2026-08-29T15:32:19.272768+00:00] quotable=127 would_place=38 would_cancel=0 equity=$500.00
[DRY-RUN] [2026-08-29T15:33:05.536817+00:00] quotable=127 would_place=38 would_cancel=0 equity=$500.00
[DRY-RUN] [2026-08-29T15:34:01.662716+00:00] quotable=127 would_place=40 would_cancel=0 equity=$500.00
[DRY-RUN] [2026-08-29T15:34:48.634902+00:00] quotable=127 would_place=40 would_cancel=0 equity=$500.00
[DRY-RUN] [2026-08-29T15:35:34.818819+00:00] quotable=127 would_place=38 would_cancel=0 equity=$500.00
[DRY-RUN] [2026-08-29T15:36:21.188732+00:00] quotable=127 would_place=38 would_cancel=0 equity=$500.00
[DRY-RUN] [2026-08-29T15:37:07.316984+00:00] quotable=127 would_place=38 would_cancel=0 equity=$500.00
[DRY-RUN] [2026-08-29T15:37:53.464901+00:00] quotable=127 would_place=38 would_cancel=0 equity=$500.00
[DRY-RUN] [2026-08-29T15:38:39.784511+00:00] quotable=127 would_place=38 would_cancel=0 equity=$500.00
[DRY-RUN] [2026-08-29T15:39:26.071326+00:00] quotable=127 would_place=38 would_cancel=0 equity=$500.00
[DRY-RUN] [2026-08-29T15:40:12.353398+00:00] quotable=127 would_place=38 would_cancel=0 equity=$500.00
[DRY-RUN] [2026-08-29T15:40:58.461341+00:00] quotable=127 would_place=38 would_cancel=0 equity=$500.00
[DRY-RUN] [2026-08-29T15:41:44.551595+00:00] quotable=127 would_place=38 would_cancel=0 equity=$500.00
[DRY-RUN] [2026-08-29T15:42:30.859749+00:00] quotable=127 would_place=38 would_cancel=0 equity=$500.00
[DRY-RUN] [2026-08-29T15:43:17.209571+00:00] quotable=127 would_place=38 would_cancel=0 equity=$500.00
universe refreshed: 125 quotable market(s)
[DRY-RUN] [2026-08-29T15:44:10.682447+00:00] quotable=125 would_place=38 would_cancel=0 equity=$500.00
[DRY-RUN] [2026-08-29T15:45:12.403091+00:00] quotable=125 would_place=36 would_cancel=0 equity=$500.00
[DRY-RUN] [2026-08-29T15:45:58.550946+00:00] quotable=125 would_place=36 would_cancel=0 equity=$500.00
[DRY-RUN] [2026-08-29T15:46:44.803935+00:00] quotable=125 would_place=36 would_cancel=0 equity=$500.00
[DRY-RUN] [2026-08-29T15:47:31.303388+00:00] quotable=125 would_place=38 would_cancel=0 equity=$500.00
[DRY-RUN] [2026-08-29T15:48:17.443829+00:00] quotable=125 would_place=38 would_cancel=0 equity=$500.00
[DRY-RUN] [2026-08-29T15:49:03.559390+00:00] quotable=125 would_place=38 would_cancel=0 equity=$500.00
[DRY-RUN] [2026-08-29T15:49:49.737696+00:00] quotable=125 would_place=38 would_cancel=0 equity=$500.00
[DRY-RUN] [2026-08-29T15:50:35.825163+00:00] quotable=125 would_place=38 would_cancel=0 equity=$500.00
[DRY-RUN] [2026-08-29T15:51:22.078774+00:00] quotable=125 would_place=38 would_cancel=0 equity=$500.00
[DRY-RUN] [2026-08-29T15:52:08.157585+00:00] quotable=125 would_place=38 would_cancel=0 equity=$500.00
[DRY-RUN] [2026-08-29T15:52:54.482087+00:00] quotable=125 would_place=38 would_cancel=0 equity=$500.00
[DRY-RUN] [2026-08-29T15:53:50.879183+00:00] quotable=125 would_place=38 would_cancel=0 equity=$500.00
[DRY-RUN] [2026-08-29T15:54:37.302766+00:00] quotable=125 would_place=38 would_cancel=0 equity=$500.00
[DRY-RUN] [2026-08-29T15:55:33.406873+00:00] quotable=125 would_place=38 would_cancel=0 equity=$500.00
[DRY-RUN] [2026-08-29T15:56:19.672300+00:00] quotable=125 would_place=38 would_cancel=0 equity=$500.00
[DRY-RUN] [2026-08-29T15:57:05.774571+00:00] quotable=125 would_place=38 would_cancel=0 equity=$500.00
[DRY-RUN] [2026-08-29T15:57:52.242711+00:00] quotable=125 would_place=38 would_cancel=0 equity=$500.00
[DRY-RUN] [2026-08-29T15:58:48.505540+00:00] quotable=125 would_place=38 would_cancel=0 equity=$500.00
[DRY-RUN] [2026-08-29T15:59:34.787678+00:00] quotable=125 would_place=38 would_cancel=0 equity=$500.00
[DRY-RUN] [2026-08-29T16:00:20.867959+00:00] quotable=125 would_place=38 would_cancel=0 equity=$500.00
[DRY-RUN] [2026-08-29T16:01:07.190164+00:00] quotable=125 would_place=38 would_cancel=0 equity=$500.00
[DRY-RUN] [2026-08-29T16:01:53.654443+00:00] quotable=125 would_place=38 would_cancel=0 equity=$500.00
[DRY-RUN] [2026-08-29T16:02:39.911430+00:00] quotable=125 would_place=38 would_cancel=0 equity=$500.00
[DRY-RUN] [2026-08-29T16:03:26.034072+00:00] quotable=125 would_place=38 would_cancel=0 equity=$500.00
[DRY-RUN] [2026-08-29T16:04:12.137571+00:00] quotable=125 would_place=38 would_cancel=0 equity=$500.00
[DRY-RUN] [2026-08-29T16:04:58.421590+00:00] quotable=125 would_place=38 would_cancel=0 equity=$500.00
[DRY-RUN] [2026-08-29T16:05:44.533768+00:00] quotable=125 would_place=38 would_cancel=0 equity=$500.00
[DRY-RUN] [2026-08-29T16:06:30.660709+00:00] quotable=125 would_place=38 would_cancel=0 equity=$500.00
[DRY-RUN] [2026-08-29T16:07:16.788270+00:00] quotable=125 would_place=38 would_cancel=0 equity=$500.00
[DRY-RUN] [2026-08-29T16:08:02.889853+00:00] quotable=125 would_place=38 would_cancel=0 equity=$500.00
[DRY-RUN] [2026-08-29T16:08:49.364748+00:00] quotable=125 would_place=38 would_cancel=0 equity=$500.00
[DRY-RUN] [2026-08-29T16:09:35.804335+00:00] quotable=125 would_place=38 would_cancel=0 equity=$500.00
[DRY-RUN] [2026-08-29T16:10:22.248085+00:00] quotable=125 would_place=38 would_cancel=0 equity=$500.00
[DRY-RUN] [2026-08-29T16:11:08.471337+00:00] quotable=125 would_place=38 would_cancel=0 equity=$500.00
[DRY-RUN] [2026-08-29T16:11:54.592573+00:00] quotable=125 would_place=38 would_cancel=0 equity=$500.00
[DRY-RUN] [2026-08-29T16:12:40.889336+00:00] quotable=125 would_place=38 would_cancel=0 equity=$500.00
[DRY-RUN] [2026-08-29T16:13:27.041990+00:00] quotable=125 would_place=38 would_cancel=0 equity=$500.00
universe refreshed: 134 quotable market(s)
[DRY-RUN] [2026-08-29T16:14:18.314150+00:00] quotable=134 would_place=34 would_cancel=0 equity=$500.00
[DRY-RUN] [2026-08-29T16:15:06.331237+00:00] quotable=134 would_place=34 would_cancel=0 equity=$500.00
[DRY-RUN] [2026-08-29T16:15:52.740769+00:00] quotable=134 would_place=34 would_cancel=0 equity=$500.00
[DRY-RUN] [2026-08-29T16:16:38.859827+00:00] quotable=134 would_place=34 would_cancel=0 equity=$500.00
[DRY-RUN] [2026-08-29T16:17:35.270221+00:00] quotable=134 would_place=34 would_cancel=0 equity=$500.00
[DRY-RUN] [2026-08-29T16:18:21.369262+00:00] quotable=134 would_place=34 would_cancel=0 equity=$500.00
[DRY-RUN] [2026-08-29T16:19:17.776885+00:00] quotable=134 would_place=34 would_cancel=0 equity=$500.00
[DRY-RUN] [2026-08-29T16:20:03.912582+00:00] quotable=134 would_place=34 would_cancel=0 equity=$500.00
[DRY-RUN] [2026-08-29T16:20:50.342415+00:00] quotable=134 would_place=34 would_cancel=0 equity=$500.00
[DRY-RUN] [2026-08-29T16:21:36.453392+00:00] quotable=134 would_place=34 would_cancel=0 equity=$500.00
[DRY-RUN] [2026-08-29T16:22:23.050332+00:00] quotable=134 would_place=34 would_cancel=0 equity=$500.00
[DRY-RUN] [2026-08-29T16:23:09.323382+00:00] quotable=134 would_place=34 would_cancel=0 equity=$500.00
[DRY-RUN] [2026-08-29T16:23:55.397967+00:00] quotable=134 would_place=34 would_cancel=0 equity=$500.00
[DRY-RUN] [2026-08-29T16:24:41.504740+00:00] quotable=134 would_place=34 would_cancel=0 equity=$500.00
[DRY-RUN] [2026-08-29T16:25:27.588273+00:00] quotable=134 would_place=34 would_cancel=0 equity=$500.00
[DRY-RUN] [2026-08-29T16:26:13.995696+00:00] quotable=134 would_place=34 would_cancel=0 equity=$500.00
[DRY-RUN] [2026-08-29T16:27:00.130317+00:00] quotable=134 would_place=34 would_cancel=0 equity=$500.00
[DRY-RUN] [2026-08-29T16:27:46.397981+00:00] quotable=134 would_place=34 would_cancel=0 equity=$500.00
[DRY-RUN] [2026-08-29T16:28:32.521314+00:00] quotable=134 would_place=34 would_cancel=0 equity=$500.00
[DRY-RUN] [2026-08-29T16:29:18.800609+00:00] quotable=134 would_place=34 would_cancel=0 equity=$500.00
[DRY-RUN] [2026-08-29T16:30:05.219836+00:00] quotable=134 would_place=34 would_cancel=0 equity=$500.00
[DRY-RUN] [2026-08-29T16:30:51.350578+00:00] quotable=134 would_place=34 would_cancel=0 equity=$500.00
[DRY-RUN] [2026-08-29T16:31:37.470214+00:00] quotable=134 would_place=34 would_cancel=0 equity=$500.00
[DRY-RUN] [2026-08-29T16:32:33.597621+00:00] quotable=134 would_place=34 would_cancel=0 equity=$500.00
[DRY-RUN] [2026-08-29T16:33:19.996394+00:00] quotable=134 would_place=34 would_cancel=0 equity=$500.00
[DRY-RUN] [2026-08-29T16:34:06.091950+00:00] quotable=134 would_place=34 would_cancel=0 equity=$500.00
[DRY-RUN] [2026-08-29T16:35:02.593580+00:00] quotable=134 would_place=34 would_cancel=0 equity=$500.00
[DRY-RUN] [2026-08-29T16:35:48.892180+00:00] quotable=134 would_place=34 would_cancel=0 equity=$500.00
[DRY-RUN] [2026-08-29T16:36:35.283090+00:00] quotable=134 would_place=34 would_cancel=0 equity=$500.00
[DRY-RUN] [2026-08-29T16:37:21.593837+00:00] quotable=134 would_place=34 would_cancel=0 equity=$500.00
[DRY-RUN] [2026-08-29T16:38:07.873427+00:00] quotable=134 would_place=34 would_cancel=0 equity=$500.00
[DRY-RUN] [2026-08-29T16:38:54.167645+00:00] quotable=134 would_place=34 would_cancel=0 equity=$500.00
[DRY-RUN] [2026-08-29T16:39:40.260633+00:00] quotable=134 would_place=34 would_cancel=0 equity=$500.00
[DRY-RUN] [2026-08-29T16:40:36.694320+00:00] quotable=134 would_place=34 would_cancel=0 equity=$500.00
[DRY-RUN] [2026-08-29T16:41:23.788686+00:00] quotable=134 would_place=34 would_cancel=0 equity=$500.00
[DRY-RUN] [2026-08-29T16:42:10.093558+00:00] quotable=134 would_place=34 would_cancel=0 equity=$500.00
[DRY-RUN] [2026-08-29T16:42:56.190394+00:00] quotable=134 would_place=34 would_cancel=0 equity=$500.00
[DRY-RUN] [2026-08-29T16:43:42.279722+00:00] quotable=134 would_place=34 would_cancel=0 equity=$500.00
universe refreshed: 146 quotable market(s)
[DRY-RUN] [2026-08-29T16:44:37.559091+00:00] quotable=146 would_place=38 would_cancel=0 equity=$500.00
[DRY-RUN] [2026-08-29T16:45:27.719990+00:00] quotable=146 would_place=38 would_cancel=0 equity=$500.00
[DRY-RUN] [2026-08-29T16:46:23.829422+00:00] quotable=146 would_place=38 would_cancel=0 equity=$500.00
[DRY-RUN] [2026-08-29T16:47:10.114255+00:00] quotable=146 would_place=37 would_cancel=0 equity=$500.00
[DRY-RUN] [2026-08-29T16:47:56.378402+00:00] quotable=146 would_place=37 would_cancel=0 equity=$500.00
[DRY-RUN] [2026-08-29T16:48:42.677547+00:00] quotable=146 would_place=38 would_cancel=0 equity=$500.00
[DRY-RUN] [2026-08-29T16:49:29.080523+00:00] quotable=146 would_place=37 would_cancel=0 equity=$500.00
[DRY-RUN] [2026-08-29T16:50:15.273112+00:00] quotable=146 would_place=37 would_cancel=0 equity=$500.00
[DRY-RUN] [2026-08-29T16:51:01.533455+00:00] quotable=146 would_place=37 would_cancel=0 equity=$500.00
[DRY-RUN] [2026-08-29T16:51:58.015890+00:00] quotable=146 would_place=37 would_cancel=0 equity=$500.00
[DRY-RUN] [2026-08-29T16:52:44.154443+00:00] quotable=146 would_place=37 would_cancel=0 equity=$500.00
[DRY-RUN] [2026-08-29T16:53:30.321180+00:00] quotable=146 would_place=37 would_cancel=0 equity=$500.00
[DRY-RUN] [2026-08-29T16:54:16.797433+00:00] quotable=146 would_place=37 would_cancel=0 equity=$500.00
[DRY-RUN] [2026-08-29T16:55:02.904736+00:00] quotable=146 would_place=37 would_cancel=0 equity=$500.00
[DRY-RUN] [2026-08-29T16:55:49.356585+00:00] quotable=146 would_place=37 would_cancel=0 equity=$500.00
[DRY-RUN] [2026-08-29T16:56:45.596236+00:00] quotable=146 would_place=37 would_cancel=0 equity=$500.00
[DRY-RUN] [2026-08-29T16:57:31.689352+00:00] quotable=146 would_place=37 would_cancel=0 equity=$500.00
[DRY-RUN] [2026-08-29T16:58:17.771446+00:00] quotable=146 would_place=37 would_cancel=0 equity=$500.00
[DRY-RUN] [2026-08-29T16:59:03.884378+00:00] quotable=146 would_place=37 would_cancel=0 equity=$500.00
[DRY-RUN] [2026-08-29T16:59:50.126828+00:00] quotable=146 would_place=37 would_cancel=0 equity=$500.00
[DRY-RUN] [2026-08-29T17:00:36.208243+00:00] quotable=146 would_place=37 would_cancel=0 equity=$500.00
[DRY-RUN] [2026-08-29T17:01:22.310150+00:00] quotable=146 would_place=37 would_cancel=0 equity=$500.00
[DRY-RUN] [2026-08-29T17:02:08.458960+00:00] quotable=146 would_place=37 would_cancel=0 equity=$500.00
[DRY-RUN] [2026-08-29T17:02:54.607837+00:00] quotable=146 would_place=37 would_cancel=0 equity=$500.00
[DRY-RUN] [2026-08-29T17:03:40.714997+00:00] quotable=146 would_place=37 would_cancel=0 equity=$500.00
[DRY-RUN] [2026-08-29T17:04:26.837165+00:00] quotable=146 would_place=36 would_cancel=0 equity=$500.00
[DRY-RUN] [2026-08-29T17:05:22.930691+00:00] quotable=146 would_place=37 would_cancel=0 equity=$500.00
[DRY-RUN] [2026-08-29T17:06:09.064319+00:00] quotable=146 would_place=36 would_cancel=0 equity=$500.00
[DRY-RUN] [2026-08-29T17:06:55.132159+00:00] quotable=146 would_place=36 would_cancel=0 equity=$500.00
[DRY-RUN] [2026-08-29T17:07:41.289608+00:00] quotable=146 would_place=36 would_cancel=0 equity=$500.00
[DRY-RUN] [2026-08-29T17:08:37.417011+00:00] quotable=146 would_place=36 would_cancel=0 equity=$500.00
[DRY-RUN] [2026-08-29T17:09:23.521392+00:00] quotable=146 would_place=37 would_cancel=0 equity=$500.00
[DRY-RUN] [2026-08-29T17:10:09.617143+00:00] quotable=146 would_place=37 would_cancel=0 equity=$500.00
[DRY-RUN] [2026-08-29T17:10:55.730706+00:00] quotable=146 would_place=36 would_cancel=0 equity=$500.00
[DRY-RUN] [2026-08-29T17:11:41.995311+00:00] quotable=146 would_place=35 would_cancel=0 equity=$500.00
[DRY-RUN] [2026-08-29T17:12:28.850320+00:00] quotable=146 would_place=36 would_cancel=0 equity=$500.00
[DRY-RUN] [2026-08-29T17:13:15.131634+00:00] quotable=146 would_place=36 would_cancel=0 equity=$500.00
[DRY-RUN] [2026-08-29T17:14:01.269809+00:00] quotable=146 would_place=36 would_cancel=0 equity=$500.00
universe refreshed: 139 quotable market(s)
[DRY-RUN] [2026-08-29T17:14:52.088650+00:00] quotable=139 would_place=32 would_cancel=0 equity=$500.00
[DRY-RUN] [2026-08-29T17:15:41.240961+00:00] quotable=139 would_place=32 would_cancel=0 equity=$500.00
[DRY-RUN] [2026-08-29T17:16:27.406501+00:00] quotable=139 would_place=32 would_cancel=0 equity=$500.00
[DRY-RUN] [2026-08-29T17:17:13.525809+00:00] quotable=139 would_place=32 would_cancel=0 equity=$500.00
[DRY-RUN] [2026-08-29T17:17:59.651834+00:00] quotable=139 would_place=32 would_cancel=0 equity=$500.00
[DRY-RUN] [2026-08-29T17:18:45.879094+00:00] quotable=139 would_place=31 would_cancel=0 equity=$500.00
[DRY-RUN] [2026-08-29T17:19:32.007261+00:00] quotable=139 would_place=31 would_cancel=0 equity=$500.00
[DRY-RUN] [2026-08-29T17:20:28.110036+00:00] quotable=139 would_place=31 would_cancel=0 equity=$500.00
[DRY-RUN] [2026-08-29T17:21:14.542598+00:00] quotable=139 would_place=31 would_cancel=0 equity=$500.00
[DRY-RUN] [2026-08-29T17:22:00.671940+00:00] quotable=139 would_place=31 would_cancel=0 equity=$500.00
[DRY-RUN] [2026-08-29T17:22:46.786128+00:00] quotable=139 would_place=31 would_cancel=0 equity=$500.00
[DRY-RUN] [2026-08-29T17:23:32.879387+00:00] quotable=139 would_place=31 would_cancel=0 equity=$500.00
[DRY-RUN] [2026-08-29T17:24:18.985607+00:00] quotable=139 would_place=31 would_cancel=0 equity=$500.00
[DRY-RUN] [2026-08-29T17:25:05.139006+00:00] quotable=139 would_place=31 would_cancel=0 equity=$500.00
[DRY-RUN] [2026-08-29T17:26:01.370084+00:00] quotable=139 would_place=31 would_cancel=0 equity=$500.00
[DRY-RUN] [2026-08-29T17:26:47.745835+00:00] quotable=139 would_place=31 would_cancel=0 equity=$500.00
[DRY-RUN] [2026-08-29T17:27:43.842226+00:00] quotable=139 would_place=31 would_cancel=0 equity=$500.00
[DRY-RUN] [2026-08-29T17:28:39.933465+00:00] quotable=139 would_place=31 would_cancel=0 equity=$500.00
[DRY-RUN] [2026-08-29T17:29:26.065029+00:00] quotable=139 would_place=31 would_cancel=0 equity=$500.00
[DRY-RUN] [2026-08-29T17:30:12.156530+00:00] quotable=139 would_place=31 would_cancel=0 equity=$500.00
[DRY-RUN] [2026-08-29T17:30:58.313141+00:00] quotable=139 would_place=31 would_cancel=0 equity=$500.00
[DRY-RUN] [2026-08-29T17:31:44.579418+00:00] quotable=139 would_place=31 would_cancel=0 equity=$500.00
[DRY-RUN] [2026-08-29T17:32:30.662698+00:00] quotable=139 would_place=31 would_cancel=0 equity=$500.00
[DRY-RUN] [2026-08-29T17:33:16.992502+00:00] quotable=139 would_place=31 would_cancel=0 equity=$500.00
[DRY-RUN] [2026-08-29T17:34:03.095977+00:00] quotable=139 would_place=31 would_cancel=0 equity=$500.00
[DRY-RUN] [2026-08-29T17:34:49.499840+00:00] quotable=139 would_place=31 would_cancel=0 equity=$500.00
[DRY-RUN] [2026-08-29T17:35:35.591590+00:00] quotable=139 would_place=31 would_cancel=0 equity=$500.00
[DRY-RUN] [2026-08-29T17:36:22.045950+00:00] quotable=139 would_place=31 would_cancel=0 equity=$500.00
[DRY-RUN] [2026-08-29T17:37:08.249451+00:00] quotable=139 would_place=31 would_cancel=0 equity=$500.00
[DRY-RUN] [2026-08-29T17:37:54.396697+00:00] quotable=139 would_place=31 would_cancel=0 equity=$500.00
[DRY-RUN] [2026-08-29T17:38:40.812236+00:00] quotable=139 would_place=31 would_cancel=0 equity=$500.00
[DRY-RUN] [2026-08-29T17:39:27.290580+00:00] quotable=139 would_place=31 would_cancel=0 equity=$500.00
[DRY-RUN] [2026-08-29T17:40:13.448001+00:00] quotable=139 would_place=31 would_cancel=0 equity=$500.00
[DRY-RUN] [2026-08-29T17:40:59.883131+00:00] quotable=139 would_place=31 would_cancel=0 equity=$500.00
[DRY-RUN] [2026-08-29T17:41:45.966413+00:00] quotable=139 would_place=31 would_cancel=0 equity=$500.00
[DRY-RUN] [2026-08-29T17:42:32.047151+00:00] quotable=139 would_place=31 would_cancel=0 equity=$500.00
[DRY-RUN] [2026-08-29T17:43:18.138965+00:00] quotable=139 would_place=31 would_cancel=0 equity=$500.00
[DRY-RUN] [2026-08-29T17:44:04.731011+00:00] quotable=139 would_place=31 would_cancel=0 equity=$500.00
[DRY-RUN] [2026-08-29T17:44:50.858830+00:00] quotable=139 would_place=31 would_cancel=0 equity=$500.00
universe refreshed: 146 quotable market(s)
[DRY-RUN] [2026-08-29T17:45:54.152147+00:00] quotable=146 would_place=34 would_cancel=0 equity=$500.00
[DRY-RUN] [2026-08-29T17:46:43.640512+00:00] quotable=146 would_place=34 would_cancel=0 equity=$500.00
[DRY-RUN] [2026-08-29T17:47:29.768543+00:00] quotable=146 would_place=34 would_cancel=0 equity=$500.00
[DRY-RUN] [2026-08-29T17:48:15.918397+00:00] quotable=146 would_place=34 would_cancel=0 equity=$500.00
[DRY-RUN] [2026-08-29T17:49:02.012694+00:00] quotable=146 would_place=34 would_cancel=0 equity=$500.00
[DRY-RUN] [2026-08-29T17:49:48.080565+00:00] quotable=146 would_place=34 would_cancel=0 equity=$500.00
[DRY-RUN] [2026-08-29T17:50:34.267197+00:00] quotable=146 would_place=34 would_cancel=0 equity=$500.00
[DRY-RUN] [2026-08-29T17:51:20.332667+00:00] quotable=146 would_place=34 would_cancel=0 equity=$500.00
[DRY-RUN] [2026-08-29T17:52:06.717463+00:00] quotable=146 would_place=34 would_cancel=0 equity=$500.00
[DRY-RUN] [2026-08-29T17:52:52.806216+00:00] quotable=146 would_place=34 would_cancel=0 equity=$500.00
[DRY-RUN] [2026-08-29T17:53:39.203824+00:00] quotable=146 would_place=34 would_cancel=0 equity=$500.00
[DRY-RUN] [2026-08-29T17:54:25.311309+00:00] quotable=146 would_place=34 would_cancel=0 equity=$500.00
[DRY-RUN] [2026-08-29T17:55:11.362113+00:00] quotable=146 would_place=34 would_cancel=0 equity=$500.00
[DRY-RUN] [2026-08-29T17:55:57.430303+00:00] quotable=146 would_place=34 would_cancel=0 equity=$500.00
[DRY-RUN] [2026-08-29T17:56:43.504745+00:00] quotable=146 would_place=34 would_cancel=0 equity=$500.00
[DRY-RUN] [2026-08-29T17:57:29.603960+00:00] quotable=146 would_place=34 would_cancel=0 equity=$500.00
[DRY-RUN] [2026-08-29T17:58:15.689144+00:00] quotable=146 would_place=34 would_cancel=0 equity=$500.00
[DRY-RUN] [2026-08-29T17:59:02.053037+00:00] quotable=146 would_place=34 would_cancel=0 equity=$500.00
[DRY-RUN] [2026-08-29T17:59:48.202738+00:00] quotable=146 would_place=34 would_cancel=0 equity=$500.00
[DRY-RUN] [2026-08-29T18:00:44.291216+00:00] quotable=146 would_place=34 would_cancel=0 equity=$500.00
[DRY-RUN] [2026-08-29T18:01:30.407541+00:00] quotable=146 would_place=34 would_cancel=0 equity=$500.00
[DRY-RUN] [2026-08-29T18:02:16.484661+00:00] quotable=146 would_place=34 would_cancel=0 equity=$500.00
[DRY-RUN] [2026-08-29T18:03:02.565555+00:00] quotable=146 would_place=34 would_cancel=0 equity=$500.00
[DRY-RUN] [2026-08-29T18:03:48.662463+00:00] quotable=146 would_place=34 would_cancel=0 equity=$500.00
[DRY-RUN] [2026-08-29T18:04:44.761546+00:00] quotable=146 would_place=34 would_cancel=0 equity=$500.00
[DRY-RUN] [2026-08-29T18:05:30.721408+00:00] quotable=146 would_place=34 would_cancel=0 equity=$500.00
[DRY-RUN] [2026-08-29T18:06:16.875747+00:00] quotable=146 would_place=34 would_cancel=0 equity=$500.00
[DRY-RUN] [2026-08-29T18:07:03.148984+00:00] quotable=146 would_place=34 would_cancel=0 equity=$500.00
[DRY-RUN] [2026-08-29T18:07:59.254363+00:00] quotable=146 would_place=34 would_cancel=0 equity=$500.00
[DRY-RUN] [2026-08-29T18:08:45.432112+00:00] quotable=146 would_place=34 would_cancel=0 equity=$500.00
[DRY-RUN] [2026-08-29T18:09:31.560671+00:00] quotable=146 would_place=34 would_cancel=0 equity=$500.00
[DRY-RUN] [2026-08-29T18:10:17.650707+00:00] quotable=146 would_place=34 would_cancel=0 equity=$500.00
[DRY-RUN] [2026-08-29T18:11:03.873249+00:00] quotable=146 would_place=34 would_cancel=0 equity=$500.00
[DRY-RUN] [2026-08-29T18:11:50.118838+00:00] quotable=146 would_place=34 would_cancel=0 equity=$500.00
[DRY-RUN] [2026-08-29T18:12:36.386823+00:00] quotable=146 would_place=34 would_cancel=0 equity=$500.00
[DRY-RUN] [2026-08-29T18:13:22.651518+00:00] quotable=146 would_place=34 would_cancel=0 equity=$500.00
[DRY-RUN] [2026-08-29T18:14:08.724675+00:00] quotable=146 would_place=34 would_cancel=0 equity=$500.00
[DRY-RUN] [2026-08-29T18:14:54.983111+00:00] quotable=146 would_place=34 would_cancel=0 equity=$500.00
[DRY-RUN] [2026-08-29T18:15:41.080985+00:00] quotable=146 would_place=34 would_cancel=0 equity=$500.00
universe refreshed: 150 quotable market(s)
[DRY-RUN] [2026-08-29T18:16:32.255230+00:00] quotable=150 would_place=34 would_cancel=0 equity=$500.00
[DRY-RUN] [2026-08-29T18:17:22.071097+00:00] quotable=150 would_place=34 would_cancel=0 equity=$500.00
[DRY-RUN] [2026-08-29T18:18:18.579268+00:00] quotable=150 would_place=34 would_cancel=0 equity=$500.00
[DRY-RUN] [2026-08-29T18:19:04.850453+00:00] quotable=150 would_place=34 would_cancel=0 equity=$500.00
[DRY-RUN] [2026-08-29T18:19:50.953673+00:00] quotable=150 would_place=34 would_cancel=0 equity=$500.00
[DRY-RUN] [2026-08-29T18:20:37.065296+00:00] quotable=150 would_place=34 would_cancel=0 equity=$500.00
[DRY-RUN] [2026-08-29T18:21:23.306060+00:00] quotable=150 would_place=34 would_cancel=0 equity=$500.00
[DRY-RUN] [2026-08-29T18:22:09.680317+00:00] quotable=150 would_place=34 would_cancel=0 equity=$500.00
[DRY-RUN] [2026-08-29T18:22:55.763522+00:00] quotable=150 would_place=34 would_cancel=0 equity=$500.00
[DRY-RUN] [2026-08-29T18:23:42.006758+00:00] quotable=150 would_place=34 would_cancel=0 equity=$500.00
[DRY-RUN] [2026-08-29T18:24:28.283450+00:00] quotable=150 would_place=34 would_cancel=0 equity=$500.00
[DRY-RUN] [2026-08-29T18:25:14.891143+00:00] quotable=150 would_place=34 would_cancel=0 equity=$500.00
[DRY-RUN] [2026-08-29T18:26:00.969281+00:00] quotable=150 would_place=34 would_cancel=0 equity=$500.00
[DRY-RUN] [2026-08-29T18:26:57.413406+00:00] quotable=150 would_place=34 would_cancel=0 equity=$500.00
[DRY-RUN] [2026-08-29T18:27:43.479942+00:00] quotable=150 would_place=34 would_cancel=0 equity=$500.00
[DRY-RUN] [2026-08-29T18:28:29.726835+00:00] quotable=150 would_place=34 would_cancel=0 equity=$500.00
[DRY-RUN] [2026-08-29T18:29:15.820517+00:00] quotable=150 would_place=34 would_cancel=0 equity=$500.00
[DRY-RUN] [2026-08-29T18:30:02.068424+00:00] quotable=150 would_place=34 would_cancel=0 equity=$500.00
[DRY-RUN] [2026-08-29T18:30:48.466121+00:00] quotable=150 would_place=34 would_cancel=0 equity=$500.00
[DRY-RUN] [2026-08-29T18:31:35.047687+00:00] quotable=150 would_place=34 would_cancel=0 equity=$500.00
[DRY-RUN] [2026-08-29T18:32:21.479355+00:00] quotable=150 would_place=34 would_cancel=0 equity=$500.00
[DRY-RUN] [2026-08-29T18:33:07.793989+00:00] quotable=150 would_place=34 would_cancel=0 equity=$500.00
[DRY-RUN] [2026-08-29T18:33:53.886821+00:00] quotable=150 would_place=34 would_cancel=0 equity=$500.00
[DRY-RUN] [2026-08-29T18:34:39.980602+00:00] quotable=150 would_place=34 would_cancel=0 equity=$500.00
[DRY-RUN] [2026-08-29T18:35:26.383554+00:00] quotable=150 would_place=34 would_cancel=0 equity=$500.00
[DRY-RUN] [2026-08-29T18:36:12.618540+00:00] quotable=150 would_place=34 would_cancel=0 equity=$500.00
[DRY-RUN] [2026-08-29T18:36:58.680550+00:00] quotable=150 would_place=34 would_cancel=0 equity=$500.00
[DRY-RUN] [2026-08-29T18:37:55.039053+00:00] quotable=150 would_place=34 would_cancel=0 equity=$500.00
[DRY-RUN] [2026-08-29T18:38:51.140150+00:00] quotable=150 would_place=34 would_cancel=0 equity=$500.00
[DRY-RUN] [2026-08-29T18:39:37.224822+00:00] quotable=150 would_place=34 would_cancel=0 equity=$500.00
[DRY-RUN] [2026-08-29T18:40:23.339231+00:00] quotable=150 would_place=34 would_cancel=0 equity=$500.00
[DRY-RUN] [2026-08-29T18:41:09.436944+00:00] quotable=150 would_place=34 would_cancel=0 equity=$500.00
[DRY-RUN] [2026-08-29T18:41:55.726612+00:00] quotable=150 would_place=34 would_cancel=0 equity=$500.00
[DRY-RUN] [2026-08-29T18:42:41.833574+00:00] quotable=150 would_place=34 would_cancel=0 equity=$500.00
[DRY-RUN] [2026-08-29T18:43:27.921955+00:00] quotable=150 would_place=34 would_cancel=0 equity=$500.00
[DRY-RUN] [2026-08-29T18:44:14.012985+00:00] quotable=150 would_place=34 would_cancel=0 equity=$500.00
[DRY-RUN] [2026-08-29T18:45:00.100512+00:00] quotable=150 would_place=34 would_cancel=0 equity=$500.00
[DRY-RUN] [2026-08-29T18:45:46.258485+00:00] quotable=150 would_place=34 would_cancel=0 equity=$500.00
universe refreshed: 150 quotable market(s)
[DRY-RUN] [2026-08-29T18:46:37.808803+00:00] quotable=150 would_place=34 would_cancel=0 equity=$500.00
[DRY-RUN] [2026-08-29T18:47:26.965241+00:00] quotable=150 would_place=34 would_cancel=0 equity=$500.00
[DRY-RUN] [2026-08-29T18:48:13.629447+00:00] quotable=150 would_place=34 would_cancel=0 equity=$500.00
[DRY-RUN] [2026-08-29T18:48:59.709683+00:00] quotable=150 would_place=34 would_cancel=0 equity=$500.00
[DRY-RUN] [2026-08-29T18:49:46.089758+00:00] quotable=150 would_place=34 would_cancel=0 equity=$500.00
[DRY-RUN] [2026-08-29T18:50:32.457135+00:00] quotable=150 would_place=34 would_cancel=0 equity=$500.00
[DRY-RUN] [2026-08-29T18:51:18.894495+00:00] quotable=150 would_place=34 would_cancel=0 equity=$500.00
[DRY-RUN] [2026-08-29T18:52:05.226821+00:00] quotable=150 would_place=34 would_cancel=0 equity=$500.00
[DRY-RUN] [2026-08-29T18:52:51.464174+00:00] quotable=150 would_place=34 would_cancel=0 equity=$500.00
[DRY-RUN] [2026-08-29T18:53:37.712873+00:00] quotable=150 would_place=34 would_cancel=0 equity=$500.00
[DRY-RUN] [2026-08-29T18:54:24.137524+00:00] quotable=150 would_place=34 would_cancel=0 equity=$500.00
[DRY-RUN] [2026-08-29T18:55:10.654776+00:00] quotable=150 would_place=34 would_cancel=0 equity=$500.00
[DRY-RUN] [2026-08-29T18:55:56.577636+00:00] quotable=150 would_place=34 would_cancel=0 equity=$500.00
[DRY-RUN] [2026-08-29T18:56:42.793668+00:00] quotable=150 would_place=34 would_cancel=0 equity=$500.00
[DRY-RUN] [2026-08-29T18:57:29.063865+00:00] quotable=150 would_place=34 would_cancel=0 equity=$500.00
[DRY-RUN] [2026-08-29T18:58:15.510558+00:00] quotable=150 would_place=34 would_cancel=0 equity=$500.00
[DRY-RUN] [2026-08-29T18:59:01.589068+00:00] quotable=150 would_place=34 would_cancel=0 equity=$500.00
[DRY-RUN] [2026-08-29T18:59:47.675247+00:00] quotable=150 would_place=34 would_cancel=0 equity=$500.00
[DRY-RUN] [2026-08-29T19:00:33.751650+00:00] quotable=150 would_place=34 would_cancel=0 equity=$500.00
[DRY-RUN] [2026-08-29T19:01:21.279544+00:00] quotable=150 would_place=34 would_cancel=0 equity=$500.00
[DRY-RUN] [2026-08-29T19:02:07.692471+00:00] quotable=150 would_place=34 would_cancel=0 equity=$500.00
[DRY-RUN] [2026-08-29T19:02:54.048027+00:00] quotable=150 would_place=34 would_cancel=0 equity=$500.00
[DRY-RUN] [2026-08-29T19:03:40.398258+00:00] quotable=150 would_place=34 would_cancel=0 equity=$500.00
[DRY-RUN] [2026-08-29T19:04:26.668348+00:00] quotable=150 would_place=34 would_cancel=0 equity=$500.00
[DRY-RUN] [2026-08-29T19:05:12.748174+00:00] quotable=150 would_place=34 would_cancel=0 equity=$500.00
[DRY-RUN] [2026-08-29T19:05:58.828614+00:00] quotable=150 would_place=34 would_cancel=0 equity=$500.00
[DRY-RUN] [2026-08-29T19:06:44.899002+00:00] quotable=150 would_place=34 would_cancel=0 equity=$500.00
[DRY-RUN] [2026-08-29T19:07:31.325100+00:00] quotable=150 would_place=34 would_cancel=0 equity=$500.00
[DRY-RUN] [2026-08-29T19:08:17.693555+00:00] quotable=150 would_place=34 would_cancel=0 equity=$500.00
[DRY-RUN] [2026-08-29T19:09:04.070280+00:00] quotable=150 would_place=34 would_cancel=0 equity=$500.00
[DRY-RUN] [2026-08-29T19:09:50.502664+00:00] quotable=150 would_place=34 would_cancel=0 equity=$500.00
[DRY-RUN] [2026-08-29T19:10:36.793839+00:00] quotable=150 would_place=34 would_cancel=0 equity=$500.00
[DRY-RUN] [2026-08-29T19:11:23.234170+00:00] quotable=150 would_place=34 would_cancel=0 equity=$500.00
[DRY-RUN] [2026-08-29T19:12:09.607754+00:00] quotable=150 would_place=34 would_cancel=0 equity=$500.00
[DRY-RUN] [2026-08-29T19:12:55.770371+00:00] quotable=150 would_place=34 would_cancel=0 equity=$500.00
[DRY-RUN] [2026-08-29T19:13:42.109832+00:00] quotable=150 would_place=34 would_cancel=0 equity=$500.00
[DRY-RUN] [2026-08-29T19:14:38.228529+00:00] quotable=150 would_place=34 would_cancel=0 equity=$500.00
[DRY-RUN] [2026-08-29T19:15:24.330175+00:00] quotable=150 would_place=34 would_cancel=0 equity=$500.00
[DRY-RUN] [2026-08-29T19:16:10.636758+00:00] quotable=150 would_place=34 would_cancel=0 equity=$500.00
universe refreshed: 148 quotable market(s)
[DRY-RUN] [2026-08-29T19:17:02.018093+00:00] quotable=148 would_place=32 would_cancel=0 equity=$500.00
[DRY-RUN] [2026-08-29T19:17:50.798363+00:00] quotable=148 would_place=32 would_cancel=0 equity=$500.00
[DRY-RUN] [2026-08-29T19:18:37.217931+00:00] quotable=148 would_place=32 would_cancel=0 equity=$500.00
[DRY-RUN] [2026-08-29T19:19:23.310965+00:00] quotable=148 would_place=32 would_cancel=0 equity=$500.00
[DRY-RUN] [2026-08-29T19:20:09.418681+00:00] quotable=148 would_place=32 would_cancel=0 equity=$500.00
[DRY-RUN] [2026-08-29T19:20:55.733474+00:00] quotable=148 would_place=32 would_cancel=0 equity=$500.00
[DRY-RUN] [2026-08-29T19:21:41.984302+00:00] quotable=148 would_place=32 would_cancel=0 equity=$500.00
[DRY-RUN] [2026-08-29T19:22:38.233184+00:00] quotable=148 would_place=32 would_cancel=0 equity=$500.00
[DRY-RUN] [2026-08-29T19:23:24.486731+00:00] quotable=148 would_place=32 would_cancel=0 equity=$500.00
[DRY-RUN] [2026-08-29T19:24:10.589450+00:00] quotable=148 would_place=32 would_cancel=0 equity=$500.00
[DRY-RUN] [2026-08-29T19:24:56.702252+00:00] quotable=148 would_place=32 would_cancel=0 equity=$500.00
[DRY-RUN] [2026-08-29T19:25:42.810679+00:00] quotable=148 would_place=32 would_cancel=0 equity=$500.00
[DRY-RUN] [2026-08-29T19:26:28.884307+00:00] quotable=148 would_place=32 would_cancel=0 equity=$500.00
[DRY-RUN] [2026-08-29T19:27:15.074414+00:00] quotable=148 would_place=32 would_cancel=0 equity=$500.00
[DRY-RUN] [2026-08-29T19:28:11.196099+00:00] quotable=148 would_place=32 would_cancel=0 equity=$500.00
[DRY-RUN] [2026-08-29T19:28:57.297532+00:00] quotable=148 would_place=32 would_cancel=0 equity=$500.00
[DRY-RUN] [2026-08-29T19:29:43.700318+00:00] quotable=148 would_place=32 would_cancel=0 equity=$500.00
[DRY-RUN] [2026-08-29T19:30:29.952735+00:00] quotable=148 would_place=32 would_cancel=0 equity=$500.00
[DRY-RUN] [2026-08-29T19:31:16.306704+00:00] quotable=148 would_place=32 would_cancel=0 equity=$500.00
[DRY-RUN] [2026-08-29T19:32:02.380502+00:00] quotable=148 would_place=32 would_cancel=0 equity=$500.00
[DRY-RUN] [2026-08-29T19:32:48.449708+00:00] quotable=148 would_place=32 would_cancel=0 equity=$500.00
[DRY-RUN] [2026-08-29T19:33:34.555895+00:00] quotable=148 would_place=32 would_cancel=0 equity=$500.00
[DRY-RUN] [2026-08-29T19:34:20.683313+00:00] quotable=148 would_place=32 would_cancel=0 equity=$500.00
[DRY-RUN] [2026-08-29T19:35:07.024671+00:00] quotable=148 would_place=32 would_cancel=0 equity=$500.00
[DRY-RUN] [2026-08-29T19:35:53.124998+00:00] quotable=148 would_place=32 would_cancel=0 equity=$500.00
[DRY-RUN] [2026-08-29T19:36:49.708382+00:00] quotable=148 would_place=32 would_cancel=0 equity=$500.00
[DRY-RUN] [2026-08-29T19:37:45.871717+00:00] quotable=148 would_place=32 would_cancel=0 equity=$500.00
[DRY-RUN] [2026-08-29T19:38:31.938957+00:00] quotable=148 would_place=32 would_cancel=0 equity=$500.00
[DRY-RUN] [2026-08-29T19:39:18.044986+00:00] quotable=148 would_place=32 would_cancel=0 equity=$500.00
[DRY-RUN] [2026-08-29T19:40:04.112695+00:00] quotable=148 would_place=32 would_cancel=0 equity=$500.00
[DRY-RUN] [2026-08-29T19:40:50.207812+00:00] quotable=148 would_place=32 would_cancel=0 equity=$500.00
[DRY-RUN] [2026-08-29T19:41:36.355409+00:00] quotable=148 would_place=32 would_cancel=0 equity=$500.00
[DRY-RUN] [2026-08-29T19:42:22.604277+00:00] quotable=148 would_place=32 would_cancel=0 equity=$500.00
[DRY-RUN] [2026-08-29T19:43:08.687710+00:00] quotable=148 would_place=32 would_cancel=0 equity=$500.00
[DRY-RUN] [2026-08-29T19:43:54.789727+00:00] quotable=148 would_place=32 would_cancel=0 equity=$500.00
[DRY-RUN] [2026-08-29T19:44:41.249303+00:00] quotable=148 would_place=32 would_cancel=0 equity=$500.00
[DRY-RUN] [2026-08-29T19:45:27.746009+00:00] quotable=148 would_place=32 would_cancel=0 equity=$500.00
[DRY-RUN] [2026-08-29T19:46:24.015720+00:00] quotable=148 would_place=32 would_cancel=0 equity=$500.00
universe refreshed: 140 quotable market(s)
[DRY-RUN] [2026-08-29T19:47:25.198211+00:00] quotable=140 would_place=32 would_cancel=0 equity=$500.00
[DRY-RUN] [2026-08-29T19:48:14.265017+00:00] quotable=140 would_place=32 would_cancel=0 equity=$500.00
[DRY-RUN] [2026-08-29T19:49:00.509722+00:00] quotable=140 would_place=32 would_cancel=0 equity=$500.00
[DRY-RUN] [2026-08-29T19:49:46.756863+00:00] quotable=140 would_place=32 would_cancel=0 equity=$500.00
[DRY-RUN] [2026-08-29T19:50:33.192060+00:00] quotable=140 would_place=32 would_cancel=0 equity=$500.00
[DRY-RUN] [2026-08-29T19:51:19.303581+00:00] quotable=140 would_place=32 would_cancel=0 equity=$500.00
[DRY-RUN] [2026-08-29T19:52:05.535822+00:00] quotable=140 would_place=32 would_cancel=0 equity=$500.00
[DRY-RUN] [2026-08-29T19:52:51.619374+00:00] quotable=140 would_place=32 would_cancel=0 equity=$500.00
[DRY-RUN] [2026-08-29T19:53:37.719819+00:00] quotable=140 would_place=32 would_cancel=0 equity=$500.00
[DRY-RUN] [2026-08-29T19:54:23.947690+00:00] quotable=140 would_place=32 would_cancel=0 equity=$500.00
[DRY-RUN] [2026-08-29T19:55:10.217293+00:00] quotable=140 would_place=32 would_cancel=0 equity=$500.00
[DRY-RUN] [2026-08-29T19:55:56.301413+00:00] quotable=140 would_place=32 would_cancel=0 equity=$500.00
[DRY-RUN] [2026-08-29T19:56:42.554592+00:00] quotable=140 would_place=32 would_cancel=0 equity=$500.00
[DRY-RUN] [2026-08-29T19:57:28.818697+00:00] quotable=140 would_place=32 would_cancel=0 equity=$500.00
[DRY-RUN] [2026-08-29T19:58:15.207636+00:00] quotable=140 would_place=32 would_cancel=0 equity=$500.00
[DRY-RUN] [2026-08-29T19:59:01.277769+00:00] quotable=140 would_place=32 would_cancel=0 equity=$500.00
[DRY-RUN] [2026-08-29T19:59:47.203412+00:00] quotable=140 would_place=32 would_cancel=0 equity=$500.00
[DRY-RUN] [2026-08-29T20:00:33.275112+00:00] quotable=140 would_place=32 would_cancel=0 equity=$500.00
[DRY-RUN] [2026-08-29T20:01:19.354289+00:00] quotable=140 would_place=32 would_cancel=0 equity=$500.00
[DRY-RUN] [2026-08-29T20:02:15.458490+00:00] quotable=140 would_place=32 would_cancel=0 equity=$500.00
[DRY-RUN] [2026-08-29T20:03:01.568876+00:00] quotable=140 would_place=32 would_cancel=0 equity=$500.00
[DRY-RUN] [2026-08-29T20:03:58.522620+00:00] quotable=140 would_place=32 would_cancel=0 equity=$500.00
[DRY-RUN] [2026-08-29T20:04:44.581537+00:00] quotable=140 would_place=32 would_cancel=0 equity=$500.00
[DRY-RUN] [2026-08-29T20:05:30.693355+00:00] quotable=140 would_place=32 would_cancel=0 equity=$500.00
[DRY-RUN] [2026-08-29T20:06:16.844481+00:00] quotable=140 would_place=32 would_cancel=0 equity=$500.00
[DRY-RUN] [2026-08-29T20:07:02.908320+00:00] quotable=140 would_place=32 would_cancel=0 equity=$500.00
[DRY-RUN] [2026-08-29T20:07:49.008597+00:00] quotable=140 would_place=32 would_cancel=0 equity=$500.00
[DRY-RUN] [2026-08-29T20:08:35.260576+00:00] quotable=140 would_place=32 would_cancel=0 equity=$500.00
[DRY-RUN] [2026-08-29T20:09:31.348471+00:00] quotable=140 would_place=32 would_cancel=0 equity=$500.00
[DRY-RUN] [2026-08-29T20:10:17.461852+00:00] quotable=140 would_place=32 would_cancel=0 equity=$500.00
[DRY-RUN] [2026-08-29T20:11:03.817081+00:00] quotable=140 would_place=32 would_cancel=0 equity=$500.00
[DRY-RUN] [2026-08-29T20:11:49.898567+00:00] quotable=140 would_place=32 would_cancel=0 equity=$500.00
[DRY-RUN] [2026-08-29T20:12:45.974500+00:00] quotable=140 would_place=32 would_cancel=0 equity=$500.00
[DRY-RUN] [2026-08-29T20:13:32.357755+00:00] quotable=140 would_place=32 would_cancel=0 equity=$500.00
[DRY-RUN] [2026-08-29T20:14:18.670276+00:00] quotable=140 would_place=32 would_cancel=0 equity=$500.00
[DRY-RUN] [2026-08-29T20:15:04.764043+00:00] quotable=140 would_place=32 would_cancel=0 equity=$500.00
[DRY-RUN] [2026-08-29T20:16:00.883388+00:00] quotable=140 would_place=32 would_cancel=0 equity=$500.00
[DRY-RUN] [2026-08-29T20:16:46.975250+00:00] quotable=140 would_place=32 would_cancel=0 equity=$500.00
universe refreshed: 151 quotable market(s)
[DRY-RUN] [2026-08-29T20:17:47.725601+00:00] quotable=151 would_place=34 would_cancel=0 equity=$500.00
[DRY-RUN] [2026-08-29T20:18:36.479640+00:00] quotable=151 would_place=34 would_cancel=0 equity=$500.00
[DRY-RUN] [2026-08-29T20:19:22.561073+00:00] quotable=151 would_place=34 would_cancel=0 equity=$500.00
[DRY-RUN] [2026-08-29T20:20:08.640140+00:00] quotable=151 would_place=34 would_cancel=0 equity=$500.00
[DRY-RUN] [2026-08-29T20:20:54.973367+00:00] quotable=151 would_place=34 would_cancel=0 equity=$500.00
[DRY-RUN] [2026-08-29T20:21:41.036909+00:00] quotable=151 would_place=34 would_cancel=0 equity=$500.00
[DRY-RUN] [2026-08-29T20:22:27.284976+00:00] quotable=151 would_place=34 would_cancel=0 equity=$500.00
[DRY-RUN] [2026-08-29T20:23:13.573567+00:00] quotable=151 would_place=34 would_cancel=0 equity=$500.00
[DRY-RUN] [2026-08-29T20:23:59.702754+00:00] quotable=151 would_place=34 would_cancel=0 equity=$500.00
[DRY-RUN] [2026-08-29T20:24:45.961182+00:00] quotable=151 would_place=34 would_cancel=0 equity=$500.00
[DRY-RUN] [2026-08-29T20:25:32.032498+00:00] quotable=151 would_place=34 would_cancel=0 equity=$500.00
[DRY-RUN] [2026-08-29T20:26:18.106008+00:00] quotable=151 would_place=34 would_cancel=0 equity=$500.00
[DRY-RUN] [2026-08-29T20:27:14.348737+00:00] quotable=151 would_place=34 would_cancel=0 equity=$500.00
[DRY-RUN] [2026-08-29T20:28:00.449511+00:00] quotable=151 would_place=34 would_cancel=0 equity=$500.00
[DRY-RUN] [2026-08-29T20:28:46.715521+00:00] quotable=151 would_place=34 would_cancel=0 equity=$500.00
[DRY-RUN] [2026-08-29T20:29:33.068742+00:00] quotable=151 would_place=34 would_cancel=0 equity=$500.00
[DRY-RUN] [2026-08-29T20:30:19.140070+00:00] quotable=151 would_place=34 would_cancel=0 equity=$500.00
[DRY-RUN] [2026-08-29T20:31:05.223404+00:00] quotable=151 would_place=34 would_cancel=0 equity=$500.00
[DRY-RUN] [2026-08-29T20:31:51.233442+00:00] quotable=151 would_place=34 would_cancel=0 equity=$500.00
[DRY-RUN] [2026-08-29T20:32:37.476644+00:00] quotable=151 would_place=34 would_cancel=0 equity=$500.00
[DRY-RUN] [2026-08-29T20:33:33.624241+00:00] quotable=151 would_place=34 would_cancel=0 equity=$500.00
[DRY-RUN] [2026-08-29T20:34:19.783266+00:00] quotable=151 would_place=34 would_cancel=0 equity=$500.00
[DRY-RUN] [2026-08-29T20:35:15.887185+00:00] quotable=151 would_place=34 would_cancel=0 equity=$500.00
[DRY-RUN] [2026-08-29T20:36:12.142748+00:00] quotable=151 would_place=34 would_cancel=0 equity=$500.00
[DRY-RUN] [2026-08-29T20:36:58.210391+00:00] quotable=151 would_place=34 would_cancel=0 equity=$500.00
[DRY-RUN] [2026-08-29T20:37:44.290056+00:00] quotable=151 would_place=34 would_cancel=0 equity=$500.00
[DRY-RUN] [2026-08-29T20:38:30.374328+00:00] quotable=151 would_place=34 would_cancel=0 equity=$500.00
[DRY-RUN] [2026-08-29T20:39:16.502138+00:00] quotable=151 would_place=34 would_cancel=0 equity=$500.00
[DRY-RUN] [2026-08-29T20:40:02.587758+00:00] quotable=151 would_place=34 would_cancel=0 equity=$500.00
[DRY-RUN] [2026-08-29T20:40:48.686476+00:00] quotable=151 would_place=34 would_cancel=0 equity=$500.00
[DRY-RUN] [2026-08-29T20:41:34.757865+00:00] quotable=151 would_place=34 would_cancel=0 equity=$500.00
[DRY-RUN] [2026-08-29T20:42:20.840718+00:00] quotable=151 would_place=34 would_cancel=0 equity=$500.00
[DRY-RUN] [2026-08-29T20:43:06.924825+00:00] quotable=151 would_place=34 would_cancel=0 equity=$500.00
[DRY-RUN] [2026-08-29T20:43:53.226587+00:00] quotable=151 would_place=34 would_cancel=0 equity=$500.00
[DRY-RUN] [2026-08-29T20:44:39.477984+00:00] quotable=151 would_place=34 would_cancel=0 equity=$500.00
[DRY-RUN] [2026-08-29T20:45:25.551256+00:00] quotable=151 would_place=34 would_cancel=0 equity=$500.00
[DRY-RUN] [2026-08-29T20:46:11.803314+00:00] quotable=151 would_place=34 would_cancel=0 equity=$500.00
[DRY-RUN] [2026-08-29T20:46:57.900854+00:00] quotable=151 would_place=34 would_cancel=0 equity=$500.00
[DRY-RUN] [2026-08-29T20:47:43.896556+00:00] quotable=151 would_place=34 would_cancel=0 equity=$500.00
universe refreshed: 144 quotable market(s)
[DRY-RUN] [2026-08-29T20:48:34.493988+00:00] quotable=144 would_place=32 would_cancel=0 equity=$500.00
[DRY-RUN] [2026-08-29T20:49:23.166171+00:00] quotable=144 would_place=32 would_cancel=0 equity=$500.00
[DRY-RUN] [2026-08-29T20:50:09.250453+00:00] quotable=144 would_place=32 would_cancel=0 equity=$500.00
[DRY-RUN] [2026-08-29T20:50:55.713497+00:00] quotable=144 would_place=32 would_cancel=0 equity=$500.00
[DRY-RUN] [2026-08-29T20:51:42.074371+00:00] quotable=144 would_place=32 would_cancel=0 equity=$500.00
[DRY-RUN] [2026-08-29T20:52:28.190460+00:00] quotable=144 would_place=32 would_cancel=0 equity=$500.00
[DRY-RUN] [2026-08-29T20:53:14.283512+00:00] quotable=144 would_place=32 would_cancel=0 equity=$500.00
[DRY-RUN] [2026-08-29T20:54:00.511411+00:00] quotable=144 would_place=32 would_cancel=0 equity=$500.00
[DRY-RUN] [2026-08-29T20:54:46.747409+00:00] quotable=144 would_place=32 would_cancel=0 equity=$500.00
[DRY-RUN] [2026-08-29T20:55:43.119811+00:00] quotable=144 would_place=32 would_cancel=0 equity=$500.00
[DRY-RUN] [2026-08-29T20:56:29.209964+00:00] quotable=144 would_place=32 would_cancel=0 equity=$500.00
[DRY-RUN] [2026-08-29T20:57:15.450695+00:00] quotable=144 would_place=32 would_cancel=0 equity=$500.00
[DRY-RUN] [2026-08-29T20:58:01.719578+00:00] quotable=144 would_place=32 would_cancel=0 equity=$500.00
[DRY-RUN] [2026-08-29T20:58:57.994471+00:00] quotable=144 would_place=32 would_cancel=0 equity=$500.00
[DRY-RUN] [2026-08-29T20:59:44.087933+00:00] quotable=144 would_place=32 would_cancel=0 equity=$500.00
[DRY-RUN] [2026-08-29T21:00:30.170899+00:00] quotable=144 would_place=32 would_cancel=0 equity=$500.00
[DRY-RUN] [2026-08-29T21:01:16.554897+00:00] quotable=144 would_place=32 would_cancel=0 equity=$500.00
[DRY-RUN] [2026-08-29T21:02:02.970494+00:00] quotable=144 would_place=32 would_cancel=0 equity=$500.00
[DRY-RUN] [2026-08-29T21:02:59.216819+00:00] quotable=144 would_place=32 would_cancel=0 equity=$500.00
[DRY-RUN] [2026-08-29T21:03:45.307954+00:00] quotable=144 would_place=32 would_cancel=0 equity=$500.00
[DRY-RUN] [2026-08-29T21:04:41.274493+00:00] quotable=144 would_place=32 would_cancel=0 equity=$500.00
[DRY-RUN] [2026-08-29T21:05:27.375981+00:00] quotable=144 would_place=32 would_cancel=0 equity=$500.00
[DRY-RUN] [2026-08-29T21:06:23.493564+00:00] quotable=144 would_place=32 would_cancel=0 equity=$500.00
[DRY-RUN] [2026-08-29T21:07:09.831718+00:00] quotable=144 would_place=32 would_cancel=0 equity=$500.00
[DRY-RUN] [2026-08-29T21:07:55.911740+00:00] quotable=144 would_place=32 would_cancel=0 equity=$500.00
[DRY-RUN] [2026-08-29T21:08:41.993197+00:00] quotable=144 would_place=32 would_cancel=0 equity=$500.00
[DRY-RUN] [2026-08-29T21:09:28.553544+00:00] quotable=144 would_place=32 would_cancel=0 equity=$500.00
[DRY-RUN] [2026-08-29T21:10:14.630418+00:00] quotable=144 would_place=32 would_cancel=0 equity=$500.00
[DRY-RUN] [2026-08-29T21:11:00.739666+00:00] quotable=144 would_place=32 would_cancel=0 equity=$500.00
[DRY-RUN] [2026-08-29T21:11:47.004767+00:00] quotable=144 would_place=32 would_cancel=0 equity=$500.00
[DRY-RUN] [2026-08-29T21:12:33.120277+00:00] quotable=144 would_place=32 would_cancel=0 equity=$500.00
[DRY-RUN] [2026-08-29T21:13:19.370403+00:00] quotable=144 would_place=32 would_cancel=0 equity=$500.00
[DRY-RUN] [2026-08-29T21:14:05.452911+00:00] quotable=144 would_place=32 would_cancel=0 equity=$500.00
[DRY-RUN] [2026-08-29T21:14:51.509265+00:00] quotable=144 would_place=32 would_cancel=0 equity=$500.00
[DRY-RUN] [2026-08-29T21:15:37.593548+00:00] quotable=144 would_place=32 would_cancel=0 equity=$500.00
[DRY-RUN] [2026-08-29T21:16:33.710559+00:00] quotable=144 would_place=32 would_cancel=0 equity=$500.00
[DRY-RUN] [2026-08-29T21:17:19.952830+00:00] quotable=144 would_place=32 would_cancel=0 equity=$500.00
[DRY-RUN] [2026-08-29T21:18:16.232966+00:00] quotable=144 would_place=32 would_cancel=0 equity=$500.00
universe refreshed: 167 quotable market(s)
[DRY-RUN] [2026-08-29T21:19:07.098168+00:00] quotable=167 would_place=34 would_cancel=0 equity=$500.00
[DRY-RUN] [2026-08-29T21:20:05.471836+00:00] quotable=167 would_place=34 would_cancel=0 equity=$500.00
[DRY-RUN] [2026-08-29T21:21:01.716221+00:00] quotable=167 would_place=34 would_cancel=0 equity=$500.00
[DRY-RUN] [2026-08-29T21:21:57.811825+00:00] quotable=167 would_place=34 would_cancel=0 equity=$500.00
[DRY-RUN] [2026-08-29T21:22:43.917353+00:00] quotable=167 would_place=34 would_cancel=0 equity=$500.00
[DRY-RUN] [2026-08-29T21:23:30.256536+00:00] quotable=167 would_place=34 would_cancel=0 equity=$500.00
[DRY-RUN] [2026-08-29T21:24:16.320894+00:00] quotable=167 would_place=34 would_cancel=0 equity=$500.00
[DRY-RUN] [2026-08-29T21:25:02.458989+00:00] quotable=167 would_place=34 would_cancel=0 equity=$500.00
[DRY-RUN] [2026-08-29T21:25:48.535587+00:00] quotable=167 would_place=34 would_cancel=0 equity=$500.00
[DRY-RUN] [2026-08-29T21:26:34.868602+00:00] quotable=167 would_place=34 would_cancel=0 equity=$500.00
[DRY-RUN] [2026-08-29T21:27:21.246602+00:00] quotable=167 would_place=34 would_cancel=0 equity=$500.00
[DRY-RUN] [2026-08-29T21:28:07.328708+00:00] quotable=167 would_place=34 would_cancel=0 equity=$500.00
[DRY-RUN] [2026-08-29T21:28:53.678824+00:00] quotable=167 would_place=34 would_cancel=0 equity=$500.00
[DRY-RUN] [2026-08-29T21:29:50.065404+00:00] quotable=167 would_place=34 would_cancel=0 equity=$500.00
[DRY-RUN] [2026-08-29T21:30:36.144940+00:00] quotable=167 would_place=34 would_cancel=0 equity=$500.00
[DRY-RUN] [2026-08-29T21:31:22.401124+00:00] quotable=167 would_place=34 would_cancel=0 equity=$500.00
[DRY-RUN] [2026-08-29T21:32:08.668268+00:00] quotable=167 would_place=34 would_cancel=0 equity=$500.00
[DRY-RUN] [2026-08-29T21:32:54.746982+00:00] quotable=167 would_place=34 would_cancel=0 equity=$500.00
[DRY-RUN] [2026-08-29T21:33:50.843176+00:00] quotable=167 would_place=34 would_cancel=0 equity=$500.00
[DRY-RUN] [2026-08-29T21:34:37.095006+00:00] quotable=167 would_place=34 would_cancel=0 equity=$500.00
[DRY-RUN] [2026-08-29T21:35:33.429517+00:00] quotable=167 would_place=34 would_cancel=0 equity=$500.00
[DRY-RUN] [2026-08-29T21:36:29.648850+00:00] quotable=167 would_place=34 would_cancel=0 equity=$500.00
[DRY-RUN] [2026-08-29T21:37:15.996183+00:00] quotable=167 would_place=34 would_cancel=0 equity=$500.00
[DRY-RUN] [2026-08-29T21:38:02.254992+00:00] quotable=167 would_place=34 would_cancel=0 equity=$500.00
[DRY-RUN] [2026-08-29T21:38:48.504617+00:00] quotable=167 would_place=34 would_cancel=0 equity=$500.00
[DRY-RUN] [2026-08-29T21:39:34.583758+00:00] quotable=167 would_place=34 would_cancel=0 equity=$500.00
[DRY-RUN] [2026-08-29T21:40:20.646286+00:00] quotable=167 would_place=32 would_cancel=0 equity=$500.00
[DRY-RUN] [2026-08-29T21:41:07.170937+00:00] quotable=167 would_place=34 would_cancel=0 equity=$500.00
[DRY-RUN] [2026-08-29T21:41:53.237622+00:00] quotable=167 would_place=32 would_cancel=0 equity=$500.00
[DRY-RUN] [2026-08-29T21:42:39.347338+00:00] quotable=167 would_place=32 would_cancel=0 equity=$500.00
[DRY-RUN] [2026-08-29T21:43:25.433062+00:00] quotable=167 would_place=32 would_cancel=0 equity=$500.00
[DRY-RUN] [2026-08-29T21:44:11.745754+00:00] quotable=167 would_place=32 would_cancel=0 equity=$500.00
[DRY-RUN] [2026-08-29T21:44:57.826650+00:00] quotable=167 would_place=32 would_cancel=0 equity=$500.00
[DRY-RUN] [2026-08-29T21:45:44.155822+00:00] quotable=167 would_place=32 would_cancel=0 equity=$500.00
[DRY-RUN] [2026-08-29T21:46:30.389229+00:00] quotable=167 would_place=32 would_cancel=0 equity=$500.00
[DRY-RUN] [2026-08-29T21:47:16.375852+00:00] quotable=167 would_place=32 would_cancel=0 equity=$500.00
[DRY-RUN] [2026-08-29T21:48:12.462831+00:00] quotable=167 would_place=32 would_cancel=0 equity=$500.00
[DRY-RUN] [2026-08-29T21:48:58.563255+00:00] quotable=167 would_place=32 would_cancel=0 equity=$500.00
universe refreshed: 171 quotable market(s)
[DRY-RUN] [2026-08-29T21:49:49.371944+00:00] quotable=171 would_place=34 would_cancel=0 equity=$500.00
[DRY-RUN] [2026-08-29T21:50:38.870290+00:00] quotable=171 would_place=34 would_cancel=0 equity=$500.00
[DRY-RUN] [2026-08-29T21:51:24.948230+00:00] quotable=171 would_place=34 would_cancel=0 equity=$500.00
[DRY-RUN] [2026-08-29T21:52:11.048485+00:00] quotable=171 would_place=34 would_cancel=0 equity=$500.00
[DRY-RUN] [2026-08-29T21:52:57.148248+00:00] quotable=171 would_place=34 would_cancel=0 equity=$500.00
[DRY-RUN] [2026-08-29T21:53:43.217287+00:00] quotable=171 would_place=34 would_cancel=0 equity=$500.00
[DRY-RUN] [2026-08-29T21:54:29.314433+00:00] quotable=171 would_place=30 would_cancel=0 equity=$500.00
[DRY-RUN] [2026-08-29T21:55:15.406819+00:00] quotable=171 would_place=34 would_cancel=0 equity=$500.00
[DRY-RUN] [2026-08-29T21:56:01.540213+00:00] quotable=171 would_place=34 would_cancel=0 equity=$500.00
[DRY-RUN] [2026-08-29T21:56:47.676681+00:00] quotable=171 would_place=30 would_cancel=0 equity=$500.00
[DRY-RUN] [2026-08-29T21:57:34.033838+00:00] quotable=171 would_place=34 would_cancel=0 equity=$500.00
[DRY-RUN] [2026-08-29T21:58:20.103590+00:00] quotable=171 would_place=30 would_cancel=0 equity=$500.00
[DRY-RUN] [2026-08-29T21:59:06.222415+00:00] quotable=171 would_place=34 would_cancel=0 equity=$500.00
[DRY-RUN] [2026-08-29T21:59:52.329210+00:00] quotable=171 would_place=30 would_cancel=0 equity=$500.00
[DRY-RUN] [2026-08-29T22:00:38.446321+00:00] quotable=171 would_place=30 would_cancel=0 equity=$500.00
[DRY-RUN] [2026-08-29T22:01:24.688350+00:00] quotable=171 would_place=34 would_cancel=0 equity=$500.00
[DRY-RUN] [2026-08-29T22:02:10.770606+00:00] quotable=171 would_place=30 would_cancel=0 equity=$500.00
[DRY-RUN] [2026-08-29T22:02:57.127350+00:00] quotable=171 would_place=34 would_cancel=0 equity=$500.00
[DRY-RUN] [2026-08-29T22:03:53.233612+00:00] quotable=171 would_place=30 would_cancel=0 equity=$500.00
[DRY-RUN] [2026-08-29T22:04:39.309529+00:00] quotable=171 would_place=30 would_cancel=0 equity=$500.00
[DRY-RUN] [2026-08-29T22:05:25.416462+00:00] quotable=171 would_place=30 would_cancel=0 equity=$500.00
[DRY-RUN] [2026-08-29T22:06:11.759860+00:00] quotable=171 would_place=34 would_cancel=0 equity=$500.00
[DRY-RUN] [2026-08-29T22:06:57.856900+00:00] quotable=171 would_place=34 would_cancel=0 equity=$500.00
[DRY-RUN] [2026-08-29T22:07:44.218355+00:00] quotable=171 would_place=34 would_cancel=0 equity=$500.00
[DRY-RUN] [2026-08-29T22:08:30.551514+00:00] quotable=171 would_place=34 would_cancel=0 equity=$500.00
[DRY-RUN] [2026-08-29T22:09:26.906285+00:00] quotable=171 would_place=34 would_cancel=0 equity=$500.00
[DRY-RUN] [2026-08-29T22:10:12.993415+00:00] quotable=171 would_place=34 would_cancel=0 equity=$500.00
[DRY-RUN] [2026-08-29T22:10:59.076183+00:00] quotable=171 would_place=34 would_cancel=0 equity=$500.00
[DRY-RUN] [2026-08-29T22:11:45.444670+00:00] quotable=171 would_place=34 would_cancel=0 equity=$500.00
[DRY-RUN] [2026-08-29T22:12:31.554593+00:00] quotable=171 would_place=34 would_cancel=0 equity=$500.00
[DRY-RUN] [2026-08-29T22:13:17.896875+00:00] quotable=171 would_place=34 would_cancel=0 equity=$500.00
[DRY-RUN] [2026-08-29T22:14:03.958565+00:00] quotable=171 would_place=34 would_cancel=0 equity=$500.00
[DRY-RUN] [2026-08-29T22:14:50.072811+00:00] quotable=171 would_place=34 would_cancel=0 equity=$500.00
[DRY-RUN] [2026-08-29T22:15:36.149194+00:00] quotable=171 would_place=34 would_cancel=0 equity=$500.00
[DRY-RUN] [2026-08-29T22:16:22.508766+00:00] quotable=171 would_place=34 would_cancel=0 equity=$500.00
[DRY-RUN] [2026-08-29T22:17:08.863548+00:00] quotable=171 would_place=34 would_cancel=0 equity=$500.00
[DRY-RUN] [2026-08-29T22:17:54.996993+00:00] quotable=171 would_place=34 would_cancel=0 equity=$500.00
[DRY-RUN] [2026-08-29T22:18:41.265662+00:00] quotable=171 would_place=34 would_cancel=0 equity=$500.00
[DRY-RUN] [2026-08-29T22:19:27.505329+00:00] quotable=171 would_place=34 would_cancel=0 equity=$500.00
universe refreshed: 178 quotable market(s)
[DRY-RUN] [2026-08-29T22:20:31.964819+00:00] quotable=178 would_place=34 would_cancel=0 equity=$500.00
[DRY-RUN] [2026-08-29T22:21:20.045294+00:00] quotable=178 would_place=34 would_cancel=0 equity=$500.00
[DRY-RUN] [2026-08-29T22:22:06.316766+00:00] quotable=178 would_place=34 would_cancel=0 equity=$500.00
[DRY-RUN] [2026-08-29T22:22:52.398322+00:00] quotable=178 would_place=34 would_cancel=0 equity=$500.00
[DRY-RUN] [2026-08-29T22:23:38.599679+00:00] quotable=178 would_place=34 would_cancel=0 equity=$500.00
[DRY-RUN] [2026-08-29T22:24:24.674349+00:00] quotable=178 would_place=34 would_cancel=0 equity=$500.00
[DRY-RUN] [2026-08-29T22:25:10.764898+00:00] quotable=178 would_place=34 would_cancel=0 equity=$500.00
[DRY-RUN] [2026-08-29T22:25:56.851583+00:00] quotable=178 would_place=34 would_cancel=0 equity=$500.00
[DRY-RUN] [2026-08-29T22:26:43.052875+00:00] quotable=178 would_place=34 would_cancel=0 equity=$500.00
[DRY-RUN] [2026-08-29T22:27:29.128396+00:00] quotable=178 would_place=34 would_cancel=0 equity=$500.00
[DRY-RUN] [2026-08-29T22:28:15.228683+00:00] quotable=178 would_place=34 would_cancel=0 equity=$500.00
[DRY-RUN] [2026-08-29T22:29:01.509834+00:00] quotable=178 would_place=34 would_cancel=0 equity=$500.00
[DRY-RUN] [2026-08-29T22:29:47.587739+00:00] quotable=178 would_place=34 would_cancel=0 equity=$500.00
[DRY-RUN] [2026-08-29T22:30:33.666629+00:00] quotable=178 would_place=34 would_cancel=0 equity=$500.00
[DRY-RUN] [2026-08-29T22:31:20.050626+00:00] quotable=178 would_place=34 would_cancel=0 equity=$500.00
[DRY-RUN] [2026-08-29T22:32:06.271274+00:00] quotable=178 would_place=34 would_cancel=0 equity=$500.00
[DRY-RUN] [2026-08-29T22:32:52.620156+00:00] quotable=178 would_place=34 would_cancel=0 equity=$500.00
[DRY-RUN] [2026-08-29T22:33:39.037064+00:00] quotable=178 would_place=34 would_cancel=0 equity=$500.00
[DRY-RUN] [2026-08-29T22:34:25.192484+00:00] quotable=178 would_place=34 would_cancel=0 equity=$500.00
[DRY-RUN] [2026-08-29T22:35:11.377572+00:00] quotable=178 would_place=34 would_cancel=0 equity=$500.00
[DRY-RUN] [2026-08-29T22:35:57.554873+00:00] quotable=178 would_place=34 would_cancel=0 equity=$500.00
[DRY-RUN] [2026-08-29T22:36:43.792397+00:00] quotable=178 would_place=34 would_cancel=0 equity=$500.00
[DRY-RUN] [2026-08-29T22:37:29.976061+00:00] quotable=178 would_place=34 would_cancel=0 equity=$500.00
[DRY-RUN] [2026-08-29T22:38:26.057937+00:00] quotable=178 would_place=34 would_cancel=0 equity=$500.00
[DRY-RUN] [2026-08-29T22:39:12.331208+00:00] quotable=178 would_place=34 would_cancel=0 equity=$500.00
[DRY-RUN] [2026-08-29T22:39:58.404821+00:00] quotable=178 would_place=33 would_cancel=0 equity=$500.00
[DRY-RUN] [2026-08-29T22:40:44.577248+00:00] quotable=178 would_place=34 would_cancel=0 equity=$500.00
[DRY-RUN] [2026-08-29T22:41:31.049352+00:00] quotable=178 would_place=33 would_cancel=0 equity=$500.00
[DRY-RUN] [2026-08-29T22:42:17.134127+00:00] quotable=178 would_place=34 would_cancel=0 equity=$500.00
[DRY-RUN] [2026-08-29T22:43:03.210134+00:00] quotable=178 would_place=33 would_cancel=0 equity=$500.00
[DRY-RUN] [2026-08-29T22:43:49.552015+00:00] quotable=178 would_place=34 would_cancel=0 equity=$500.00
[DRY-RUN] [2026-08-29T22:44:35.627130+00:00] quotable=178 would_place=34 would_cancel=0 equity=$500.00
[DRY-RUN] [2026-08-29T22:45:21.868117+00:00] quotable=178 would_place=34 would_cancel=0 equity=$500.00
[DRY-RUN] [2026-08-29T22:46:07.951094+00:00] quotable=178 would_place=34 would_cancel=0 equity=$500.00
[DRY-RUN] [2026-08-29T22:46:54.035664+00:00] quotable=178 would_place=33 would_cancel=0 equity=$500.00
[DRY-RUN] [2026-08-29T22:47:40.397002+00:00] quotable=178 would_place=34 would_cancel=0 equity=$500.00
[DRY-RUN] [2026-08-29T22:48:26.481015+00:00] quotable=178 would_place=33 would_cancel=0 equity=$500.00
[DRY-RUN] [2026-08-29T22:49:12.850624+00:00] quotable=178 would_place=34 would_cancel=0 equity=$500.00
[DRY-RUN] [2026-08-29T22:50:08.945460+00:00] quotable=178 would_place=34 would_cancel=0 equity=$500.00
universe refreshed: 179 quotable market(s)
[DRY-RUN] [2026-08-29T22:51:00.717106+00:00] quotable=179 would_place=34 would_cancel=0 equity=$500.00
[DRY-RUN] [2026-08-29T22:51:50.669186+00:00] quotable=179 would_place=34 would_cancel=0 equity=$500.00
[DRY-RUN] [2026-08-29T22:52:46.807529+00:00] quotable=179 would_place=34 would_cancel=0 equity=$500.00
[DRY-RUN] [2026-08-29T22:53:32.873318+00:00] quotable=179 would_place=34 would_cancel=0 equity=$500.00
[DRY-RUN] [2026-08-29T22:54:18.958452+00:00] quotable=179 would_place=34 would_cancel=0 equity=$500.00
[DRY-RUN] [2026-08-29T22:55:05.051340+00:00] quotable=179 would_place=34 would_cancel=0 equity=$500.00
[DRY-RUN] [2026-08-29T22:55:51.127561+00:00] quotable=179 would_place=34 would_cancel=0 equity=$500.00
[DRY-RUN] [2026-08-29T22:56:47.220720+00:00] quotable=179 would_place=34 would_cancel=0 equity=$500.00
[DRY-RUN] [2026-08-29T22:57:43.575226+00:00] quotable=179 would_place=34 would_cancel=0 equity=$500.00
[DRY-RUN] [2026-08-29T22:58:29.637748+00:00] quotable=179 would_place=34 would_cancel=0 equity=$500.00
[DRY-RUN] [2026-08-29T22:59:15.735911+00:00] quotable=179 would_place=34 would_cancel=0 equity=$500.00
[DRY-RUN] [2026-08-29T23:00:01.816889+00:00] quotable=179 would_place=34 would_cancel=0 equity=$500.00
[DRY-RUN] [2026-08-29T23:00:48.224804+00:00] quotable=179 would_place=34 would_cancel=0 equity=$500.00
[DRY-RUN] [2026-08-29T23:01:44.323930+00:00] quotable=179 would_place=34 would_cancel=0 equity=$500.00
[DRY-RUN] [2026-08-29T23:02:30.431043+00:00] quotable=179 would_place=34 would_cancel=0 equity=$500.00
[DRY-RUN] [2026-08-29T23:03:16.774531+00:00] quotable=179 would_place=34 would_cancel=0 equity=$500.00
[DRY-RUN] [2026-08-29T23:04:02.874881+00:00] quotable=179 would_place=34 would_cancel=0 equity=$500.00
[DRY-RUN] [2026-08-29T23:04:59.224333+00:00] quotable=179 would_place=34 would_cancel=0 equity=$500.00
[DRY-RUN] [2026-08-29T23:05:45.338038+00:00] quotable=179 would_place=34 would_cancel=0 equity=$500.00
[DRY-RUN] [2026-08-29T23:06:31.491236+00:00] quotable=179 would_place=34 would_cancel=0 equity=$500.00
[DRY-RUN] [2026-08-29T23:07:17.828274+00:00] quotable=179 would_place=34 would_cancel=0 equity=$500.00
[DRY-RUN] [2026-08-29T23:08:04.576575+00:00] quotable=179 would_place=34 would_cancel=0 equity=$500.00
[DRY-RUN] [2026-08-29T23:08:50.915326+00:00] quotable=179 would_place=34 would_cancel=0 equity=$500.00
[DRY-RUN] [2026-08-29T23:09:37.160178+00:00] quotable=179 would_place=34 would_cancel=0 equity=$500.00
[DRY-RUN] [2026-08-29T23:10:23.234483+00:00] quotable=179 would_place=34 would_cancel=0 equity=$500.00
[DRY-RUN] [2026-08-29T23:11:09.576027+00:00] quotable=179 would_place=34 would_cancel=0 equity=$500.00
[DRY-RUN] [2026-08-29T23:11:55.681302+00:00] quotable=179 would_place=34 would_cancel=0 equity=$500.00
[DRY-RUN] [2026-08-29T23:12:42.038450+00:00] quotable=179 would_place=34 would_cancel=0 equity=$500.00
[DRY-RUN] [2026-08-29T23:13:28.133870+00:00] quotable=179 would_place=34 would_cancel=0 equity=$500.00
[DRY-RUN] [2026-08-29T23:14:14.226145+00:00] quotable=179 would_place=34 would_cancel=0 equity=$500.00
[DRY-RUN] [2026-08-29T23:15:00.307316+00:00] quotable=179 would_place=34 would_cancel=0 equity=$500.00
[DRY-RUN] [2026-08-29T23:15:46.382466+00:00] quotable=179 would_place=34 would_cancel=0 equity=$500.00
[DRY-RUN] [2026-08-29T23:16:32.452411+00:00] quotable=179 would_place=34 would_cancel=0 equity=$500.00
[DRY-RUN] [2026-08-29T23:17:18.781434+00:00] quotable=179 would_place=34 would_cancel=0 equity=$500.00
[DRY-RUN] [2026-08-29T23:18:04.863336+00:00] quotable=179 would_place=34 would_cancel=0 equity=$500.00
[DRY-RUN] [2026-08-29T23:18:50.987343+00:00] quotable=179 would_place=34 would_cancel=0 equity=$500.00
[DRY-RUN] [2026-08-29T23:19:37.061902+00:00] quotable=179 would_place=34 would_cancel=0 equity=$500.00
[DRY-RUN] [2026-08-29T23:20:23.132269+00:00] quotable=179 would_place=34 would_cancel=0 equity=$500.00
universe refreshed: 188 quotable market(s)
[DRY-RUN] [2026-08-29T23:21:14.145571+00:00] quotable=188 would_place=30 would_cancel=0 equity=$500.00
[DRY-RUN] [2026-08-29T23:22:02.742835+00:00] quotable=188 would_place=30 would_cancel=0 equity=$500.00
[DRY-RUN] [2026-08-29T23:22:59.096116+00:00] quotable=188 would_place=30 would_cancel=0 equity=$500.00
[DRY-RUN] [2026-08-29T23:23:45.350107+00:00] quotable=188 would_place=30 would_cancel=0 equity=$500.00
[DRY-RUN] [2026-08-29T23:24:31.519250+00:00] quotable=188 would_place=30 would_cancel=0 equity=$500.00
[DRY-RUN] [2026-08-29T23:25:17.784890+00:00] quotable=188 would_place=30 would_cancel=0 equity=$500.00
[DRY-RUN] [2026-08-29T23:26:03.869509+00:00] quotable=188 would_place=30 would_cancel=0 equity=$500.00
[DRY-RUN] [2026-08-29T23:26:49.948885+00:00] quotable=188 would_place=30 would_cancel=0 equity=$500.00
[DRY-RUN] [2026-08-29T23:27:36.050657+00:00] quotable=188 would_place=30 would_cancel=0 equity=$500.00
[DRY-RUN] [2026-08-29T23:28:22.326966+00:00] quotable=188 would_place=30 would_cancel=0 equity=$500.00
[DRY-RUN] [2026-08-29T23:29:08.424037+00:00] quotable=188 would_place=30 would_cancel=0 equity=$500.00
[DRY-RUN] [2026-08-29T23:29:54.645403+00:00] quotable=188 would_place=30 would_cancel=0 equity=$500.00
[DRY-RUN] [2026-08-29T23:30:40.743843+00:00] quotable=188 would_place=30 would_cancel=0 equity=$500.00
[DRY-RUN] [2026-08-29T23:31:26.826528+00:00] quotable=188 would_place=30 would_cancel=0 equity=$500.00
[DRY-RUN] [2026-08-29T23:32:13.176377+00:00] quotable=188 would_place=30 would_cancel=0 equity=$500.00
[DRY-RUN] [2026-08-29T23:32:59.282367+00:00] quotable=188 would_place=30 would_cancel=0 equity=$500.00
[DRY-RUN] [2026-08-29T23:33:45.522809+00:00] quotable=188 would_place=30 would_cancel=0 equity=$500.00
[DRY-RUN] [2026-08-29T23:34:31.676903+00:00] quotable=188 would_place=30 would_cancel=0 equity=$500.00
[DRY-RUN] [2026-08-29T23:35:27.778090+00:00] quotable=188 would_place=30 would_cancel=0 equity=$500.00
[DRY-RUN] [2026-08-29T23:36:14.023051+00:00] quotable=188 would_place=30 would_cancel=0 equity=$500.00
[DRY-RUN] [2026-08-29T23:37:00.106795+00:00] quotable=188 would_place=30 would_cancel=0 equity=$500.00
[DRY-RUN] [2026-08-29T23:37:46.218393+00:00] quotable=188 would_place=30 would_cancel=0 equity=$500.00
[DRY-RUN] [2026-08-29T23:38:32.279592+00:00] quotable=188 would_place=30 would_cancel=0 equity=$500.00
[DRY-RUN] [2026-08-29T23:39:18.370177+00:00] quotable=188 would_place=30 would_cancel=0 equity=$500.00
[DRY-RUN] [2026-08-29T23:40:04.517403+00:00] quotable=188 would_place=30 would_cancel=0 equity=$500.00
[DRY-RUN] [2026-08-29T23:40:50.619440+00:00] quotable=188 would_place=30 would_cancel=0 equity=$500.00
[DRY-RUN] [2026-08-29T23:41:36.889488+00:00] quotable=188 would_place=30 would_cancel=0 equity=$500.00
[DRY-RUN] [2026-08-29T23:42:22.984956+00:00] quotable=188 would_place=30 would_cancel=0 equity=$500.00
[DRY-RUN] [2026-08-29T23:43:09.054374+00:00] quotable=188 would_place=30 would_cancel=0 equity=$500.00
[DRY-RUN] [2026-08-29T23:43:55.176342+00:00] quotable=188 would_place=30 would_cancel=0 equity=$500.00
[DRY-RUN] [2026-08-29T23:44:41.422344+00:00] quotable=188 would_place=30 would_cancel=0 equity=$500.00
[DRY-RUN] [2026-08-29T23:45:27.686630+00:00] quotable=188 would_place=30 would_cancel=0 equity=$500.00
[DRY-RUN] [2026-08-29T23:46:13.961571+00:00] quotable=188 would_place=30 would_cancel=0 equity=$500.00
[DRY-RUN] [2026-08-29T23:47:10.246401+00:00] quotable=188 would_place=30 would_cancel=0 equity=$500.00
[DRY-RUN] [2026-08-29T23:47:56.513214+00:00] quotable=188 would_place=30 would_cancel=0 equity=$500.00
[DRY-RUN] [2026-08-29T23:48:42.777637+00:00] quotable=188 would_place=30 would_cancel=0 equity=$500.00
[DRY-RUN] [2026-08-29T23:49:28.873009+00:00] quotable=188 would_place=30 would_cancel=0 equity=$500.00
[DRY-RUN] [2026-08-29T23:50:15.251441+00:00] quotable=188 would_place=30 would_cancel=0 equity=$500.00
[DRY-RUN] [2026-08-29T23:51:01.330575+00:00] quotable=188 would_place=30 would_cancel=0 equity=$500.00
universe refreshed: 187 quotable market(s)
[DRY-RUN] [2026-08-29T23:51:52.547106+00:00] quotable=187 would_place=38 would_cancel=0 equity=$500.00
[DRY-RUN] [2026-08-29T23:52:40.723745+00:00] quotable=187 would_place=38 would_cancel=0 equity=$500.00
[DRY-RUN] [2026-08-29T23:53:27.066600+00:00] quotable=187 would_place=38 would_cancel=0 equity=$500.00
[DRY-RUN] [2026-08-29T23:54:13.520184+00:00] quotable=187 would_place=38 would_cancel=0 equity=$500.00
[DRY-RUN] [2026-08-29T23:54:59.625753+00:00] quotable=187 would_place=38 would_cancel=0 equity=$500.00
[DRY-RUN] [2026-08-29T23:55:45.865405+00:00] quotable=187 would_place=38 would_cancel=0 equity=$500.00
[DRY-RUN] [2026-08-29T23:56:31.939478+00:00] quotable=187 would_place=38 would_cancel=0 equity=$500.00
[DRY-RUN] [2026-08-29T23:57:18.055426+00:00] quotable=187 would_place=38 would_cancel=0 equity=$500.00
[DRY-RUN] [2026-08-29T23:58:04.125907+00:00] quotable=187 would_place=38 would_cancel=0 equity=$500.00
[DRY-RUN] [2026-08-29T23:58:50.549475+00:00] quotable=187 would_place=38 would_cancel=0 equity=$500.00
[DRY-RUN] [2026-08-29T23:59:36.468998+00:00] quotable=187 would_place=38 would_cancel=0 equity=$500.00
[DRY-RUN] [2026-08-30T00:00:22.587738+00:00] quotable=187 would_place=38 would_cancel=0 equity=$500.00
[DRY-RUN] [2026-08-30T00:01:08.670273+00:00] quotable=187 would_place=38 would_cancel=0 equity=$500.00
[DRY-RUN] [2026-08-30T00:01:54.749342+00:00] quotable=187 would_place=34 would_cancel=0 equity=$500.00
[DRY-RUN] [2026-08-30T00:02:40.909224+00:00] quotable=187 would_place=34 would_cancel=0 equity=$500.00
[DRY-RUN] [2026-08-30T00:03:27.055213+00:00] quotable=187 would_place=34 would_cancel=0 equity=$500.00
[DRY-RUN] [2026-08-30T00:04:13.565960+00:00] quotable=187 would_place=34 would_cancel=0 equity=$500.00
[DRY-RUN] [2026-08-30T00:04:59.643026+00:00] quotable=187 would_place=34 would_cancel=0 equity=$500.00
[DRY-RUN] [2026-08-30T00:05:45.987581+00:00] quotable=187 would_place=34 would_cancel=0 equity=$500.00
[DRY-RUN] [2026-08-30T00:06:32.093283+00:00] quotable=187 would_place=34 would_cancel=0 equity=$500.00
[DRY-RUN] [2026-08-30T00:07:22.929422+00:00] quotable=187 would_place=34 would_cancel=0 equity=$500.00
[DRY-RUN] [2026-08-30T00:08:09.405524+00:00] quotable=187 would_place=34 would_cancel=0 equity=$500.00
[DRY-RUN] [2026-08-30T00:08:55.649162+00:00] quotable=187 would_place=34 would_cancel=0 equity=$500.00
[DRY-RUN] [2026-08-30T00:09:51.818246+00:00] quotable=187 would_place=34 would_cancel=0 equity=$500.00
[DRY-RUN] [2026-08-30T00:10:37.890820+00:00] quotable=187 would_place=34 would_cancel=0 equity=$500.00
[DRY-RUN] [2026-08-30T00:11:34.003836+00:00] quotable=187 would_place=38 would_cancel=0 equity=$500.00
[DRY-RUN] [2026-08-30T00:12:20.382478+00:00] quotable=187 would_place=38 would_cancel=0 equity=$500.00
[DRY-RUN] [2026-08-30T00:13:06.601208+00:00] quotable=187 would_place=38 would_cancel=0 equity=$500.00
[DRY-RUN] [2026-08-30T00:13:52.669893+00:00] quotable=187 would_place=38 would_cancel=0 equity=$500.00
[DRY-RUN] [2026-08-30T00:14:38.764467+00:00] quotable=187 would_place=38 would_cancel=0 equity=$500.00
[DRY-RUN] [2026-08-30T00:15:24.872946+00:00] quotable=187 would_place=38 would_cancel=0 equity=$500.00
[DRY-RUN] [2026-08-30T00:16:10.994620+00:00] quotable=187 would_place=38 would_cancel=0 equity=$500.00
[DRY-RUN] [2026-08-30T00:16:57.125982+00:00] quotable=187 would_place=38 would_cancel=0 equity=$500.00
[DRY-RUN] [2026-08-30T00:17:43.279870+00:00] quotable=187 would_place=38 would_cancel=0 equity=$500.00
[DRY-RUN] [2026-08-30T00:18:29.381909+00:00] quotable=187 would_place=38 would_cancel=0 equity=$500.00
[DRY-RUN] [2026-08-30T00:19:15.462695+00:00] quotable=187 would_place=38 would_cancel=0 equity=$500.00
[DRY-RUN] [2026-08-30T00:20:01.619574+00:00] quotable=187 would_place=38 would_cancel=0 equity=$500.00
[DRY-RUN] [2026-08-30T00:20:57.725856+00:00] quotable=187 would_place=38 would_cancel=0 equity=$500.00
[DRY-RUN] [2026-08-30T00:21:43.817715+00:00] quotable=187 would_place=38 would_cancel=0 equity=$500.00
universe refreshed: 182 quotable market(s)
[DRY-RUN] [2026-08-30T00:22:45.168123+00:00] quotable=182 would_place=30 would_cancel=0 equity=$500.00
[DRY-RUN] [2026-08-30T00:23:33.263194+00:00] quotable=182 would_place=30 would_cancel=0 equity=$500.00
[DRY-RUN] [2026-08-30T00:24:19.539395+00:00] quotable=182 would_place=30 would_cancel=0 equity=$500.00
[DRY-RUN] [2026-08-30T00:25:06.012101+00:00] quotable=182 would_place=30 would_cancel=0 equity=$500.00
[DRY-RUN] [2026-08-30T00:25:52.109402+00:00] quotable=182 would_place=30 would_cancel=0 equity=$500.00
[DRY-RUN] [2026-08-30T00:26:38.206504+00:00] quotable=182 would_place=30 would_cancel=0 equity=$500.00
[DRY-RUN] [2026-08-30T00:27:24.291335+00:00] quotable=182 would_place=30 would_cancel=0 equity=$500.00
[DRY-RUN] [2026-08-30T00:28:10.453454+00:00] quotable=182 would_place=30 would_cancel=0 equity=$500.00
[DRY-RUN] [2026-08-30T00:28:56.704104+00:00] quotable=182 would_place=30 would_cancel=0 equity=$500.00
[DRY-RUN] [2026-08-30T00:29:42.954212+00:00] quotable=182 would_place=30 would_cancel=0 equity=$500.00
[DRY-RUN] [2026-08-30T00:30:29.068496+00:00] quotable=182 would_place=30 would_cancel=0 equity=$500.00
[DRY-RUN] [2026-08-30T00:31:15.207721+00:00] quotable=182 would_place=30 would_cancel=0 equity=$500.00
[DRY-RUN] [2026-08-30T00:32:01.428075+00:00] quotable=182 would_place=30 would_cancel=0 equity=$500.00
[DRY-RUN] [2026-08-30T00:32:47.569530+00:00] quotable=182 would_place=30 would_cancel=0 equity=$500.00
[DRY-RUN] [2026-08-30T00:33:33.748863+00:00] quotable=182 would_place=30 would_cancel=0 equity=$500.00
[DRY-RUN] [2026-08-30T00:34:19.998705+00:00] quotable=182 would_place=30 would_cancel=0 equity=$500.00
[DRY-RUN] [2026-08-30T00:35:06.253615+00:00] quotable=182 would_place=30 would_cancel=0 equity=$500.00
[DRY-RUN] [2026-08-30T00:35:52.344835+00:00] quotable=182 would_place=30 would_cancel=0 equity=$500.00
[DRY-RUN] [2026-08-30T00:36:38.453817+00:00] quotable=182 would_place=30 would_cancel=0 equity=$500.00
[DRY-RUN] [2026-08-30T00:37:24.577561+00:00] quotable=182 would_place=30 would_cancel=0 equity=$500.00
[DRY-RUN] [2026-08-30T00:38:10.966825+00:00] quotable=182 would_place=30 would_cancel=0 equity=$500.00
[DRY-RUN] [2026-08-30T00:38:57.048473+00:00] quotable=182 would_place=30 would_cancel=0 equity=$500.00
[DRY-RUN] [2026-08-30T00:39:53.481824+00:00] quotable=182 would_place=30 would_cancel=0 equity=$500.00
[DRY-RUN] [2026-08-30T00:40:49.656835+00:00] quotable=182 would_place=30 would_cancel=0 equity=$500.00
[DRY-RUN] [2026-08-30T00:41:35.740376+00:00] quotable=182 would_place=30 would_cancel=0 equity=$500.00
[DRY-RUN] [2026-08-30T00:42:22.014007+00:00] quotable=182 would_place=30 would_cancel=0 equity=$500.00
[DRY-RUN] [2026-08-30T00:43:08.279834+00:00] quotable=182 would_place=30 would_cancel=0 equity=$500.00
[DRY-RUN] [2026-08-30T00:43:54.388495+00:00] quotable=182 would_place=30 would_cancel=0 equity=$500.00
[DRY-RUN] [2026-08-30T00:44:40.484273+00:00] quotable=182 would_place=30 would_cancel=0 equity=$500.00
[DRY-RUN] [2026-08-30T00:45:26.894613+00:00] quotable=182 would_place=30 would_cancel=0 equity=$500.00
[DRY-RUN] [2026-08-30T00:46:23.179428+00:00] quotable=182 would_place=30 would_cancel=0 equity=$500.00
[DRY-RUN] [2026-08-30T00:47:09.253520+00:00] quotable=182 would_place=30 would_cancel=0 equity=$500.00
[DRY-RUN] [2026-08-30T00:47:55.374527+00:00] quotable=182 would_place=30 would_cancel=0 equity=$500.00
[DRY-RUN] [2026-08-30T00:48:51.775403+00:00] quotable=182 would_place=30 would_cancel=0 equity=$500.00
[DRY-RUN] [2026-08-30T00:49:37.922198+00:00] quotable=182 would_place=30 would_cancel=0 equity=$500.00
[DRY-RUN] [2026-08-30T00:50:34.019034+00:00] quotable=182 would_place=30 would_cancel=0 equity=$500.00
[DRY-RUN] [2026-08-30T00:51:20.130822+00:00] quotable=182 would_place=30 would_cancel=0 equity=$500.00
[DRY-RUN] [2026-08-30T00:52:06.248448+00:00] quotable=182 would_place=30 would_cancel=0 equity=$500.00
universe refreshed: 171 quotable market(s)
[DRY-RUN] [2026-08-30T00:52:57.438563+00:00] quotable=171 would_place=28 would_cancel=0 equity=$500.00
[DRY-RUN] [2026-08-30T00:53:55.732519+00:00] quotable=171 would_place=28 would_cancel=0 equity=$500.00
[DRY-RUN] [2026-08-30T00:54:51.891409+00:00] quotable=171 would_place=28 would_cancel=0 equity=$500.00
[DRY-RUN] [2026-08-30T00:55:38.226666+00:00] quotable=171 would_place=28 would_cancel=0 equity=$500.00
[DRY-RUN] [2026-08-30T00:56:24.382066+00:00] quotable=171 would_place=26 would_cancel=0 equity=$500.00
[DRY-RUN] [2026-08-30T00:57:10.657016+00:00] quotable=171 would_place=26 would_cancel=0 equity=$500.00
[DRY-RUN] [2026-08-30T00:57:56.991722+00:00] quotable=171 would_place=26 would_cancel=0 equity=$500.00
[DRY-RUN] [2026-08-30T00:58:43.077687+00:00] quotable=171 would_place=28 would_cancel=0 equity=$500.00
[DRY-RUN] [2026-08-30T00:59:29.164588+00:00] quotable=171 would_place=28 would_cancel=0 equity=$500.00
[DRY-RUN] [2026-08-30T01:00:15.562602+00:00] quotable=171 would_place=28 would_cancel=0 equity=$500.00
[DRY-RUN] [2026-08-30T01:01:01.675774+00:00] quotable=171 would_place=28 would_cancel=0 equity=$500.00
[DRY-RUN] [2026-08-30T01:01:47.849600+00:00] quotable=171 would_place=26 would_cancel=0 equity=$500.00
[DRY-RUN] [2026-08-30T01:02:33.929436+00:00] quotable=171 would_place=26 would_cancel=0 equity=$500.00
[DRY-RUN] [2026-08-30T01:03:20.006804+00:00] quotable=171 would_place=26 would_cancel=0 equity=$500.00
[DRY-RUN] [2026-08-30T01:04:06.294824+00:00] quotable=171 would_place=26 would_cancel=0 equity=$500.00
[DRY-RUN] [2026-08-30T01:04:52.631351+00:00] quotable=171 would_place=28 would_cancel=0 equity=$500.00
WARNING:poly03.notify.telegram:Telegram send failed: ('Connection aborted.', ConnectionResetError(104, 'Connection reset by peer'))
[DRY-RUN] [2026-08-30T01:05:45.561847+00:00] quotable=171 would_place=28 would_cancel=0 equity=$500.00
[DRY-RUN] [2026-08-30T01:06:31.651060+00:00] quotable=171 would_place=28 would_cancel=0 equity=$500.00
[DRY-RUN] [2026-08-30T01:07:17.740219+00:00] quotable=171 would_place=28 would_cancel=0 equity=$500.00
[DRY-RUN] [2026-08-30T01:08:03.826030+00:00] quotable=171 would_place=28 would_cancel=0 equity=$500.00
[DRY-RUN] [2026-08-30T01:08:50.030421+00:00] quotable=171 would_place=28 would_cancel=0 equity=$500.00
[DRY-RUN] [2026-08-30T01:09:36.128320+00:00] quotable=171 would_place=28 would_cancel=0 equity=$500.00
[DRY-RUN] [2026-08-30T01:10:22.297869+00:00] quotable=171 would_place=28 would_cancel=0 equity=$500.00
[DRY-RUN] [2026-08-30T01:11:08.374798+00:00] quotable=171 would_place=28 would_cancel=0 equity=$500.00
[DRY-RUN] [2026-08-30T01:12:04.464562+00:00] quotable=171 would_place=28 would_cancel=0 equity=$500.00
[DRY-RUN] [2026-08-30T01:12:50.552830+00:00] quotable=171 would_place=28 would_cancel=0 equity=$500.00
[DRY-RUN] [2026-08-30T01:13:36.711117+00:00] quotable=171 would_place=28 would_cancel=0 equity=$500.00
[DRY-RUN] [2026-08-30T01:14:23.053286+00:00] quotable=171 would_place=28 would_cancel=0 equity=$500.00
[DRY-RUN] [2026-08-30T01:15:09.134518+00:00] quotable=171 would_place=28 would_cancel=0 equity=$500.00
[DRY-RUN] [2026-08-30T01:15:55.597228+00:00] quotable=171 would_place=28 would_cancel=0 equity=$500.00
[DRY-RUN] [2026-08-30T01:16:41.880536+00:00] quotable=171 would_place=28 would_cancel=0 equity=$500.00
[DRY-RUN] [2026-08-30T01:17:28.138381+00:00] quotable=171 would_place=28 would_cancel=0 equity=$500.00
[DRY-RUN] [2026-08-30T01:18:14.392713+00:00] quotable=171 would_place=28 would_cancel=0 equity=$500.00
[DRY-RUN] [2026-08-30T01:19:10.480453+00:00] quotable=171 would_place=28 would_cancel=0 equity=$500.00
[DRY-RUN] [2026-08-30T01:20:06.563308+00:00] quotable=171 would_place=28 would_cancel=0 equity=$500.00
[DRY-RUN] [2026-08-30T01:20:52.907136+00:00] quotable=171 would_place=28 would_cancel=0 equity=$500.00
[DRY-RUN] [2026-08-30T01:21:49.045644+00:00] quotable=171 would_place=28 would_cancel=0 equity=$500.00
[DRY-RUN] [2026-08-30T01:22:35.121838+00:00] quotable=171 would_place=28 would_cancel=0 equity=$500.00
universe refreshed: 173 quotable market(s)
[DRY-RUN] [2026-08-30T01:23:36.262742+00:00] quotable=173 would_place=30 would_cancel=0 equity=$500.00
[DRY-RUN] [2026-08-30T01:24:24.662830+00:00] quotable=173 would_place=30 would_cancel=0 equity=$500.00
[DRY-RUN] [2026-08-30T01:25:11.060895+00:00] quotable=173 would_place=30 would_cancel=0 equity=$500.00
[DRY-RUN] [2026-08-30T01:25:57.147261+00:00] quotable=173 would_place=30 would_cancel=0 equity=$500.00
[DRY-RUN] [2026-08-30T01:26:53.277819+00:00] quotable=173 would_place=30 would_cancel=0 equity=$500.00
[DRY-RUN] [2026-08-30T01:27:39.370854+00:00] quotable=173 would_place=30 would_cancel=0 equity=$500.00
[DRY-RUN] [2026-08-30T01:28:25.543599+00:00] quotable=173 would_place=30 would_cancel=0 equity=$500.00
[DRY-RUN] [2026-08-30T01:29:11.638468+00:00] quotable=173 would_place=30 would_cancel=0 equity=$500.00
[DRY-RUN] [2026-08-30T01:30:07.968733+00:00] quotable=173 would_place=30 would_cancel=0 equity=$500.00
[DRY-RUN] [2026-08-30T01:30:54.429092+00:00] quotable=173 would_place=30 would_cancel=0 equity=$500.00
[DRY-RUN] [2026-08-30T01:31:40.823859+00:00] quotable=173 would_place=30 would_cancel=0 equity=$500.00
[DRY-RUN] [2026-08-30T01:32:27.177549+00:00] quotable=173 would_place=30 would_cancel=0 equity=$500.00
[DRY-RUN] [2026-08-30T01:33:13.440946+00:00] quotable=173 would_place=30 would_cancel=0 equity=$500.00
[DRY-RUN] [2026-08-30T01:34:09.577316+00:00] quotable=173 would_place=30 would_cancel=0 equity=$500.00
[DRY-RUN] [2026-08-30T01:34:55.649940+00:00] quotable=173 would_place=30 would_cancel=0 equity=$500.00
[DRY-RUN] [2026-08-30T01:35:41.889659+00:00] quotable=173 would_place=30 would_cancel=0 equity=$500.00
[DRY-RUN] [2026-08-30T01:36:28.149648+00:00] quotable=173 would_place=30 would_cancel=0 equity=$500.00
[DRY-RUN] [2026-08-30T01:37:14.234265+00:00] quotable=173 would_place=30 would_cancel=0 equity=$500.00
[DRY-RUN] [2026-08-30T01:38:00.394227+00:00] quotable=173 would_place=30 would_cancel=0 equity=$500.00
[DRY-RUN] [2026-08-30T01:38:46.524129+00:00] quotable=173 would_place=30 would_cancel=0 equity=$500.00
[DRY-RUN] [2026-08-30T01:39:32.704623+00:00] quotable=173 would_place=30 would_cancel=0 equity=$500.00
[DRY-RUN] [2026-08-30T01:40:18.831274+00:00] quotable=173 would_place=30 would_cancel=0 equity=$500.00
[DRY-RUN] [2026-08-30T01:41:05.430123+00:00] quotable=173 would_place=30 would_cancel=0 equity=$500.00
[DRY-RUN] [2026-08-30T01:41:51.678564+00:00] quotable=173 would_place=30 would_cancel=0 equity=$500.00
[DRY-RUN] [2026-08-30T01:42:37.762979+00:00] quotable=173 would_place=30 would_cancel=0 equity=$500.00
[DRY-RUN] [2026-08-30T01:43:23.999555+00:00] quotable=173 would_place=30 would_cancel=0 equity=$500.00
[DRY-RUN] [2026-08-30T01:44:10.343734+00:00] quotable=173 would_place=30 would_cancel=0 equity=$500.00
[DRY-RUN] [2026-08-30T01:44:56.433245+00:00] quotable=173 would_place=30 would_cancel=0 equity=$500.00
[DRY-RUN] [2026-08-30T01:45:42.536960+00:00] quotable=173 would_place=30 would_cancel=0 equity=$500.00
[DRY-RUN] [2026-08-30T01:46:38.691543+00:00] quotable=173 would_place=30 would_cancel=0 equity=$500.00
[DRY-RUN] [2026-08-30T01:47:24.832867+00:00] quotable=173 would_place=30 would_cancel=0 equity=$500.00
[DRY-RUN] [2026-08-30T01:48:10.935552+00:00] quotable=173 would_place=30 would_cancel=0 equity=$500.00
[DRY-RUN] [2026-08-30T01:48:57.021848+00:00] quotable=173 would_place=30 would_cancel=0 equity=$500.00
[DRY-RUN] [2026-08-30T01:49:43.121402+00:00] quotable=173 would_place=30 would_cancel=0 equity=$500.00
[DRY-RUN] [2026-08-30T01:50:29.208208+00:00] quotable=173 would_place=30 would_cancel=0 equity=$500.00
[DRY-RUN] [2026-08-30T01:51:15.285151+00:00] quotable=173 would_place=30 would_cancel=0 equity=$500.00
[DRY-RUN] [2026-08-30T01:52:11.410416+00:00] quotable=173 would_place=30 would_cancel=0 equity=$500.00
[DRY-RUN] [2026-08-30T01:52:57.673214+00:00] quotable=173 would_place=30 would_cancel=0 equity=$500.00
universe refreshed: 162 quotable market(s)
[DRY-RUN] [2026-08-30T01:53:49.148111+00:00] quotable=162 would_place=28 would_cancel=0 equity=$500.00
[DRY-RUN] [2026-08-30T01:54:37.014438+00:00] quotable=162 would_place=28 would_cancel=0 equity=$500.00
[DRY-RUN] [2026-08-30T01:55:23.138056+00:00] quotable=162 would_place=28 would_cancel=0 equity=$500.00
[DRY-RUN] [2026-08-30T01:56:19.519033+00:00] quotable=162 would_place=28 would_cancel=0 equity=$500.00
[DRY-RUN] [2026-08-30T01:57:05.637967+00:00] quotable=162 would_place=28 would_cancel=0 equity=$500.00
[DRY-RUN] [2026-08-30T01:57:51.696521+00:00] quotable=162 would_place=28 would_cancel=0 equity=$500.00
[DRY-RUN] [2026-08-30T01:58:37.916522+00:00] quotable=162 would_place=28 would_cancel=0 equity=$500.00
[DRY-RUN] [2026-08-30T01:59:24.168845+00:00] quotable=162 would_place=28 would_cancel=0 equity=$500.00
[DRY-RUN] [2026-08-30T02:00:10.283132+00:00] quotable=162 would_place=28 would_cancel=0 equity=$500.00
[DRY-RUN] [2026-08-30T02:00:56.391739+00:00] quotable=162 would_place=28 would_cancel=0 equity=$500.00
[DRY-RUN] [2026-08-30T02:01:52.650687+00:00] quotable=162 would_place=28 would_cancel=0 equity=$500.00
[DRY-RUN] [2026-08-30T02:02:48.778975+00:00] quotable=162 would_place=28 would_cancel=0 equity=$500.00
[DRY-RUN] [2026-08-30T02:03:35.028492+00:00] quotable=162 would_place=28 would_cancel=0 equity=$500.00
[DRY-RUN] [2026-08-30T02:04:31.125582+00:00] quotable=162 would_place=28 would_cancel=0 equity=$500.00
[DRY-RUN] [2026-08-30T02:05:17.226291+00:00] quotable=162 would_place=28 would_cancel=0 equity=$500.00
[DRY-RUN] [2026-08-30T02:06:03.327830+00:00] quotable=162 would_place=28 would_cancel=0 equity=$500.00
[DRY-RUN] [2026-08-30T02:06:49.443274+00:00] quotable=162 would_place=28 would_cancel=0 equity=$500.00
[DRY-RUN] [2026-08-30T02:07:35.672752+00:00] quotable=162 would_place=28 would_cancel=0 equity=$500.00
[DRY-RUN] [2026-08-30T02:08:21.927807+00:00] quotable=162 would_place=28 would_cancel=0 equity=$500.00
[DRY-RUN] [2026-08-30T02:09:07.988581+00:00] quotable=162 would_place=28 would_cancel=0 equity=$500.00
[DRY-RUN] [2026-08-30T02:09:54.102844+00:00] quotable=162 would_place=28 would_cancel=0 equity=$500.00
[DRY-RUN] [2026-08-30T02:10:40.194838+00:00] quotable=162 would_place=28 would_cancel=0 equity=$500.00
[DRY-RUN] [2026-08-30T02:11:26.282449+00:00] quotable=162 would_place=28 would_cancel=0 equity=$500.00
[DRY-RUN] [2026-08-30T02:12:12.617406+00:00] quotable=162 would_place=28 would_cancel=0 equity=$500.00
[DRY-RUN] [2026-08-30T02:13:08.688827+00:00] quotable=162 would_place=28 would_cancel=0 equity=$500.00
[DRY-RUN] [2026-08-30T02:13:54.787293+00:00] quotable=162 would_place=28 would_cancel=0 equity=$500.00
[DRY-RUN] [2026-08-30T02:14:40.881287+00:00] quotable=162 would_place=28 would_cancel=0 equity=$500.00
[DRY-RUN] [2026-08-30T02:15:37.166140+00:00] quotable=162 would_place=28 would_cancel=0 equity=$500.00
[DRY-RUN] [2026-08-30T02:16:23.248058+00:00] quotable=162 would_place=28 would_cancel=0 equity=$500.00
[DRY-RUN] [2026-08-30T02:17:09.696866+00:00] quotable=162 would_place=28 would_cancel=0 equity=$500.00
[DRY-RUN] [2026-08-30T02:17:55.770658+00:00] quotable=162 would_place=28 would_cancel=0 equity=$500.00
[DRY-RUN] [2026-08-30T02:18:41.863407+00:00] quotable=162 would_place=28 would_cancel=0 equity=$500.00
[DRY-RUN] [2026-08-30T02:19:27.957564+00:00] quotable=162 would_place=28 would_cancel=0 equity=$500.00
[DRY-RUN] [2026-08-30T02:20:14.028352+00:00] quotable=162 would_place=28 would_cancel=0 equity=$500.00
[DRY-RUN] [2026-08-30T02:21:00.095210+00:00] quotable=162 would_place=28 would_cancel=0 equity=$500.00
[DRY-RUN] [2026-08-30T02:21:46.286034+00:00] quotable=162 would_place=28 would_cancel=0 equity=$500.00
[DRY-RUN] [2026-08-30T02:22:32.366050+00:00] quotable=162 would_place=28 would_cancel=0 equity=$500.00
[DRY-RUN] [2026-08-30T02:23:18.318592+00:00] quotable=162 would_place=28 would_cancel=0 equity=$500.00
universe refreshed: 170 quotable market(s)
[DRY-RUN] [2026-08-30T02:24:15.309973+00:00] quotable=170 would_place=27 would_cancel=0 equity=$500.00
[DRY-RUN] [2026-08-30T02:25:04.017417+00:00] quotable=170 would_place=27 would_cancel=0 equity=$500.00
[DRY-RUN] [2026-08-30T02:25:50.123741+00:00] quotable=170 would_place=27 would_cancel=0 equity=$500.00
[DRY-RUN] [2026-08-30T02:26:36.231171+00:00] quotable=170 would_place=27 would_cancel=0 equity=$500.00
[DRY-RUN] [2026-08-30T02:27:32.653685+00:00] quotable=170 would_place=27 would_cancel=0 equity=$500.00
[DRY-RUN] [2026-08-30T02:28:28.766456+00:00] quotable=170 would_place=27 would_cancel=0 equity=$500.00
[DRY-RUN] [2026-08-30T02:29:15.017064+00:00] quotable=170 would_place=27 would_cancel=0 equity=$500.00
[DRY-RUN] [2026-08-30T02:30:01.267728+00:00] quotable=170 would_place=27 would_cancel=0 equity=$500.00
[DRY-RUN] [2026-08-30T02:30:57.454606+00:00] quotable=170 would_place=27 would_cancel=0 equity=$500.00
[DRY-RUN] [2026-08-30T02:31:43.875830+00:00] quotable=170 would_place=27 would_cancel=0 equity=$500.00
[DRY-RUN] [2026-08-30T02:32:29.971031+00:00] quotable=170 would_place=27 would_cancel=0 equity=$500.00
[DRY-RUN] [2026-08-30T02:33:15.917164+00:00] quotable=170 would_place=27 would_cancel=0 equity=$500.00
[DRY-RUN] [2026-08-30T02:34:02.015017+00:00] quotable=170 would_place=27 would_cancel=0 equity=$500.00
[DRY-RUN] [2026-08-30T02:34:48.090557+00:00] quotable=170 would_place=27 would_cancel=0 equity=$500.00
[DRY-RUN] [2026-08-30T02:35:34.287420+00:00] quotable=170 would_place=27 would_cancel=0 equity=$500.00
[DRY-RUN] [2026-08-30T02:36:20.377719+00:00] quotable=170 would_place=27 would_cancel=0 equity=$500.00
[DRY-RUN] [2026-08-30T02:37:06.747223+00:00] quotable=170 would_place=27 would_cancel=0 equity=$500.00
[DRY-RUN] [2026-08-30T02:38:03.237394+00:00] quotable=170 would_place=27 would_cancel=0 equity=$500.00
[DRY-RUN] [2026-08-30T02:38:49.774414+00:00] quotable=170 would_place=27 would_cancel=0 equity=$500.00
[DRY-RUN] [2026-08-30T02:39:35.940823+00:00] quotable=170 would_place=27 would_cancel=0 equity=$500.00
[DRY-RUN] [2026-08-30T02:40:22.058203+00:00] quotable=170 would_place=27 would_cancel=0 equity=$500.00
[DRY-RUN] [2026-08-30T02:41:08.162528+00:00] quotable=170 would_place=27 would_cancel=0 equity=$500.00
[DRY-RUN] [2026-08-30T02:42:04.249036+00:00] quotable=170 would_place=27 would_cancel=0 equity=$500.00
[DRY-RUN] [2026-08-30T02:42:50.476346+00:00] quotable=170 would_place=27 would_cancel=0 equity=$500.00
[DRY-RUN] [2026-08-30T02:43:36.711359+00:00] quotable=170 would_place=27 would_cancel=0 equity=$500.00
[DRY-RUN] [2026-08-30T02:44:22.947578+00:00] quotable=170 would_place=27 would_cancel=0 equity=$500.00
[DRY-RUN] [2026-08-30T02:45:09.318839+00:00] quotable=170 would_place=27 would_cancel=0 equity=$500.00
[DRY-RUN] [2026-08-30T02:45:55.750890+00:00] quotable=170 would_place=27 would_cancel=0 equity=$500.00
[DRY-RUN] [2026-08-30T02:46:41.997379+00:00] quotable=170 would_place=27 would_cancel=0 equity=$500.00
[DRY-RUN] [2026-08-30T02:47:28.100689+00:00] quotable=170 would_place=27 would_cancel=0 equity=$500.00
[DRY-RUN] [2026-08-30T02:48:14.258031+00:00] quotable=170 would_place=27 would_cancel=0 equity=$500.00
[DRY-RUN] [2026-08-30T02:49:00.551227+00:00] quotable=170 would_place=27 would_cancel=0 equity=$500.00
[DRY-RUN] [2026-08-30T02:49:46.807156+00:00] quotable=170 would_place=27 would_cancel=0 equity=$500.00
[DRY-RUN] [2026-08-30T02:50:32.936131+00:00] quotable=170 would_place=27 would_cancel=0 equity=$500.00
[DRY-RUN] [2026-08-30T02:51:29.029545+00:00] quotable=170 would_place=27 would_cancel=0 equity=$500.00
[DRY-RUN] [2026-08-30T02:52:15.132406+00:00] quotable=170 would_place=27 would_cancel=0 equity=$500.00
[DRY-RUN] [2026-08-30T02:53:01.437881+00:00] quotable=170 would_place=27 would_cancel=0 equity=$500.00
[DRY-RUN] [2026-08-30T02:53:47.381501+00:00] quotable=170 would_place=27 would_cancel=0 equity=$500.00
universe refreshed: 173 quotable market(s)
[DRY-RUN] [2026-08-30T02:54:38.960928+00:00] quotable=173 would_place=27 would_cancel=0 equity=$500.00
[DRY-RUN] [2026-08-30T02:55:26.264458+00:00] quotable=173 would_place=27 would_cancel=0 equity=$500.00
[DRY-RUN] [2026-08-30T02:56:12.415054+00:00] quotable=173 would_place=27 would_cancel=0 equity=$500.00
[DRY-RUN] [2026-08-30T02:56:58.381894+00:00] quotable=173 would_place=27 would_cancel=0 equity=$500.00
[DRY-RUN] [2026-08-30T02:57:54.485449+00:00] quotable=173 would_place=27 would_cancel=0 equity=$500.00
[DRY-RUN] [2026-08-30T02:58:40.741871+00:00] quotable=173 would_place=27 would_cancel=0 equity=$500.00
[DRY-RUN] [2026-08-30T02:59:26.827932+00:00] quotable=173 would_place=27 would_cancel=0 equity=$500.00
[DRY-RUN] [2026-08-30T03:00:13.167534+00:00] quotable=173 would_place=27 would_cancel=0 equity=$500.00
[DRY-RUN] [2026-08-30T03:00:59.139249+00:00] quotable=173 would_place=27 would_cancel=0 equity=$500.00
[DRY-RUN] [2026-08-30T03:01:45.217699+00:00] quotable=173 would_place=27 would_cancel=0 equity=$500.00
[DRY-RUN] [2026-08-30T03:02:31.333547+00:00] quotable=173 would_place=27 would_cancel=0 equity=$500.00
[DRY-RUN] [2026-08-30T03:03:17.557830+00:00] quotable=173 would_place=27 would_cancel=0 equity=$500.00
[DRY-RUN] [2026-08-30T03:04:03.633584+00:00] quotable=173 would_place=27 would_cancel=0 equity=$500.00
[DRY-RUN] [2026-08-30T03:04:49.899191+00:00] quotable=173 would_place=27 would_cancel=0 equity=$500.00
[DRY-RUN] [2026-08-30T03:05:35.980209+00:00] quotable=173 would_place=27 would_cancel=0 equity=$500.00
[DRY-RUN] [2026-08-30T03:06:32.127680+00:00] quotable=173 would_place=27 would_cancel=0 equity=$500.00
[DRY-RUN] [2026-08-30T03:07:18.414837+00:00] quotable=173 would_place=27 would_cancel=0 equity=$500.00
[DRY-RUN] [2026-08-30T03:08:04.659499+00:00] quotable=173 would_place=27 would_cancel=0 equity=$500.00
[DRY-RUN] [2026-08-30T03:08:50.915418+00:00] quotable=173 would_place=27 would_cancel=0 equity=$500.00
[DRY-RUN] [2026-08-30T03:09:37.598442+00:00] quotable=173 would_place=27 would_cancel=0 equity=$500.00
[DRY-RUN] [2026-08-30T03:10:23.678474+00:00] quotable=173 would_place=27 would_cancel=0 equity=$500.00
[DRY-RUN] [2026-08-30T03:11:09.943332+00:00] quotable=173 would_place=27 would_cancel=0 equity=$500.00
[DRY-RUN] [2026-08-30T03:11:56.295547+00:00] quotable=173 would_place=27 would_cancel=0 equity=$500.00
[DRY-RUN] [2026-08-30T03:12:42.380317+00:00] quotable=173 would_place=27 would_cancel=0 equity=$500.00
[DRY-RUN] [2026-08-30T03:13:28.674187+00:00] quotable=173 would_place=27 would_cancel=0 equity=$500.00
[DRY-RUN] [2026-08-30T03:14:14.807969+00:00] quotable=173 would_place=27 would_cancel=0 equity=$500.00
[DRY-RUN] [2026-08-30T03:15:10.902223+00:00] quotable=173 would_place=27 would_cancel=0 equity=$500.00
[DRY-RUN] [2026-08-30T03:15:57.022744+00:00] quotable=173 would_place=27 would_cancel=0 equity=$500.00
[DRY-RUN] [2026-08-30T03:16:43.119343+00:00] quotable=173 would_place=27 would_cancel=0 equity=$500.00
[DRY-RUN] [2026-08-30T03:17:29.219365+00:00] quotable=173 would_place=27 would_cancel=0 equity=$500.00
[DRY-RUN] [2026-08-30T03:18:25.354412+00:00] quotable=173 would_place=27 would_cancel=0 equity=$500.00
[DRY-RUN] [2026-08-30T03:19:18.787841+00:00] quotable=173 would_place=27 would_cancel=0 equity=$500.00
[DRY-RUN] [2026-08-30T03:20:15.056562+00:00] quotable=173 would_place=27 would_cancel=0 equity=$500.00
[DRY-RUN] [2026-08-30T03:21:01.202636+00:00] quotable=173 would_place=27 would_cancel=0 equity=$500.00
[DRY-RUN] [2026-08-30T03:21:47.427538+00:00] quotable=173 would_place=27 would_cancel=0 equity=$500.00
[DRY-RUN] [2026-08-30T03:22:33.698019+00:00] quotable=173 would_place=27 would_cancel=0 equity=$500.00
[DRY-RUN] [2026-08-30T03:23:19.785843+00:00] quotable=173 would_place=27 would_cancel=0 equity=$500.00
[DRY-RUN] [2026-08-30T03:24:05.852046+00:00] quotable=173 would_place=27 would_cancel=0 equity=$500.00
universe refreshed: 180 quotable market(s)
[DRY-RUN] [2026-08-30T03:24:56.756170+00:00] quotable=180 would_place=27 would_cancel=0 equity=$500.00
[DRY-RUN] [2026-08-30T03:25:55.032836+00:00] quotable=180 would_place=27 would_cancel=0 equity=$500.00
[DRY-RUN] [2026-08-30T03:26:41.132398+00:00] quotable=180 would_place=27 would_cancel=0 equity=$500.00
[DRY-RUN] [2026-08-30T03:27:27.223775+00:00] quotable=180 would_place=27 would_cancel=0 equity=$500.00
[DRY-RUN] [2026-08-30T03:28:13.320149+00:00] quotable=180 would_place=27 would_cancel=0 equity=$500.00
[DRY-RUN] [2026-08-30T03:28:59.401047+00:00] quotable=180 would_place=27 would_cancel=0 equity=$500.00
[DRY-RUN] [2026-08-30T03:29:55.510659+00:00] quotable=180 would_place=27 would_cancel=0 equity=$500.00
[DRY-RUN] [2026-08-30T03:30:41.741414+00:00] quotable=180 would_place=27 would_cancel=0 equity=$500.00
[DRY-RUN] [2026-08-30T03:31:27.832133+00:00] quotable=180 would_place=27 would_cancel=0 equity=$500.00
[DRY-RUN] [2026-08-30T03:32:14.449146+00:00] quotable=180 would_place=27 would_cancel=0 equity=$500.00
[DRY-RUN] [2026-08-30T03:33:00.724909+00:00] quotable=180 would_place=27 would_cancel=0 equity=$500.00
[DRY-RUN] [2026-08-30T03:33:46.813845+00:00] quotable=180 would_place=27 would_cancel=0 equity=$500.00
[DRY-RUN] [2026-08-30T03:34:32.889803+00:00] quotable=180 would_place=27 would_cancel=0 equity=$500.00
[DRY-RUN] [2026-08-30T03:35:28.837247+00:00] quotable=180 would_place=27 would_cancel=0 equity=$500.00
[DRY-RUN] [2026-08-30T03:36:15.361102+00:00] quotable=180 would_place=27 would_cancel=0 equity=$500.00
[DRY-RUN] [2026-08-30T03:37:01.612432+00:00] quotable=180 would_place=27 would_cancel=0 equity=$500.00
[DRY-RUN] [2026-08-30T03:37:47.823396+00:00] quotable=180 would_place=27 would_cancel=0 equity=$500.00
[DRY-RUN] [2026-08-30T03:38:33.938895+00:00] quotable=180 would_place=27 would_cancel=0 equity=$500.00
[DRY-RUN] [2026-08-30T03:39:20.023101+00:00] quotable=180 would_place=27 would_cancel=0 equity=$500.00
[DRY-RUN] [2026-08-30T03:40:05.954078+00:00] quotable=180 would_place=27 would_cancel=0 equity=$500.00
[DRY-RUN] [2026-08-30T03:40:52.521811+00:00] quotable=180 would_place=27 would_cancel=0 equity=$500.00
[DRY-RUN] [2026-08-30T03:41:38.631978+00:00] quotable=180 would_place=27 would_cancel=0 equity=$500.00
[DRY-RUN] [2026-08-30T03:42:24.794728+00:00] quotable=180 would_place=27 would_cancel=0 equity=$500.00
[DRY-RUN] [2026-08-30T03:43:10.874394+00:00] quotable=180 would_place=27 would_cancel=0 equity=$500.00
[DRY-RUN] [2026-08-30T03:43:56.968018+00:00] quotable=180 would_place=27 would_cancel=0 equity=$500.00
[DRY-RUN] [2026-08-30T03:44:43.054409+00:00] quotable=180 would_place=27 would_cancel=0 equity=$500.00
[DRY-RUN] [2026-08-30T03:45:29.182295+00:00] quotable=180 would_place=27 would_cancel=0 equity=$500.00
[DRY-RUN] [2026-08-30T03:46:25.550274+00:00] quotable=180 would_place=27 would_cancel=0 equity=$500.00
[DRY-RUN] [2026-08-30T03:47:11.663201+00:00] quotable=180 would_place=27 would_cancel=0 equity=$500.00
[DRY-RUN] [2026-08-30T03:47:57.773034+00:00] quotable=180 would_place=27 would_cancel=0 equity=$500.00
[DRY-RUN] [2026-08-30T03:48:43.958739+00:00] quotable=180 would_place=27 would_cancel=0 equity=$500.00
[DRY-RUN] [2026-08-30T03:49:30.297459+00:00] quotable=180 would_place=27 would_cancel=0 equity=$500.00
[DRY-RUN] [2026-08-30T03:50:16.791572+00:00] quotable=180 would_place=27 would_cancel=0 equity=$500.00
[DRY-RUN] [2026-08-30T03:51:12.893736+00:00] quotable=180 would_place=27 would_cancel=0 equity=$500.00
[DRY-RUN] [2026-08-30T03:51:59.016291+00:00] quotable=180 would_place=27 would_cancel=0 equity=$500.00
[DRY-RUN] [2026-08-30T03:52:45.409299+00:00] quotable=180 would_place=27 would_cancel=0 equity=$500.00
[DRY-RUN] [2026-08-30T03:53:31.527349+00:00] quotable=180 would_place=27 would_cancel=0 equity=$500.00
[DRY-RUN] [2026-08-30T03:54:17.597526+00:00] quotable=180 would_place=27 would_cancel=0 equity=$500.00
universe refreshed: 189 quotable market(s)
[DRY-RUN] [2026-08-30T03:55:08.477236+00:00] quotable=189 would_place=30 would_cancel=0 equity=$500.00
[DRY-RUN] [2026-08-30T03:55:57.361829+00:00] quotable=189 would_place=30 would_cancel=0 equity=$500.00
[DRY-RUN] [2026-08-30T03:56:43.448315+00:00] quotable=189 would_place=30 would_cancel=0 equity=$500.00
[DRY-RUN] [2026-08-30T03:57:29.531318+00:00] quotable=189 would_place=30 would_cancel=0 equity=$500.00
[DRY-RUN] [2026-08-30T03:58:25.624139+00:00] quotable=189 would_place=30 would_cancel=0 equity=$500.00
[DRY-RUN] [2026-08-30T03:59:11.721757+00:00] quotable=189 would_place=30 would_cancel=0 equity=$500.00
[DRY-RUN] [2026-08-30T03:59:57.809900+00:00] quotable=189 would_place=30 would_cancel=0 equity=$500.00
[DRY-RUN] [2026-08-30T04:00:44.081588+00:00] quotable=189 would_place=32 would_cancel=0 equity=$500.00
[DRY-RUN] [2026-08-30T04:01:30.762698+00:00] quotable=189 would_place=30 would_cancel=0 equity=$500.00
[DRY-RUN] [2026-08-30T04:02:17.644378+00:00] quotable=189 would_place=30 would_cancel=0 equity=$500.00
[DRY-RUN] [2026-08-30T04:03:13.894165+00:00] quotable=189 would_place=30 would_cancel=0 equity=$500.00
[DRY-RUN] [2026-08-30T04:04:00.012836+00:00] quotable=189 would_place=28 would_cancel=0 equity=$500.00
[DRY-RUN] [2026-08-30T04:04:46.158029+00:00] quotable=189 would_place=28 would_cancel=0 equity=$500.00
[DRY-RUN] [2026-08-30T04:05:32.514538+00:00] quotable=189 would_place=28 would_cancel=0 equity=$500.00
[DRY-RUN] [2026-08-30T04:06:18.846905+00:00] quotable=189 would_place=28 would_cancel=0 equity=$500.00
[DRY-RUN] [2026-08-30T04:07:04.785583+00:00] quotable=189 would_place=28 would_cancel=0 equity=$500.00
[DRY-RUN] [2026-08-30T04:07:50.871989+00:00] quotable=189 would_place=28 would_cancel=0 equity=$500.00
[DRY-RUN] [2026-08-30T04:08:37.025667+00:00] quotable=189 would_place=30 would_cancel=0 equity=$500.00
[DRY-RUN] [2026-08-30T04:09:23.135010+00:00] quotable=189 would_place=28 would_cancel=0 equity=$500.00
[DRY-RUN] [2026-08-30T04:10:09.222160+00:00] quotable=189 would_place=28 would_cancel=0 equity=$500.00
[DRY-RUN] [2026-08-30T04:10:55.478704+00:00] quotable=189 would_place=28 would_cancel=0 equity=$500.00
[DRY-RUN] [2026-08-30T04:11:41.458601+00:00] quotable=189 would_place=28 would_cancel=0 equity=$500.00
[DRY-RUN] [2026-08-30T04:12:27.406982+00:00] quotable=189 would_place=28 would_cancel=0 equity=$500.00
[DRY-RUN] [2026-08-30T04:13:13.657367+00:00] quotable=189 would_place=28 would_cancel=0 equity=$500.00
[DRY-RUN] [2026-08-30T04:13:59.839475+00:00] quotable=189 would_place=28 would_cancel=0 equity=$500.00
[DRY-RUN] [2026-08-30T04:14:45.763512+00:00] quotable=189 would_place=28 would_cancel=0 equity=$500.00
[DRY-RUN] [2026-08-30T04:15:31.757250+00:00] quotable=189 would_place=28 would_cancel=0 equity=$500.00
[DRY-RUN] [2026-08-30T04:16:17.866654+00:00] quotable=189 would_place=28 would_cancel=0 equity=$500.00
[DRY-RUN] [2026-08-30T04:17:03.789955+00:00] quotable=189 would_place=28 would_cancel=0 equity=$500.00
[DRY-RUN] [2026-08-30T04:17:59.766550+00:00] quotable=189 would_place=28 would_cancel=0 equity=$500.00
[DRY-RUN] [2026-08-30T04:18:46.695432+00:00] quotable=189 would_place=28 would_cancel=0 equity=$500.00
[DRY-RUN] [2026-08-30T04:19:32.970500+00:00] quotable=189 would_place=28 would_cancel=0 equity=$500.00
[DRY-RUN] [2026-08-30T04:20:19.071693+00:00] quotable=189 would_place=28 would_cancel=0 equity=$500.00
[DRY-RUN] [2026-08-30T04:21:05.302081+00:00] quotable=189 would_place=28 would_cancel=0 equity=$500.00
[DRY-RUN] [2026-08-30T04:21:51.265065+00:00] quotable=189 would_place=28 would_cancel=0 equity=$500.00
[DRY-RUN] [2026-08-30T04:22:37.213556+00:00] quotable=189 would_place=28 would_cancel=0 equity=$500.00
[DRY-RUN] [2026-08-30T04:23:23.135209+00:00] quotable=189 would_place=28 would_cancel=0 equity=$500.00
[DRY-RUN] [2026-08-30T04:24:09.232662+00:00] quotable=189 would_place=28 would_cancel=0 equity=$500.00
[DRY-RUN] [2026-08-30T04:24:55.158697+00:00] quotable=189 would_place=28 would_cancel=0 equity=$500.00
universe refreshed: 180 quotable market(s)
[DRY-RUN] [2026-08-30T04:25:46.197764+00:00] quotable=180 would_place=37 would_cancel=0 equity=$500.00
[DRY-RUN] [2026-08-30T04:26:35.951633+00:00] quotable=180 would_place=37 would_cancel=0 equity=$500.00
[DRY-RUN] [2026-08-30T04:27:22.201690+00:00] quotable=180 would_place=37 would_cancel=0 equity=$500.00
[DRY-RUN] [2026-08-30T04:28:18.148610+00:00] quotable=180 would_place=37 would_cancel=0 equity=$500.00
[DRY-RUN] [2026-08-30T04:29:04.496259+00:00] quotable=180 would_place=37 would_cancel=0 equity=$500.00
[DRY-RUN] [2026-08-30T04:29:50.577567+00:00] quotable=180 would_place=37 would_cancel=0 equity=$500.00
[DRY-RUN] [2026-08-30T04:30:36.666692+00:00] quotable=180 would_place=37 would_cancel=0 equity=$500.00
[DRY-RUN] [2026-08-30T04:31:23.291829+00:00] quotable=180 would_place=37 would_cancel=0 equity=$500.00
[DRY-RUN] [2026-08-30T04:32:09.540577+00:00] quotable=180 would_place=37 would_cancel=0 equity=$500.00
[DRY-RUN] [2026-08-30T04:32:55.839693+00:00] quotable=180 would_place=37 would_cancel=0 equity=$500.00
[DRY-RUN] [2026-08-30T04:33:42.515731+00:00] quotable=180 would_place=37 would_cancel=0 equity=$500.00
[DRY-RUN] [2026-08-30T04:34:28.604024+00:00] quotable=180 would_place=37 would_cancel=0 equity=$500.00
[DRY-RUN] [2026-08-30T04:35:14.697705+00:00] quotable=180 would_place=37 would_cancel=0 equity=$500.00
[DRY-RUN] [2026-08-30T04:36:00.797747+00:00] quotable=180 would_place=37 would_cancel=0 equity=$500.00
[DRY-RUN] [2026-08-30T04:36:46.901895+00:00] quotable=180 would_place=37 would_cancel=0 equity=$500.00
[DRY-RUN] [2026-08-30T04:37:33.372266+00:00] quotable=180 would_place=37 would_cancel=0 equity=$500.00
[DRY-RUN] [2026-08-30T04:38:19.593515+00:00] quotable=180 would_place=37 would_cancel=0 equity=$500.00
[DRY-RUN] [2026-08-30T04:39:05.680861+00:00] quotable=180 would_place=37 would_cancel=0 equity=$500.00
[DRY-RUN] [2026-08-30T04:39:52.057120+00:00] quotable=180 would_place=37 would_cancel=0 equity=$500.00
[DRY-RUN] [2026-08-30T04:40:38.291324+00:00] quotable=180 would_place=37 would_cancel=0 equity=$500.00
[DRY-RUN] [2026-08-30T04:41:24.528862+00:00] quotable=180 would_place=37 would_cancel=0 equity=$500.00
[DRY-RUN] [2026-08-30T04:42:10.880831+00:00] quotable=180 would_place=37 would_cancel=0 equity=$500.00
[DRY-RUN] [2026-08-30T04:43:06.963830+00:00] quotable=180 would_place=37 would_cancel=0 equity=$500.00
[DRY-RUN] [2026-08-30T04:43:53.062879+00:00] quotable=180 would_place=37 would_cancel=0 equity=$500.00
[DRY-RUN] [2026-08-30T04:44:39.419044+00:00] quotable=180 would_place=37 would_cancel=0 equity=$500.00
[DRY-RUN] [2026-08-30T04:45:25.758264+00:00] quotable=180 would_place=37 would_cancel=0 equity=$500.00
[DRY-RUN] [2026-08-30T04:46:12.390019+00:00] quotable=180 would_place=37 would_cancel=0 equity=$500.00
[DRY-RUN] [2026-08-30T04:46:58.829822+00:00] quotable=180 would_place=37 would_cancel=0 equity=$500.00
[DRY-RUN] [2026-08-30T04:47:55.201492+00:00] quotable=180 would_place=37 would_cancel=0 equity=$500.00
[DRY-RUN] [2026-08-30T04:48:41.635264+00:00] quotable=180 would_place=37 would_cancel=0 equity=$500.00
[DRY-RUN] [2026-08-30T04:49:27.907642+00:00] quotable=180 would_place=37 would_cancel=0 equity=$500.00
[DRY-RUN] [2026-08-30T04:50:14.015707+00:00] quotable=180 would_place=37 would_cancel=0 equity=$500.00
[DRY-RUN] [2026-08-30T04:51:00.093193+00:00] quotable=180 would_place=37 would_cancel=0 equity=$500.00
[DRY-RUN] [2026-08-30T04:51:46.437125+00:00] quotable=180 would_place=37 would_cancel=0 equity=$500.00
[DRY-RUN] [2026-08-30T04:52:42.575100+00:00] quotable=180 would_place=37 would_cancel=0 equity=$500.00
[DRY-RUN] [2026-08-30T04:53:28.810509+00:00] quotable=180 would_place=37 would_cancel=0 equity=$500.00
[DRY-RUN] [2026-08-30T04:54:14.890769+00:00] quotable=180 would_place=38 would_cancel=0 equity=$500.00
[DRY-RUN] [2026-08-30T04:55:01.025670+00:00] quotable=180 would_place=38 would_cancel=0 equity=$500.00
universe refreshed: 176 quotable market(s)
[DRY-RUN] [2026-08-30T04:55:51.912111+00:00] quotable=176 would_place=30 would_cancel=0 equity=$500.00
[DRY-RUN] [2026-08-30T04:56:39.907847+00:00] quotable=176 would_place=30 would_cancel=0 equity=$500.00
[DRY-RUN] [2026-08-30T04:57:26.321587+00:00] quotable=176 would_place=30 would_cancel=0 equity=$500.00
[DRY-RUN] [2026-08-30T04:58:12.589907+00:00] quotable=176 would_place=30 would_cancel=0 equity=$500.00
[DRY-RUN] [2026-08-30T04:58:58.669664+00:00] quotable=176 would_place=30 would_cancel=0 equity=$500.00
[DRY-RUN] [2026-08-30T04:59:44.924936+00:00] quotable=176 would_place=30 would_cancel=0 equity=$500.00
[DRY-RUN] [2026-08-30T05:00:31.209459+00:00] quotable=176 would_place=30 would_cancel=0 equity=$500.00
[DRY-RUN] [2026-08-30T05:01:27.526618+00:00] quotable=176 would_place=30 would_cancel=0 equity=$500.00
[DRY-RUN] [2026-08-30T05:02:13.892336+00:00] quotable=176 would_place=29 would_cancel=0 equity=$500.00
[DRY-RUN] [2026-08-30T05:03:00.329152+00:00] quotable=176 would_place=29 would_cancel=0 equity=$500.00
[DRY-RUN] [2026-08-30T05:03:46.657508+00:00] quotable=176 would_place=29 would_cancel=0 equity=$500.00
[DRY-RUN] [2026-08-30T05:04:32.755388+00:00] quotable=176 would_place=29 would_cancel=0 equity=$500.00
[DRY-RUN] [2026-08-30T05:05:18.846463+00:00] quotable=176 would_place=29 would_cancel=0 equity=$500.00
[DRY-RUN] [2026-08-30T05:06:05.248211+00:00] quotable=176 would_place=29 would_cancel=0 equity=$500.00
[DRY-RUN] [2026-08-30T05:06:51.665846+00:00] quotable=176 would_place=29 would_cancel=0 equity=$500.00
[DRY-RUN] [2026-08-30T05:07:37.785811+00:00] quotable=176 would_place=29 would_cancel=0 equity=$500.00
[DRY-RUN] [2026-08-30T05:08:23.886394+00:00] quotable=176 would_place=29 would_cancel=0 equity=$500.00
[DRY-RUN] [2026-08-30T05:09:19.963603+00:00] quotable=176 would_place=29 would_cancel=0 equity=$500.00
[DRY-RUN] [2026-08-30T05:10:06.357131+00:00] quotable=176 would_place=29 would_cancel=0 equity=$500.00
[DRY-RUN] [2026-08-30T05:10:52.485571+00:00] quotable=176 would_place=29 would_cancel=0 equity=$500.00
[DRY-RUN] [2026-08-30T05:11:38.577357+00:00] quotable=176 would_place=29 would_cancel=0 equity=$500.00
[DRY-RUN] [2026-08-30T05:12:27.076976+00:00] quotable=176 would_place=29 would_cancel=0 equity=$500.00
[DRY-RUN] [2026-08-30T05:13:23.523148+00:00] quotable=176 would_place=29 would_cancel=0 equity=$500.00
[DRY-RUN] [2026-08-30T05:14:09.642251+00:00] quotable=176 would_place=29 would_cancel=0 equity=$500.00
[DRY-RUN] [2026-08-30T05:15:05.742269+00:00] quotable=176 would_place=29 would_cancel=0 equity=$500.00
[DRY-RUN] [2026-08-30T05:16:01.856834+00:00] quotable=176 would_place=29 would_cancel=0 equity=$500.00
[DRY-RUN] [2026-08-30T05:16:48.288715+00:00] quotable=176 would_place=29 would_cancel=0 equity=$500.00
[DRY-RUN] [2026-08-30T05:17:34.397911+00:00] quotable=176 would_place=29 would_cancel=0 equity=$500.00
[DRY-RUN] [2026-08-30T05:18:20.489201+00:00] quotable=176 would_place=29 would_cancel=0 equity=$500.00
[DRY-RUN] [2026-08-30T05:19:06.589572+00:00] quotable=176 would_place=29 would_cancel=0 equity=$500.00
[DRY-RUN] [2026-08-30T05:19:52.514302+00:00] quotable=176 would_place=29 would_cancel=0 equity=$500.00
[DRY-RUN] [2026-08-30T05:20:48.625404+00:00] quotable=176 would_place=29 would_cancel=0 equity=$500.00
[DRY-RUN] [2026-08-30T05:21:34.967588+00:00] quotable=176 would_place=29 would_cancel=0 equity=$500.00
[DRY-RUN] [2026-08-30T05:22:21.053822+00:00] quotable=176 would_place=29 would_cancel=0 equity=$500.00
[DRY-RUN] [2026-08-30T05:23:07.162931+00:00] quotable=176 would_place=29 would_cancel=0 equity=$500.00
[DRY-RUN] [2026-08-30T05:23:53.552824+00:00] quotable=176 would_place=29 would_cancel=0 equity=$500.00
[DRY-RUN] [2026-08-30T05:24:49.641030+00:00] quotable=176 would_place=29 would_cancel=0 equity=$500.00
[DRY-RUN] [2026-08-30T05:25:35.739772+00:00] quotable=176 would_place=29 would_cancel=0 equity=$500.00
universe refreshed: 186 quotable market(s)
[DRY-RUN] [2026-08-30T05:26:28.797064+00:00] quotable=186 would_place=32 would_cancel=0 equity=$500.00
[DRY-RUN] [2026-08-30T05:27:17.325821+00:00] quotable=186 would_place=30 would_cancel=0 equity=$500.00
[DRY-RUN] [2026-08-30T05:28:03.441223+00:00] quotable=186 would_place=30 would_cancel=0 equity=$500.00
[DRY-RUN] [2026-08-30T05:28:59.528908+00:00] quotable=186 would_place=32 would_cancel=0 equity=$500.00
[DRY-RUN] [2026-08-30T05:29:45.635875+00:00] quotable=186 would_place=32 would_cancel=0 equity=$500.00
[DRY-RUN] [2026-08-30T05:30:31.814459+00:00] quotable=186 would_place=32 would_cancel=0 equity=$500.00
[DRY-RUN] [2026-08-30T05:31:17.917481+00:00] quotable=186 would_place=32 would_cancel=0 equity=$500.00
[DRY-RUN] [2026-08-30T05:32:03.998626+00:00] quotable=186 would_place=32 would_cancel=0 equity=$500.00
[DRY-RUN] [2026-08-30T05:32:50.109751+00:00] quotable=186 would_place=32 would_cancel=0 equity=$500.00
[DRY-RUN] [2026-08-30T05:33:36.336285+00:00] quotable=186 would_place=32 would_cancel=0 equity=$500.00
[DRY-RUN] [2026-08-30T05:34:22.428838+00:00] quotable=186 would_place=32 would_cancel=0 equity=$500.00
[DRY-RUN] [2026-08-30T05:35:08.517276+00:00] quotable=186 would_place=32 would_cancel=0 equity=$500.00
[DRY-RUN] [2026-08-30T05:35:54.814337+00:00] quotable=186 would_place=32 would_cancel=0 equity=$500.00
[DRY-RUN] [2026-08-30T05:36:41.203618+00:00] quotable=186 would_place=32 would_cancel=0 equity=$500.00
[DRY-RUN] [2026-08-30T05:37:27.579474+00:00] quotable=186 would_place=32 would_cancel=0 equity=$500.00
[DRY-RUN] [2026-08-30T05:38:13.673600+00:00] quotable=186 would_place=32 would_cancel=0 equity=$500.00
[DRY-RUN] [2026-08-30T05:38:59.769734+00:00] quotable=186 would_place=32 would_cancel=0 equity=$500.00
[DRY-RUN] [2026-08-30T05:39:45.944471+00:00] quotable=186 would_place=32 would_cancel=0 equity=$500.00
[DRY-RUN] [2026-08-30T05:40:32.065438+00:00] quotable=186 would_place=32 would_cancel=0 equity=$500.00
[DRY-RUN] [2026-08-30T05:41:18.226825+00:00] quotable=186 would_place=32 would_cancel=0 equity=$500.00
[DRY-RUN] [2026-08-30T05:42:04.309671+00:00] quotable=186 would_place=32 would_cancel=0 equity=$500.00
[DRY-RUN] [2026-08-30T05:42:50.701735+00:00] quotable=186 would_place=32 would_cancel=0 equity=$500.00
[DRY-RUN] [2026-08-30T05:43:36.802623+00:00] quotable=186 would_place=32 would_cancel=0 equity=$500.00
[DRY-RUN] [2026-08-30T05:44:22.879939+00:00] quotable=186 would_place=32 would_cancel=0 equity=$500.00
[DRY-RUN] [2026-08-30T05:45:08.953331+00:00] quotable=186 would_place=32 would_cancel=0 equity=$500.00
[DRY-RUN] [2026-08-30T05:45:55.421524+00:00] quotable=186 would_place=32 would_cancel=0 equity=$500.00
[DRY-RUN] [2026-08-30T05:46:41.575434+00:00] quotable=186 would_place=32 would_cancel=0 equity=$500.00
[DRY-RUN] [2026-08-30T05:47:27.637098+00:00] quotable=186 would_place=32 would_cancel=0 equity=$500.00
[DRY-RUN] [2026-08-30T05:48:13.703590+00:00] quotable=186 would_place=32 would_cancel=0 equity=$500.00
[DRY-RUN] [2026-08-30T05:48:59.827008+00:00] quotable=186 would_place=32 would_cancel=0 equity=$500.00
[DRY-RUN] [2026-08-30T05:49:45.941243+00:00] quotable=186 would_place=32 would_cancel=0 equity=$500.00
[DRY-RUN] [2026-08-30T05:50:32.041985+00:00] quotable=186 would_place=32 would_cancel=0 equity=$500.00
[DRY-RUN] [2026-08-30T05:51:18.129516+00:00] quotable=186 would_place=32 would_cancel=0 equity=$500.00
[DRY-RUN] [2026-08-30T05:52:04.227765+00:00] quotable=186 would_place=32 would_cancel=0 equity=$500.00
[DRY-RUN] [2026-08-30T05:52:50.309569+00:00] quotable=186 would_place=32 would_cancel=0 equity=$500.00
[DRY-RUN] [2026-08-30T05:53:36.392205+00:00] quotable=186 would_place=32 would_cancel=0 equity=$500.00
[DRY-RUN] [2026-08-30T05:54:22.541095+00:00] quotable=186 would_place=32 would_cancel=0 equity=$500.00
[DRY-RUN] [2026-08-30T05:55:08.685348+00:00] quotable=186 would_place=32 would_cancel=0 equity=$500.00
[DRY-RUN] [2026-08-30T05:55:54.810511+00:00] quotable=186 would_place=32 would_cancel=0 equity=$500.00
universe refreshed: 186 quotable market(s)
[DRY-RUN] [2026-08-30T05:56:45.538670+00:00] quotable=186 would_place=36 would_cancel=0 equity=$500.00
[DRY-RUN] [2026-08-30T05:57:35.341639+00:00] quotable=186 would_place=36 would_cancel=0 equity=$500.00
[DRY-RUN] [2026-08-30T05:58:21.461721+00:00] quotable=186 would_place=36 would_cancel=0 equity=$500.00
[DRY-RUN] [2026-08-30T05:59:07.594036+00:00] quotable=186 would_place=36 would_cancel=0 equity=$500.00
[DRY-RUN] [2026-08-30T05:59:53.675537+00:00] quotable=186 would_place=36 would_cancel=0 equity=$500.00
[DRY-RUN] [2026-08-30T06:00:39.756429+00:00] quotable=186 would_place=36 would_cancel=0 equity=$500.00
[DRY-RUN] [2026-08-30T06:01:26.027126+00:00] quotable=186 would_place=36 would_cancel=0 equity=$500.00
[DRY-RUN] [2026-08-30T06:02:12.432562+00:00] quotable=186 would_place=36 would_cancel=0 equity=$500.00
[DRY-RUN] [2026-08-30T06:02:58.830140+00:00] quotable=186 would_place=36 would_cancel=0 equity=$500.00
[DRY-RUN] [2026-08-30T06:03:55.392292+00:00] quotable=186 would_place=36 would_cancel=0 equity=$500.00
[DRY-RUN] [2026-08-30T06:04:41.652683+00:00] quotable=186 would_place=36 would_cancel=0 equity=$500.00
[DRY-RUN] [2026-08-30T06:05:28.112521+00:00] quotable=186 would_place=36 would_cancel=0 equity=$500.00
[DRY-RUN] [2026-08-30T06:06:14.465606+00:00] quotable=186 would_place=36 would_cancel=0 equity=$500.00
[DRY-RUN] [2026-08-30T06:07:00.651364+00:00] quotable=186 would_place=36 would_cancel=0 equity=$500.00
[DRY-RUN] [2026-08-30T06:07:46.812726+00:00] quotable=186 would_place=36 would_cancel=0 equity=$500.00
[DRY-RUN] [2026-08-30T06:08:32.916182+00:00] quotable=186 would_place=36 would_cancel=0 equity=$500.00
[DRY-RUN] [2026-08-30T06:09:19.008939+00:00] quotable=186 would_place=36 would_cancel=0 equity=$500.00
[DRY-RUN] [2026-08-30T06:10:14.951277+00:00] quotable=186 would_place=36 would_cancel=0 equity=$500.00
[DRY-RUN] [2026-08-30T06:11:11.241816+00:00] quotable=186 would_place=36 would_cancel=0 equity=$500.00
[DRY-RUN] [2026-08-30T06:11:57.453648+00:00] quotable=186 would_place=36 would_cancel=0 equity=$500.00
[DRY-RUN] [2026-08-30T06:12:43.794849+00:00] quotable=186 would_place=36 would_cancel=0 equity=$500.00
[DRY-RUN] [2026-08-30T06:13:29.993693+00:00] quotable=186 would_place=36 would_cancel=0 equity=$500.00
[DRY-RUN] [2026-08-30T06:14:16.428450+00:00] quotable=186 would_place=36 would_cancel=0 equity=$500.00
[DRY-RUN] [2026-08-30T06:15:02.687708+00:00] quotable=186 would_place=36 would_cancel=0 equity=$500.00
[DRY-RUN] [2026-08-30T06:15:58.804820+00:00] quotable=186 would_place=36 would_cancel=0 equity=$500.00
[DRY-RUN] [2026-08-30T06:16:44.929270+00:00] quotable=186 would_place=36 would_cancel=0 equity=$500.00
[DRY-RUN] [2026-08-30T06:17:31.076704+00:00] quotable=186 would_place=36 would_cancel=0 equity=$500.00
[DRY-RUN] [2026-08-30T06:18:17.203688+00:00] quotable=186 would_place=36 would_cancel=0 equity=$500.00
[DRY-RUN] [2026-08-30T06:19:03.272899+00:00] quotable=186 would_place=36 would_cancel=0 equity=$500.00
[DRY-RUN] [2026-08-30T06:19:49.365315+00:00] quotable=186 would_place=36 would_cancel=0 equity=$500.00
[DRY-RUN] [2026-08-30T06:20:35.441071+00:00] quotable=186 would_place=36 would_cancel=0 equity=$500.00
[DRY-RUN] [2026-08-30T06:21:21.530041+00:00] quotable=186 would_place=36 would_cancel=0 equity=$500.00
[DRY-RUN] [2026-08-30T06:22:07.863996+00:00] quotable=186 would_place=36 would_cancel=0 equity=$500.00
[DRY-RUN] [2026-08-30T06:22:54.133867+00:00] quotable=186 would_place=36 would_cancel=0 equity=$500.00
[DRY-RUN] [2026-08-30T06:23:40.283670+00:00] quotable=186 would_place=36 would_cancel=0 equity=$500.00
[DRY-RUN] [2026-08-30T06:24:26.626738+00:00] quotable=186 would_place=36 would_cancel=0 equity=$500.00
[DRY-RUN] [2026-08-30T06:25:12.759702+00:00] quotable=186 would_place=36 would_cancel=0 equity=$500.00
[DRY-RUN] [2026-08-30T06:25:58.827592+00:00] quotable=186 would_place=36 would_cancel=0 equity=$500.00
universe refreshed: 191 quotable market(s)
[DRY-RUN] [2026-08-30T06:26:59.907269+00:00] quotable=191 would_place=36 would_cancel=0 equity=$500.00
[DRY-RUN] [2026-08-30T06:27:49.033641+00:00] quotable=191 would_place=36 would_cancel=0 equity=$500.00
[DRY-RUN] [2026-08-30T06:28:35.494961+00:00] quotable=191 would_place=36 would_cancel=0 equity=$500.00
[DRY-RUN] [2026-08-30T06:29:21.581594+00:00] quotable=191 would_place=36 would_cancel=0 equity=$500.00
[DRY-RUN] [2026-08-30T06:30:07.683601+00:00] quotable=191 would_place=36 would_cancel=0 equity=$500.00
[DRY-RUN] [2026-08-30T06:30:53.784326+00:00] quotable=191 would_place=36 would_cancel=0 equity=$500.00
[DRY-RUN] [2026-08-30T06:31:49.732245+00:00] quotable=191 would_place=36 would_cancel=0 equity=$500.00
[DRY-RUN] [2026-08-30T06:32:35.808697+00:00] quotable=191 would_place=36 would_cancel=0 equity=$500.00
[DRY-RUN] [2026-08-30T06:33:21.753326+00:00] quotable=191 would_place=36 would_cancel=0 equity=$500.00
[DRY-RUN] [2026-08-30T06:34:07.872037+00:00] quotable=191 would_place=36 would_cancel=0 equity=$500.00
[DRY-RUN] [2026-08-30T06:34:54.002877+00:00] quotable=191 would_place=36 would_cancel=0 equity=$500.00
[DRY-RUN] [2026-08-30T06:35:40.231592+00:00] quotable=191 would_place=36 would_cancel=0 equity=$500.00
[DRY-RUN] [2026-08-30T06:36:26.326829+00:00] quotable=191 would_place=36 would_cancel=0 equity=$500.00
[DRY-RUN] [2026-08-30T06:37:23.250292+00:00] quotable=191 would_place=36 would_cancel=0 equity=$500.00
[DRY-RUN] [2026-08-30T06:38:19.215309+00:00] quotable=191 would_place=36 would_cancel=0 equity=$500.00
[DRY-RUN] [2026-08-30T06:39:15.563092+00:00] quotable=191 would_place=36 would_cancel=0 equity=$500.00
[DRY-RUN] [2026-08-30T06:40:01.658613+00:00] quotable=191 would_place=36 would_cancel=0 equity=$500.00
[DRY-RUN] [2026-08-30T06:40:47.840153+00:00] quotable=191 would_place=36 would_cancel=0 equity=$500.00
[DRY-RUN] [2026-08-30T06:41:34.003303+00:00] quotable=191 would_place=36 would_cancel=0 equity=$500.00
[DRY-RUN] [2026-08-30T06:42:20.112128+00:00] quotable=191 would_place=36 would_cancel=0 equity=$500.00
[DRY-RUN] [2026-08-30T06:43:11.673613+00:00] quotable=191 would_place=36 would_cancel=0 equity=$500.00
[DRY-RUN] [2026-08-30T06:43:57.777479+00:00] quotable=191 would_place=36 would_cancel=0 equity=$500.00
[DRY-RUN] [2026-08-30T06:44:43.860183+00:00] quotable=191 would_place=36 would_cancel=0 equity=$500.00
[DRY-RUN] [2026-08-30T06:45:40.062948+00:00] quotable=191 would_place=36 would_cancel=0 equity=$500.00
[DRY-RUN] [2026-08-30T06:46:26.430942+00:00] quotable=191 would_place=36 would_cancel=0 equity=$500.00
[DRY-RUN] [2026-08-30T06:47:22.531132+00:00] quotable=191 would_place=36 would_cancel=0 equity=$500.00
[DRY-RUN] [2026-08-30T06:48:08.677112+00:00] quotable=191 would_place=36 would_cancel=0 equity=$500.00
[DRY-RUN] [2026-08-30T06:48:54.777369+00:00] quotable=191 would_place=36 would_cancel=0 equity=$500.00
[DRY-RUN] [2026-08-30T06:49:41.078160+00:00] quotable=191 would_place=36 would_cancel=0 equity=$500.00
[DRY-RUN] [2026-08-30T06:50:27.169246+00:00] quotable=191 would_place=36 would_cancel=0 equity=$500.00
[DRY-RUN] [2026-08-30T06:51:13.413570+00:00] quotable=191 would_place=36 would_cancel=0 equity=$500.00
[DRY-RUN] [2026-08-30T06:51:59.681050+00:00] quotable=191 would_place=36 would_cancel=0 equity=$500.00
[DRY-RUN] [2026-08-30T06:52:45.778114+00:00] quotable=191 would_place=36 would_cancel=0 equity=$500.00
[DRY-RUN] [2026-08-30T06:53:31.931019+00:00] quotable=191 would_place=36 would_cancel=0 equity=$500.00
[DRY-RUN] [2026-08-30T06:54:18.047157+00:00] quotable=191 would_place=36 would_cancel=0 equity=$500.00
[DRY-RUN] [2026-08-30T06:55:04.193345+00:00] quotable=191 would_place=36 would_cancel=0 equity=$500.00
[DRY-RUN] [2026-08-30T06:55:50.288724+00:00] quotable=191 would_place=36 would_cancel=0 equity=$500.00
[DRY-RUN] [2026-08-30T06:56:36.735264+00:00] quotable=191 would_place=36 would_cancel=0 equity=$500.00
universe refreshed: 177 quotable market(s)
[DRY-RUN] [2026-08-30T06:57:30.642915+00:00] quotable=177 would_place=34 would_cancel=0 equity=$500.00
[DRY-RUN] [2026-08-30T06:58:18.683672+00:00] quotable=177 would_place=34 would_cancel=0 equity=$500.00
[DRY-RUN] [2026-08-30T06:59:04.768415+00:00] quotable=177 would_place=34 would_cancel=0 equity=$500.00
[DRY-RUN] [2026-08-30T06:59:50.911978+00:00] quotable=177 would_place=34 would_cancel=0 equity=$500.00
[DRY-RUN] [2026-08-30T07:00:37.365608+00:00] quotable=177 would_place=34 would_cancel=0 equity=$500.00
[DRY-RUN] [2026-08-30T07:01:23.939620+00:00] quotable=177 would_place=34 would_cancel=0 equity=$500.00
[DRY-RUN] [2026-08-30T07:02:10.507250+00:00] quotable=177 would_place=34 would_cancel=0 equity=$500.00
[DRY-RUN] [2026-08-30T07:03:06.622176+00:00] quotable=177 would_place=34 would_cancel=0 equity=$500.00
[DRY-RUN] [2026-08-30T07:03:52.567825+00:00] quotable=177 would_place=34 would_cancel=0 equity=$500.00
[DRY-RUN] [2026-08-30T07:04:38.828671+00:00] quotable=177 would_place=34 would_cancel=0 equity=$500.00
[DRY-RUN] [2026-08-30T07:05:25.185696+00:00] quotable=177 would_place=34 would_cancel=0 equity=$500.00
[DRY-RUN] [2026-08-30T07:06:11.281826+00:00] quotable=177 would_place=34 would_cancel=0 equity=$500.00
[DRY-RUN] [2026-08-30T07:06:57.373474+00:00] quotable=177 would_place=34 would_cancel=0 equity=$500.00
[DRY-RUN] [2026-08-30T07:07:43.452350+00:00] quotable=177 would_place=34 would_cancel=0 equity=$500.00
[DRY-RUN] [2026-08-30T07:08:29.840853+00:00] quotable=177 would_place=34 would_cancel=0 equity=$500.00
[DRY-RUN] [2026-08-30T07:09:15.948616+00:00] quotable=177 would_place=34 would_cancel=0 equity=$500.00
[DRY-RUN] [2026-08-30T07:10:02.229965+00:00] quotable=177 would_place=34 would_cancel=0 equity=$500.00
[DRY-RUN] [2026-08-30T07:10:48.397142+00:00] quotable=177 would_place=34 would_cancel=0 equity=$500.00
[DRY-RUN] [2026-08-30T07:11:34.477586+00:00] quotable=177 would_place=34 would_cancel=0 equity=$500.00
[DRY-RUN] [2026-08-30T07:12:20.741657+00:00] quotable=177 would_place=34 would_cancel=0 equity=$500.00
[DRY-RUN] [2026-08-30T07:13:07.001298+00:00] quotable=177 would_place=34 would_cancel=0 equity=$500.00
[DRY-RUN] [2026-08-30T07:13:53.140326+00:00] quotable=177 would_place=34 would_cancel=0 equity=$500.00
[DRY-RUN] [2026-08-30T07:14:39.222265+00:00] quotable=177 would_place=34 would_cancel=0 equity=$500.00
[DRY-RUN] [2026-08-30T07:15:25.309707+00:00] quotable=177 would_place=34 would_cancel=0 equity=$500.00
[DRY-RUN] [2026-08-30T07:16:11.429604+00:00] quotable=177 would_place=34 would_cancel=0 equity=$500.00
[DRY-RUN] [2026-08-30T07:16:57.635677+00:00] quotable=177 would_place=34 would_cancel=0 equity=$500.00
[DRY-RUN] [2026-08-30T07:17:43.761450+00:00] quotable=177 would_place=34 would_cancel=0 equity=$500.00
[DRY-RUN] [2026-08-30T07:18:29.858830+00:00] quotable=177 would_place=34 would_cancel=0 equity=$500.00
[DRY-RUN] [2026-08-30T07:19:15.944409+00:00] quotable=177 would_place=34 would_cancel=0 equity=$500.00
[DRY-RUN] [2026-08-30T07:20:02.045412+00:00] quotable=177 would_place=34 would_cancel=0 equity=$500.00
[DRY-RUN] [2026-08-30T07:20:48.181906+00:00] quotable=177 would_place=34 would_cancel=0 equity=$500.00
[DRY-RUN] [2026-08-30T07:21:34.433131+00:00] quotable=177 would_place=34 would_cancel=0 equity=$500.00
[DRY-RUN] [2026-08-30T07:22:20.675738+00:00] quotable=177 would_place=34 would_cancel=0 equity=$500.00
[DRY-RUN] [2026-08-30T07:23:06.945373+00:00] quotable=177 would_place=34 would_cancel=0 equity=$500.00
[DRY-RUN] [2026-08-30T07:23:53.063349+00:00] quotable=177 would_place=34 would_cancel=0 equity=$500.00
[DRY-RUN] [2026-08-30T07:24:39.160197+00:00] quotable=177 would_place=34 would_cancel=0 equity=$500.00
[DRY-RUN] [2026-08-30T07:25:25.530834+00:00] quotable=177 would_place=32 would_cancel=0 equity=$500.00
[DRY-RUN] [2026-08-30T07:26:11.834687+00:00] quotable=177 would_place=34 would_cancel=0 equity=$500.00
[DRY-RUN] [2026-08-30T07:26:57.949564+00:00] quotable=177 would_place=34 would_cancel=0 equity=$500.00
universe refreshed: 178 quotable market(s)
[DRY-RUN] [2026-08-30T07:27:52.164940+00:00] quotable=178 would_place=30 would_cancel=0 equity=$500.00
[DRY-RUN] [2026-08-30T07:28:50.322368+00:00] quotable=178 would_place=30 would_cancel=0 equity=$500.00
[DRY-RUN] [2026-08-30T07:29:36.404680+00:00] quotable=178 would_place=30 would_cancel=0 equity=$500.00
[DRY-RUN] [2026-08-30T07:30:22.700609+00:00] quotable=178 would_place=30 would_cancel=0 equity=$500.00
[DRY-RUN] [2026-08-30T07:31:08.813760+00:00] quotable=178 would_place=30 would_cancel=0 equity=$500.00
[DRY-RUN] [2026-08-30T07:31:55.364567+00:00] quotable=178 would_place=30 would_cancel=0 equity=$500.00
[DRY-RUN] [2026-08-30T07:32:41.632766+00:00] quotable=178 would_place=30 would_cancel=0 equity=$500.00
[DRY-RUN] [2026-08-30T07:33:27.968514+00:00] quotable=178 would_place=30 would_cancel=0 equity=$500.00
[DRY-RUN] [2026-08-30T07:34:14.061090+00:00] quotable=178 would_place=30 would_cancel=0 equity=$500.00
[DRY-RUN] [2026-08-30T07:35:00.161069+00:00] quotable=178 would_place=30 would_cancel=0 equity=$500.00
[DRY-RUN] [2026-08-30T07:35:46.283382+00:00] quotable=178 would_place=30 would_cancel=0 equity=$500.00
[DRY-RUN] [2026-08-30T07:36:32.384877+00:00] quotable=178 would_place=30 would_cancel=0 equity=$500.00
[DRY-RUN] [2026-08-30T07:37:18.494512+00:00] quotable=178 would_place=30 would_cancel=0 equity=$500.00
[DRY-RUN] [2026-08-30T07:38:04.868822+00:00] quotable=178 would_place=30 would_cancel=0 equity=$500.00
[DRY-RUN] [2026-08-30T07:38:51.015391+00:00] quotable=178 would_place=30 would_cancel=0 equity=$500.00
[DRY-RUN] [2026-08-30T07:39:37.330000+00:00] quotable=178 would_place=30 would_cancel=0 equity=$500.00
[DRY-RUN] [2026-08-30T07:40:33.752581+00:00] quotable=178 would_place=30 would_cancel=0 equity=$500.00
[DRY-RUN] [2026-08-30T07:41:19.749572+00:00] quotable=178 would_place=30 would_cancel=0 equity=$500.00
[DRY-RUN] [2026-08-30T07:42:05.853698+00:00] quotable=178 would_place=30 would_cancel=0 equity=$500.00
[DRY-RUN] [2026-08-30T07:42:51.948644+00:00] quotable=178 would_place=30 would_cancel=0 equity=$500.00
[DRY-RUN] [2026-08-30T07:43:38.053766+00:00] quotable=178 would_place=30 would_cancel=0 equity=$500.00
[DRY-RUN] [2026-08-30T07:44:24.314741+00:00] quotable=178 would_place=30 would_cancel=0 equity=$500.00
[DRY-RUN] [2026-08-30T07:45:10.389715+00:00] quotable=178 would_place=30 would_cancel=0 equity=$500.00
[DRY-RUN] [2026-08-30T07:45:56.624456+00:00] quotable=178 would_place=30 would_cancel=0 equity=$500.00
[DRY-RUN] [2026-08-30T07:46:43.060398+00:00] quotable=178 would_place=30 would_cancel=0 equity=$500.00
[DRY-RUN] [2026-08-30T07:47:29.394888+00:00] quotable=178 would_place=30 would_cancel=0 equity=$500.00
[DRY-RUN] [2026-08-30T07:48:15.822696+00:00] quotable=178 would_place=30 would_cancel=0 equity=$500.00
[DRY-RUN] [2026-08-30T07:49:01.908055+00:00] quotable=178 would_place=30 would_cancel=0 equity=$500.00
[DRY-RUN] [2026-08-30T07:49:47.997887+00:00] quotable=178 would_place=30 would_cancel=0 equity=$500.00
[DRY-RUN] [2026-08-30T07:50:34.102127+00:00] quotable=178 would_place=30 would_cancel=0 equity=$500.00
[DRY-RUN] [2026-08-30T07:51:20.221332+00:00] quotable=178 would_place=30 would_cancel=0 equity=$500.00
[DRY-RUN] [2026-08-30T07:52:06.465113+00:00] quotable=178 would_place=30 would_cancel=0 equity=$500.00
[DRY-RUN] [2026-08-30T07:52:52.560054+00:00] quotable=178 would_place=30 would_cancel=0 equity=$500.00
[DRY-RUN] [2026-08-30T07:53:38.477415+00:00] quotable=178 would_place=30 would_cancel=0 equity=$500.00
[DRY-RUN] [2026-08-30T07:54:24.425628+00:00] quotable=178 would_place=30 would_cancel=0 equity=$500.00
[DRY-RUN] [2026-08-30T07:55:10.506296+00:00] quotable=178 would_place=30 would_cancel=0 equity=$500.00
[DRY-RUN] [2026-08-30T07:55:56.770025+00:00] quotable=178 would_place=30 would_cancel=0 equity=$500.00
[DRY-RUN] [2026-08-30T07:56:43.005695+00:00] quotable=178 would_place=30 would_cancel=0 equity=$500.00
[DRY-RUN] [2026-08-30T07:57:29.093600+00:00] quotable=178 would_place=30 would_cancel=0 equity=$500.00
universe refreshed: 173 quotable market(s)
[DRY-RUN] [2026-08-30T07:58:20.016726+00:00] quotable=173 would_place=26 would_cancel=0 equity=$500.00
[DRY-RUN] [2026-08-30T07:59:08.191568+00:00] quotable=173 would_place=26 would_cancel=0 equity=$500.00
[DRY-RUN] [2026-08-30T07:59:54.536539+00:00] quotable=173 would_place=26 would_cancel=0 equity=$500.00
[DRY-RUN] [2026-08-30T08:00:40.650476+00:00] quotable=173 would_place=26 would_cancel=0 equity=$500.00
[DRY-RUN] [2026-08-30T08:01:26.936635+00:00] quotable=173 would_place=26 would_cancel=0 equity=$500.00
[DRY-RUN] [2026-08-30T08:02:13.227910+00:00] quotable=173 would_place=26 would_cancel=0 equity=$500.00
[DRY-RUN] [2026-08-30T08:02:59.394333+00:00] quotable=173 would_place=26 would_cancel=0 equity=$500.00
[DRY-RUN] [2026-08-30T08:03:45.654441+00:00] quotable=173 would_place=26 would_cancel=0 equity=$500.00
[DRY-RUN] [2026-08-30T08:04:32.063405+00:00] quotable=173 would_place=26 would_cancel=0 equity=$500.00
[DRY-RUN] [2026-08-30T08:05:18.313474+00:00] quotable=173 would_place=26 would_cancel=0 equity=$500.00
[DRY-RUN] [2026-08-30T08:06:04.424825+00:00] quotable=173 would_place=26 would_cancel=0 equity=$500.00
[DRY-RUN] [2026-08-30T08:06:50.544769+00:00] quotable=173 would_place=26 would_cancel=0 equity=$500.00
[DRY-RUN] [2026-08-30T08:07:36.683259+00:00] quotable=173 would_place=26 would_cancel=0 equity=$500.00
[DRY-RUN] [2026-08-30T08:08:22.940635+00:00] quotable=173 would_place=26 would_cancel=0 equity=$500.00
[DRY-RUN] [2026-08-30T08:09:09.057827+00:00] quotable=173 would_place=26 would_cancel=0 equity=$500.00
[DRY-RUN] [2026-08-30T08:09:55.144729+00:00] quotable=173 would_place=26 would_cancel=0 equity=$500.00
[DRY-RUN] [2026-08-30T08:10:41.054718+00:00] quotable=173 would_place=26 would_cancel=0 equity=$500.00
[DRY-RUN] [2026-08-30T08:11:26.986055+00:00] quotable=173 would_place=26 would_cancel=0 equity=$500.00
[DRY-RUN] [2026-08-30T08:12:13.088728+00:00] quotable=173 would_place=26 would_cancel=0 equity=$500.00
[DRY-RUN] [2026-08-30T08:12:59.201459+00:00] quotable=173 would_place=26 would_cancel=0 equity=$500.00
[DRY-RUN] [2026-08-30T08:13:45.346838+00:00] quotable=173 would_place=26 would_cancel=0 equity=$500.00
[DRY-RUN] [2026-08-30T08:14:41.435591+00:00] quotable=173 would_place=26 would_cancel=0 equity=$500.00
[DRY-RUN] [2026-08-30T08:15:27.813014+00:00] quotable=173 would_place=26 would_cancel=0 equity=$500.00
[DRY-RUN] [2026-08-30T08:16:13.885555+00:00] quotable=173 would_place=26 would_cancel=0 equity=$500.00
[DRY-RUN] [2026-08-30T08:17:00.301680+00:00] quotable=173 would_place=26 would_cancel=0 equity=$500.00
[DRY-RUN] [2026-08-30T08:17:46.682714+00:00] quotable=173 would_place=26 would_cancel=0 equity=$500.00
[DRY-RUN] [2026-08-30T08:18:32.766515+00:00] quotable=173 would_place=26 would_cancel=0 equity=$500.00
[DRY-RUN] [2026-08-30T08:19:19.242379+00:00] quotable=173 would_place=26 would_cancel=0 equity=$500.00
[DRY-RUN] [2026-08-30T08:20:05.549264+00:00] quotable=173 would_place=26 would_cancel=0 equity=$500.00
[DRY-RUN] [2026-08-30T08:20:51.687499+00:00] quotable=173 would_place=26 would_cancel=0 equity=$500.00
[DRY-RUN] [2026-08-30T08:21:38.071969+00:00] quotable=173 would_place=26 would_cancel=0 equity=$500.00
[DRY-RUN] [2026-08-30T08:22:24.326099+00:00] quotable=173 would_place=26 would_cancel=0 equity=$500.00
[DRY-RUN] [2026-08-30T08:23:10.404949+00:00] quotable=173 would_place=26 would_cancel=0 equity=$500.00
[DRY-RUN] [2026-08-30T08:23:56.869939+00:00] quotable=173 would_place=26 would_cancel=0 equity=$500.00
[DRY-RUN] [2026-08-30T08:24:43.281321+00:00] quotable=173 would_place=26 would_cancel=0 equity=$500.00
[DRY-RUN] [2026-08-30T08:25:29.440529+00:00] quotable=173 would_place=26 would_cancel=0 equity=$500.00
[DRY-RUN] [2026-08-30T08:26:15.743359+00:00] quotable=173 would_place=26 would_cancel=0 equity=$500.00
[DRY-RUN] [2026-08-30T08:27:01.835475+00:00] quotable=173 would_place=26 would_cancel=0 equity=$500.00
[DRY-RUN] [2026-08-30T08:27:48.181129+00:00] quotable=173 would_place=26 would_cancel=0 equity=$500.00
universe refreshed: 172 quotable market(s)
[DRY-RUN] [2026-08-30T08:28:40.586872+00:00] quotable=172 would_place=26 would_cancel=0 equity=$500.00
[DRY-RUN] [2026-08-30T08:29:29.978812+00:00] quotable=172 would_place=26 would_cancel=0 equity=$500.00
[DRY-RUN] [2026-08-30T08:30:16.228330+00:00] quotable=172 would_place=26 would_cancel=0 equity=$500.00
[DRY-RUN] [2026-08-30T08:31:02.331937+00:00] quotable=172 would_place=26 would_cancel=0 equity=$500.00
[DRY-RUN] [2026-08-30T08:31:58.443328+00:00] quotable=172 would_place=26 would_cancel=0 equity=$500.00
[DRY-RUN] [2026-08-30T08:32:44.713940+00:00] quotable=172 would_place=26 would_cancel=0 equity=$500.00
[DRY-RUN] [2026-08-30T08:33:30.790383+00:00] quotable=172 would_place=26 would_cancel=0 equity=$500.00
[DRY-RUN] [2026-08-30T08:34:16.933979+00:00] quotable=172 would_place=26 would_cancel=0 equity=$500.00
[DRY-RUN] [2026-08-30T08:35:03.072464+00:00] quotable=172 would_place=26 would_cancel=0 equity=$500.00
[DRY-RUN] [2026-08-30T08:35:49.439701+00:00] quotable=172 would_place=26 would_cancel=0 equity=$500.00
[DRY-RUN] [2026-08-30T08:36:35.509754+00:00] quotable=172 would_place=26 would_cancel=0 equity=$500.00
[DRY-RUN] [2026-08-30T08:37:21.637848+00:00] quotable=172 would_place=26 would_cancel=0 equity=$500.00
[DRY-RUN] [2026-08-30T08:38:07.817431+00:00] quotable=172 would_place=26 would_cancel=0 equity=$500.00
[DRY-RUN] [2026-08-30T08:38:53.997245+00:00] quotable=172 would_place=26 would_cancel=0 equity=$500.00
[DRY-RUN] [2026-08-30T08:39:40.376132+00:00] quotable=172 would_place=26 would_cancel=0 equity=$500.00
[DRY-RUN] [2026-08-30T08:40:26.538934+00:00] quotable=172 would_place=28 would_cancel=0 equity=$500.00
[DRY-RUN] [2026-08-30T08:41:13.011157+00:00] quotable=172 would_place=28 would_cancel=0 equity=$500.00
[DRY-RUN] [2026-08-30T08:41:59.221439+00:00] quotable=172 would_place=28 would_cancel=0 equity=$500.00
[DRY-RUN] [2026-08-30T08:42:58.211721+00:00] quotable=172 would_place=26 would_cancel=0 equity=$500.00
[DRY-RUN] [2026-08-30T08:43:44.321220+00:00] quotable=172 would_place=26 would_cancel=0 equity=$500.00
[DRY-RUN] [2026-08-30T08:44:30.444831+00:00] quotable=172 would_place=26 would_cancel=0 equity=$500.00
[DRY-RUN] [2026-08-30T08:45:16.533325+00:00] quotable=172 would_place=26 would_cancel=0 equity=$500.00
[DRY-RUN] [2026-08-30T08:46:02.916977+00:00] quotable=172 would_place=26 would_cancel=0 equity=$500.00
[DRY-RUN] [2026-08-30T08:46:49.525186+00:00] quotable=172 would_place=26 would_cancel=0 equity=$500.00
[DRY-RUN] [2026-08-30T08:47:36.081403+00:00] quotable=172 would_place=26 would_cancel=0 equity=$500.00
[DRY-RUN] [2026-08-30T08:48:22.220756+00:00] quotable=172 would_place=26 would_cancel=0 equity=$500.00
[DRY-RUN] [2026-08-30T08:49:08.306039+00:00] quotable=172 would_place=26 would_cancel=0 equity=$500.00
[DRY-RUN] [2026-08-30T08:49:54.239896+00:00] quotable=172 would_place=26 would_cancel=0 equity=$500.00
[DRY-RUN] [2026-08-30T08:50:40.508073+00:00] quotable=172 would_place=26 would_cancel=0 equity=$500.00
[DRY-RUN] [2026-08-30T08:51:26.610702+00:00] quotable=172 would_place=26 would_cancel=0 equity=$500.00
[DRY-RUN] [2026-08-30T08:52:12.708722+00:00] quotable=172 would_place=26 would_cancel=0 equity=$500.00
[DRY-RUN] [2026-08-30T08:52:58.798710+00:00] quotable=172 would_place=26 would_cancel=0 equity=$500.00
[DRY-RUN] [2026-08-30T08:53:44.898514+00:00] quotable=172 would_place=26 would_cancel=0 equity=$500.00
[DRY-RUN] [2026-08-30T08:54:31.039686+00:00] quotable=172 would_place=26 would_cancel=0 equity=$500.00
[DRY-RUN] [2026-08-30T08:55:17.209560+00:00] quotable=172 would_place=26 would_cancel=0 equity=$500.00
[DRY-RUN] [2026-08-30T08:56:03.537457+00:00] quotable=172 would_place=26 would_cancel=0 equity=$500.00
[DRY-RUN] [2026-08-30T08:56:49.912684+00:00] quotable=172 would_place=26 would_cancel=0 equity=$500.00
[DRY-RUN] [2026-08-30T08:57:36.009525+00:00] quotable=172 would_place=26 would_cancel=0 equity=$500.00
[DRY-RUN] [2026-08-30T08:58:22.242845+00:00] quotable=172 would_place=26 would_cancel=0 equity=$500.00
universe refreshed: 168 quotable market(s)
[DRY-RUN] [2026-08-30T08:59:15.015689+00:00] quotable=168 would_place=30 would_cancel=0 equity=$500.00
[DRY-RUN] [2026-08-30T09:00:05.644377+00:00] quotable=168 would_place=30 would_cancel=0 equity=$500.00
[DRY-RUN] [2026-08-30T09:00:51.739830+00:00] quotable=168 would_place=30 would_cancel=0 equity=$500.00
[DRY-RUN] [2026-08-30T09:01:37.846061+00:00] quotable=168 would_place=30 would_cancel=0 equity=$500.00
[DRY-RUN] [2026-08-30T09:02:34.262648+00:00] quotable=168 would_place=30 would_cancel=0 equity=$500.00
[DRY-RUN] [2026-08-30T09:03:20.548456+00:00] quotable=168 would_place=30 would_cancel=0 equity=$500.00
[DRY-RUN] [2026-08-30T09:04:06.875023+00:00] quotable=168 would_place=30 would_cancel=0 equity=$500.00
[DRY-RUN] [2026-08-30T09:04:53.270408+00:00] quotable=168 would_place=30 would_cancel=0 equity=$500.00
[DRY-RUN] [2026-08-30T09:05:39.349964+00:00] quotable=168 would_place=30 would_cancel=0 equity=$500.00
[DRY-RUN] [2026-08-30T09:06:25.834261+00:00] quotable=168 would_place=30 would_cancel=0 equity=$500.00
[DRY-RUN] [2026-08-30T09:07:11.951759+00:00] quotable=168 would_place=30 would_cancel=0 equity=$500.00
[DRY-RUN] [2026-08-30T09:07:58.114816+00:00] quotable=168 would_place=30 would_cancel=0 equity=$500.00
[DRY-RUN] [2026-08-30T09:08:44.039595+00:00] quotable=168 would_place=30 would_cancel=0 equity=$500.00
[DRY-RUN] [2026-08-30T09:09:30.177488+00:00] quotable=168 would_place=30 would_cancel=0 equity=$500.00
[DRY-RUN] [2026-08-30T09:10:16.288449+00:00] quotable=168 would_place=30 would_cancel=0 equity=$500.00
[DRY-RUN] [2026-08-30T09:11:02.385460+00:00] quotable=168 would_place=30 would_cancel=0 equity=$500.00
[DRY-RUN] [2026-08-30T09:11:48.549498+00:00] quotable=168 would_place=30 would_cancel=0 equity=$500.00
[DRY-RUN] [2026-08-30T09:12:34.660123+00:00] quotable=168 would_place=30 would_cancel=0 equity=$500.00
[DRY-RUN] [2026-08-30T09:13:20.825208+00:00] quotable=168 would_place=30 would_cancel=0 equity=$500.00
[DRY-RUN] [2026-08-30T09:14:06.912260+00:00] quotable=168 would_place=30 would_cancel=0 equity=$500.00
[DRY-RUN] [2026-08-30T09:15:03.028889+00:00] quotable=168 would_place=30 would_cancel=0 equity=$500.00
[DRY-RUN] [2026-08-30T09:15:49.515868+00:00] quotable=168 would_place=30 would_cancel=0 equity=$500.00
[DRY-RUN] [2026-08-30T09:16:35.796600+00:00] quotable=168 would_place=30 would_cancel=0 equity=$500.00
[DRY-RUN] [2026-08-30T09:17:22.085746+00:00] quotable=168 would_place=30 would_cancel=0 equity=$500.00
[DRY-RUN] [2026-08-30T09:18:08.201294+00:00] quotable=168 would_place=30 would_cancel=0 equity=$500.00
[DRY-RUN] [2026-08-30T09:19:04.323477+00:00] quotable=168 would_place=30 would_cancel=0 equity=$500.00
[DRY-RUN] [2026-08-30T09:19:50.423690+00:00] quotable=168 would_place=30 would_cancel=0 equity=$500.00
[DRY-RUN] [2026-08-30T09:20:46.511854+00:00] quotable=168 would_place=30 would_cancel=0 equity=$500.00
[DRY-RUN] [2026-08-30T09:21:32.587641+00:00] quotable=168 would_place=30 would_cancel=0 equity=$500.00
[DRY-RUN] [2026-08-30T09:22:18.728647+00:00] quotable=168 would_place=30 would_cancel=0 equity=$500.00
[DRY-RUN] [2026-08-30T09:23:04.816512+00:00] quotable=168 would_place=30 would_cancel=0 equity=$500.00
[DRY-RUN] [2026-08-30T09:23:51.058149+00:00] quotable=168 would_place=30 would_cancel=0 equity=$500.00
[DRY-RUN] [2026-08-30T09:24:37.314179+00:00] quotable=168 would_place=30 would_cancel=0 equity=$500.00
[DRY-RUN] [2026-08-30T09:25:23.418473+00:00] quotable=168 would_place=30 would_cancel=0 equity=$500.00
[DRY-RUN] [2026-08-30T09:26:19.510419+00:00] quotable=168 would_place=30 would_cancel=0 equity=$500.00
[DRY-RUN] [2026-08-30T09:27:05.625602+00:00] quotable=168 would_place=30 would_cancel=0 equity=$500.00
[DRY-RUN] [2026-08-30T09:27:51.725741+00:00] quotable=168 would_place=30 would_cancel=0 equity=$500.00
[DRY-RUN] [2026-08-30T09:28:37.856139+00:00] quotable=168 would_place=30 would_cancel=0 equity=$500.00
universe refreshed: 158 quotable market(s)
[DRY-RUN] [2026-08-30T09:29:28.491086+00:00] quotable=158 would_place=32 would_cancel=0 equity=$500.00
[DRY-RUN] [2026-08-30T09:30:16.717774+00:00] quotable=158 would_place=32 would_cancel=0 equity=$500.00
[DRY-RUN] [2026-08-30T09:31:03.118894+00:00] quotable=158 would_place=32 would_cancel=0 equity=$500.00
[DRY-RUN] [2026-08-30T09:31:49.209949+00:00] quotable=158 would_place=32 would_cancel=0 equity=$500.00
[DRY-RUN] [2026-08-30T09:32:35.645897+00:00] quotable=158 would_place=32 would_cancel=0 equity=$500.00
[DRY-RUN] [2026-08-30T09:33:21.741240+00:00] quotable=158 would_place=32 would_cancel=0 equity=$500.00
[DRY-RUN] [2026-08-30T09:34:17.839702+00:00] quotable=158 would_place=32 would_cancel=0 equity=$500.00
[DRY-RUN] [2026-08-30T09:35:03.919238+00:00] quotable=158 would_place=32 would_cancel=0 equity=$500.00
[DRY-RUN] [2026-08-30T09:36:00.025752+00:00] quotable=158 would_place=32 would_cancel=0 equity=$500.00
[DRY-RUN] [2026-08-30T09:36:46.580133+00:00] quotable=158 would_place=32 would_cancel=0 equity=$500.00
[DRY-RUN] [2026-08-30T09:37:42.708286+00:00] quotable=158 would_place=32 would_cancel=0 equity=$500.00
[DRY-RUN] [2026-08-30T09:38:28.786090+00:00] quotable=158 would_place=32 would_cancel=0 equity=$500.00
[DRY-RUN] [2026-08-30T09:39:14.892495+00:00] quotable=158 would_place=32 would_cancel=0 equity=$500.00
[DRY-RUN] [2026-08-30T09:40:01.026722+00:00] quotable=158 would_place=32 would_cancel=0 equity=$500.00
[DRY-RUN] [2026-08-30T09:40:47.483016+00:00] quotable=158 would_place=32 would_cancel=0 equity=$500.00
[DRY-RUN] [2026-08-30T09:41:33.863569+00:00] quotable=158 would_place=32 would_cancel=0 equity=$500.00
[DRY-RUN] [2026-08-30T09:42:19.953229+00:00] quotable=158 would_place=32 would_cancel=0 equity=$500.00
[DRY-RUN] [2026-08-30T09:43:06.420213+00:00] quotable=158 would_place=32 would_cancel=0 equity=$500.00
[DRY-RUN] [2026-08-30T09:43:52.836818+00:00] quotable=158 would_place=32 would_cancel=0 equity=$500.00
[DRY-RUN] [2026-08-30T09:44:48.961846+00:00] quotable=158 would_place=32 would_cancel=0 equity=$500.00
[DRY-RUN] [2026-08-30T09:45:34.878486+00:00] quotable=158 would_place=32 would_cancel=0 equity=$500.00
[DRY-RUN] [2026-08-30T09:46:20.967096+00:00] quotable=158 would_place=32 would_cancel=0 equity=$500.00
[DRY-RUN] [2026-08-30T09:47:07.330275+00:00] quotable=158 would_place=32 would_cancel=0 equity=$500.00
[DRY-RUN] [2026-08-30T09:47:53.431834+00:00] quotable=158 would_place=32 would_cancel=0 equity=$500.00
[DRY-RUN] [2026-08-30T09:48:39.783304+00:00] quotable=158 would_place=32 would_cancel=0 equity=$500.00
[DRY-RUN] [2026-08-30T09:49:25.864141+00:00] quotable=158 would_place=32 would_cancel=0 equity=$500.00
[DRY-RUN] [2026-08-30T09:50:11.933180+00:00] quotable=158 would_place=32 would_cancel=0 equity=$500.00
[DRY-RUN] [2026-08-30T09:50:58.033970+00:00] quotable=158 would_place=32 would_cancel=0 equity=$500.00
[DRY-RUN] [2026-08-30T09:51:44.135843+00:00] quotable=158 would_place=32 would_cancel=0 equity=$500.00
[DRY-RUN] [2026-08-30T09:52:30.237134+00:00] quotable=158 would_place=32 would_cancel=0 equity=$500.00
[DRY-RUN] [2026-08-30T09:53:16.319617+00:00] quotable=158 would_place=32 would_cancel=0 equity=$500.00
[DRY-RUN] [2026-08-30T09:54:02.411910+00:00] quotable=158 would_place=32 would_cancel=0 equity=$500.00
[DRY-RUN] [2026-08-30T09:54:48.715018+00:00] quotable=158 would_place=32 would_cancel=0 equity=$500.00
[DRY-RUN] [2026-08-30T09:55:34.951080+00:00] quotable=158 would_place=32 would_cancel=0 equity=$500.00
[DRY-RUN] [2026-08-30T09:56:21.326381+00:00] quotable=158 would_place=32 would_cancel=0 equity=$500.00
[DRY-RUN] [2026-08-30T09:57:07.451736+00:00] quotable=158 would_place=32 would_cancel=0 equity=$500.00
[DRY-RUN] [2026-08-30T09:57:53.723152+00:00] quotable=158 would_place=32 would_cancel=0 equity=$500.00
[DRY-RUN] [2026-08-30T09:58:39.798650+00:00] quotable=158 would_place=32 would_cancel=0 equity=$500.00
[DRY-RUN] [2026-08-30T09:59:26.078671+00:00] quotable=158 would_place=32 would_cancel=0 equity=$500.00
universe refreshed: 157 quotable market(s)
[DRY-RUN] [2026-08-30T10:00:18.790841+00:00] quotable=157 would_place=26 would_cancel=0 equity=$500.00
[DRY-RUN] [2026-08-30T10:01:11.738039+00:00] quotable=157 would_place=26 would_cancel=0 equity=$500.00
[DRY-RUN] [2026-08-30T10:01:57.856886+00:00] quotable=157 would_place=26 would_cancel=0 equity=$500.00
[DRY-RUN] [2026-08-30T10:02:43.930803+00:00] quotable=157 would_place=26 would_cancel=0 equity=$500.00
[DRY-RUN] [2026-08-30T10:03:30.081775+00:00] quotable=157 would_place=26 would_cancel=0 equity=$500.00
[DRY-RUN] [2026-08-30T10:04:16.183173+00:00] quotable=157 would_place=26 would_cancel=0 equity=$500.00
[DRY-RUN] [2026-08-30T10:05:02.301230+00:00] quotable=157 would_place=26 would_cancel=0 equity=$500.00
[DRY-RUN] [2026-08-30T10:05:48.570842+00:00] quotable=157 would_place=26 would_cancel=0 equity=$500.00
[DRY-RUN] [2026-08-30T10:06:34.830082+00:00] quotable=157 would_place=26 would_cancel=0 equity=$500.00
[DRY-RUN] [2026-08-30T10:07:20.915408+00:00] quotable=157 would_place=26 would_cancel=0 equity=$500.00
[DRY-RUN] [2026-08-30T10:08:07.013730+00:00] quotable=157 would_place=26 would_cancel=0 equity=$500.00
[DRY-RUN] [2026-08-30T10:08:53.407576+00:00] quotable=157 would_place=26 would_cancel=0 equity=$500.00
[DRY-RUN] [2026-08-30T10:09:39.515294+00:00] quotable=157 would_place=26 would_cancel=0 equity=$500.00
[DRY-RUN] [2026-08-30T10:10:25.639549+00:00] quotable=157 would_place=26 would_cancel=0 equity=$500.00
[DRY-RUN] [2026-08-30T10:11:11.747691+00:00] quotable=157 would_place=26 would_cancel=0 equity=$500.00
[DRY-RUN] [2026-08-30T10:11:57.851877+00:00] quotable=157 would_place=26 would_cancel=0 equity=$500.00
[DRY-RUN] [2026-08-30T10:12:44.088660+00:00] quotable=157 would_place=26 would_cancel=0 equity=$500.00
[DRY-RUN] [2026-08-30T10:13:30.201338+00:00] quotable=157 would_place=26 would_cancel=0 equity=$500.00
[DRY-RUN] [2026-08-30T10:14:16.134292+00:00] quotable=157 would_place=26 would_cancel=0 equity=$500.00
[DRY-RUN] [2026-08-30T10:15:12.231945+00:00] quotable=157 would_place=26 would_cancel=0 equity=$500.00
[DRY-RUN] [2026-08-30T10:15:58.482966+00:00] quotable=157 would_place=26 would_cancel=0 equity=$500.00
[DRY-RUN] [2026-08-30T10:16:44.650361+00:00] quotable=157 would_place=26 would_cancel=0 equity=$500.00
[DRY-RUN] [2026-08-30T10:17:31.157914+00:00] quotable=157 would_place=26 would_cancel=0 equity=$500.00
[DRY-RUN] [2026-08-30T10:18:17.717593+00:00] quotable=157 would_place=26 would_cancel=0 equity=$500.00
[DRY-RUN] [2026-08-30T10:19:03.818869+00:00] quotable=157 would_place=26 would_cancel=0 equity=$500.00
[DRY-RUN] [2026-08-30T10:19:50.507564+00:00] quotable=157 would_place=26 would_cancel=0 equity=$500.00
[DRY-RUN] [2026-08-30T10:20:36.594366+00:00] quotable=157 would_place=26 would_cancel=0 equity=$500.00
[DRY-RUN] [2026-08-30T10:21:22.680187+00:00] quotable=157 would_place=26 would_cancel=0 equity=$500.00
[DRY-RUN] [2026-08-30T10:22:08.762569+00:00] quotable=157 would_place=26 would_cancel=0 equity=$500.00
[DRY-RUN] [2026-08-30T10:22:54.849761+00:00] quotable=157 would_place=26 would_cancel=0 equity=$500.00
[DRY-RUN] [2026-08-30T10:23:41.249834+00:00] quotable=157 would_place=26 would_cancel=0 equity=$500.00
[DRY-RUN] [2026-08-30T10:24:27.335335+00:00] quotable=157 would_place=26 would_cancel=0 equity=$500.00
[DRY-RUN] [2026-08-30T10:25:13.430191+00:00] quotable=157 would_place=26 would_cancel=0 equity=$500.00
[DRY-RUN] [2026-08-30T10:25:59.573657+00:00] quotable=157 would_place=26 would_cancel=0 equity=$500.00
[DRY-RUN] [2026-08-30T10:26:55.709738+00:00] quotable=157 would_place=26 would_cancel=0 equity=$500.00
[DRY-RUN] [2026-08-30T10:27:51.820483+00:00] quotable=157 would_place=26 would_cancel=0 equity=$500.00
[DRY-RUN] [2026-08-30T10:28:37.926195+00:00] quotable=157 would_place=26 would_cancel=0 equity=$500.00
[DRY-RUN] [2026-08-30T10:29:24.060354+00:00] quotable=157 would_place=26 would_cancel=0 equity=$500.00
[DRY-RUN] [2026-08-30T10:30:10.205589+00:00] quotable=157 would_place=26 would_cancel=0 equity=$500.00
universe refreshed: 157 quotable market(s)
[DRY-RUN] [2026-08-30T10:31:01.512715+00:00] quotable=157 would_place=28 would_cancel=0 equity=$500.00
[DRY-RUN] [2026-08-30T10:31:50.555964+00:00] quotable=157 would_place=28 would_cancel=0 equity=$500.00
[DRY-RUN] [2026-08-30T10:32:37.340491+00:00] quotable=157 would_place=28 would_cancel=0 equity=$500.00
[DRY-RUN] [2026-08-30T10:33:23.730480+00:00] quotable=157 would_place=28 would_cancel=0 equity=$500.00
[DRY-RUN] [2026-08-30T10:34:19.842235+00:00] quotable=157 would_place=28 would_cancel=0 equity=$500.00
[DRY-RUN] [2026-08-30T10:35:05.915078+00:00] quotable=157 would_place=28 would_cancel=0 equity=$500.00
[DRY-RUN] [2026-08-30T10:35:52.072740+00:00] quotable=157 would_place=28 would_cancel=0 equity=$500.00
[DRY-RUN] [2026-08-30T10:36:38.083169+00:00] quotable=157 would_place=28 would_cancel=0 equity=$500.00
[DRY-RUN] [2026-08-30T10:37:34.349747+00:00] quotable=157 would_place=28 would_cancel=0 equity=$500.00
[DRY-RUN] [2026-08-30T10:38:20.627809+00:00] quotable=157 would_place=28 would_cancel=0 equity=$500.00
[DRY-RUN] [2026-08-30T10:39:06.730687+00:00] quotable=157 would_place=28 would_cancel=0 equity=$500.00
[DRY-RUN] [2026-08-30T10:39:53.030704+00:00] quotable=157 would_place=28 would_cancel=0 equity=$500.00
[DRY-RUN] [2026-08-30T10:40:49.298904+00:00] quotable=157 would_place=28 would_cancel=0 equity=$500.00
[DRY-RUN] [2026-08-30T10:41:35.410374+00:00] quotable=157 would_place=28 would_cancel=0 equity=$500.00
[DRY-RUN] [2026-08-30T10:42:21.528864+00:00] quotable=157 would_place=28 would_cancel=0 equity=$500.00
[DRY-RUN] [2026-08-30T10:43:07.884471+00:00] quotable=157 would_place=28 would_cancel=0 equity=$500.00
[DRY-RUN] [2026-08-30T10:43:53.967952+00:00] quotable=157 would_place=28 would_cancel=0 equity=$500.00
[DRY-RUN] [2026-08-30T10:44:40.038221+00:00] quotable=157 would_place=28 would_cancel=0 equity=$500.00
[DRY-RUN] [2026-08-30T10:45:26.190929+00:00] quotable=157 would_place=28 would_cancel=0 equity=$500.00
[DRY-RUN] [2026-08-30T10:46:12.262699+00:00] quotable=157 would_place=28 would_cancel=0 equity=$500.00
[DRY-RUN] [2026-08-30T10:46:58.564538+00:00] quotable=157 would_place=28 would_cancel=0 equity=$500.00
[DRY-RUN] [2026-08-30T10:47:44.650902+00:00] quotable=157 would_place=28 would_cancel=0 equity=$500.00
[DRY-RUN] [2026-08-30T10:48:30.758949+00:00] quotable=157 would_place=28 would_cancel=0 equity=$500.00
[DRY-RUN] [2026-08-30T10:49:16.839843+00:00] quotable=157 would_place=28 would_cancel=0 equity=$500.00
[DRY-RUN] [2026-08-30T10:50:02.764388+00:00] quotable=157 would_place=28 would_cancel=0 equity=$500.00
[DRY-RUN] [2026-08-30T10:50:49.020772+00:00] quotable=157 would_place=28 would_cancel=0 equity=$500.00
[DRY-RUN] [2026-08-30T10:51:35.292721+00:00] quotable=157 would_place=28 would_cancel=0 equity=$500.00
[DRY-RUN] [2026-08-30T10:52:21.483221+00:00] quotable=157 would_place=28 would_cancel=0 equity=$500.00
[DRY-RUN] [2026-08-30T10:53:07.633284+00:00] quotable=157 would_place=28 would_cancel=0 equity=$500.00
[DRY-RUN] [2026-08-30T10:53:53.744629+00:00] quotable=157 would_place=28 would_cancel=0 equity=$500.00
[DRY-RUN] [2026-08-30T10:54:40.152106+00:00] quotable=157 would_place=28 would_cancel=0 equity=$500.00
[DRY-RUN] [2026-08-30T10:55:26.550394+00:00] quotable=157 would_place=28 would_cancel=0 equity=$500.00
[DRY-RUN] [2026-08-30T10:56:12.634842+00:00] quotable=157 would_place=28 would_cancel=0 equity=$500.00
[DRY-RUN] [2026-08-30T10:56:58.771680+00:00] quotable=157 would_place=28 would_cancel=0 equity=$500.00
[DRY-RUN] [2026-08-30T10:57:54.863295+00:00] quotable=157 would_place=28 would_cancel=0 equity=$500.00
[DRY-RUN] [2026-08-30T10:58:40.983195+00:00] quotable=157 would_place=28 would_cancel=0 equity=$500.00
[DRY-RUN] [2026-08-30T10:59:27.170414+00:00] quotable=157 would_place=28 would_cancel=0 equity=$500.00
[DRY-RUN] [2026-08-30T11:00:13.415575+00:00] quotable=157 would_place=28 would_cancel=0 equity=$500.00
[DRY-RUN] [2026-08-30T11:00:59.514413+00:00] quotable=157 would_place=28 would_cancel=0 equity=$500.00
universe refreshed: 141 quotable market(s)
[DRY-RUN] [2026-08-30T11:01:50.675472+00:00] quotable=141 would_place=28 would_cancel=0 equity=$500.00
[DRY-RUN] [2026-08-30T11:02:40.090602+00:00] quotable=141 would_place=28 would_cancel=0 equity=$500.00
[DRY-RUN] [2026-08-30T11:03:26.326967+00:00] quotable=141 would_place=28 would_cancel=0 equity=$500.00
[DRY-RUN] [2026-08-30T11:04:12.968489+00:00] quotable=141 would_place=28 would_cancel=0 equity=$500.00
[DRY-RUN] [2026-08-30T11:04:59.252151+00:00] quotable=141 would_place=28 would_cancel=0 equity=$500.00
[DRY-RUN] [2026-08-30T11:05:45.650094+00:00] quotable=141 would_place=28 would_cancel=0 equity=$500.00
[DRY-RUN] [2026-08-30T11:06:31.790577+00:00] quotable=141 would_place=28 would_cancel=0 equity=$500.00
[DRY-RUN] [2026-08-30T11:07:17.869670+00:00] quotable=141 would_place=28 would_cancel=0 equity=$500.00
[DRY-RUN] [2026-08-30T11:08:14.057301+00:00] quotable=141 would_place=28 would_cancel=0 equity=$500.00
[DRY-RUN] [2026-08-30T11:09:10.403627+00:00] quotable=141 would_place=28 would_cancel=0 equity=$500.00
[DRY-RUN] [2026-08-30T11:09:56.506110+00:00] quotable=141 would_place=28 would_cancel=0 equity=$500.00
[DRY-RUN] [2026-08-30T11:10:42.663969+00:00] quotable=141 would_place=28 would_cancel=0 equity=$500.00
[DRY-RUN] [2026-08-30T11:11:28.757432+00:00] quotable=141 would_place=28 would_cancel=0 equity=$500.00
[DRY-RUN] [2026-08-30T11:12:14.839209+00:00] quotable=141 would_place=28 would_cancel=0 equity=$500.00
[DRY-RUN] [2026-08-30T11:13:01.058701+00:00] quotable=141 would_place=28 would_cancel=0 equity=$500.00
[DRY-RUN] [2026-08-30T11:13:47.454816+00:00] quotable=141 would_place=28 would_cancel=0 equity=$500.00
[DRY-RUN] [2026-08-30T11:14:33.544726+00:00] quotable=141 would_place=28 would_cancel=0 equity=$500.00
[DRY-RUN] [2026-08-30T11:15:19.632122+00:00] quotable=141 would_place=28 would_cancel=0 equity=$500.00
[DRY-RUN] [2026-08-30T11:16:05.741353+00:00] quotable=141 would_place=28 would_cancel=0 equity=$500.00
[DRY-RUN] [2026-08-30T11:16:52.558865+00:00] quotable=141 would_place=28 would_cancel=0 equity=$500.00
[DRY-RUN] [2026-08-30T11:17:38.937810+00:00] quotable=141 would_place=28 would_cancel=0 equity=$500.00
[DRY-RUN] [2026-08-30T11:18:25.106368+00:00] quotable=141 would_place=28 would_cancel=0 equity=$500.00
[DRY-RUN] [2026-08-30T11:19:11.394223+00:00] quotable=141 would_place=28 would_cancel=0 equity=$500.00
[DRY-RUN] [2026-08-30T11:19:57.763572+00:00] quotable=141 would_place=28 would_cancel=0 equity=$500.00
[DRY-RUN] [2026-08-30T11:20:44.056945+00:00] quotable=141 would_place=28 would_cancel=0 equity=$500.00
[DRY-RUN] [2026-08-30T11:21:30.156860+00:00] quotable=141 would_place=28 would_cancel=0 equity=$500.00
[DRY-RUN] [2026-08-30T11:22:16.488641+00:00] quotable=141 would_place=28 would_cancel=0 equity=$500.00
[DRY-RUN] [2026-08-30T11:23:02.568014+00:00] quotable=141 would_place=28 would_cancel=0 equity=$500.00
[DRY-RUN] [2026-08-30T11:23:48.644561+00:00] quotable=141 would_place=28 would_cancel=0 equity=$500.00
[DRY-RUN] [2026-08-30T11:24:34.826532+00:00] quotable=141 would_place=28 would_cancel=0 equity=$500.00
[DRY-RUN] [2026-08-30T11:25:20.937363+00:00] quotable=141 would_place=28 would_cancel=0 equity=$500.00
[DRY-RUN] [2026-08-30T11:26:07.063884+00:00] quotable=141 would_place=28 would_cancel=0 equity=$500.00
[DRY-RUN] [2026-08-30T11:26:53.442356+00:00] quotable=141 would_place=28 would_cancel=0 equity=$500.00
[DRY-RUN] [2026-08-30T11:27:39.546391+00:00] quotable=141 would_place=28 would_cancel=0 equity=$500.00
[DRY-RUN] [2026-08-30T11:28:25.660236+00:00] quotable=141 would_place=28 would_cancel=0 equity=$500.00
[DRY-RUN] [2026-08-30T11:29:11.763881+00:00] quotable=141 would_place=28 would_cancel=0 equity=$500.00
[DRY-RUN] [2026-08-30T11:29:57.874379+00:00] quotable=141 would_place=28 would_cancel=0 equity=$500.00
[DRY-RUN] [2026-08-30T11:30:44.214170+00:00] quotable=141 would_place=28 would_cancel=0 equity=$500.00
[DRY-RUN] [2026-08-30T11:31:30.590705+00:00] quotable=141 would_place=28 would_cancel=0 equity=$500.00
universe refreshed: 143 quotable market(s)
[DRY-RUN] [2026-08-30T11:32:25.276140+00:00] quotable=143 would_place=28 would_cancel=0 equity=$500.00
[DRY-RUN] [2026-08-30T11:33:14.439553+00:00] quotable=143 would_place=28 would_cancel=0 equity=$500.00
[DRY-RUN] [2026-08-30T11:34:00.359391+00:00] quotable=143 would_place=28 would_cancel=0 equity=$500.00
[DRY-RUN] [2026-08-30T11:34:46.454536+00:00] quotable=143 would_place=28 would_cancel=0 equity=$500.00
[DRY-RUN] [2026-08-30T11:35:32.570510+00:00] quotable=143 would_place=28 would_cancel=0 equity=$500.00
[DRY-RUN] [2026-08-30T11:36:18.726697+00:00] quotable=143 would_place=28 would_cancel=0 equity=$500.00
[DRY-RUN] [2026-08-30T11:37:14.888050+00:00] quotable=143 would_place=28 would_cancel=0 equity=$500.00
[DRY-RUN] [2026-08-30T11:38:01.138724+00:00] quotable=143 would_place=28 would_cancel=0 equity=$500.00
[DRY-RUN] [2026-08-30T11:38:47.612611+00:00] quotable=143 would_place=28 would_cancel=0 equity=$500.00
[DRY-RUN] [2026-08-30T11:39:33.717837+00:00] quotable=143 would_place=28 would_cancel=0 equity=$500.00
[DRY-RUN] [2026-08-30T11:40:19.651620+00:00] quotable=143 would_place=28 would_cancel=0 equity=$500.00
[DRY-RUN] [2026-08-30T11:41:06.081021+00:00] quotable=143 would_place=28 would_cancel=0 equity=$500.00
[DRY-RUN] [2026-08-30T11:42:02.188052+00:00] quotable=143 would_place=28 would_cancel=0 equity=$500.00
[DRY-RUN] [2026-08-30T11:42:53.206594+00:00] quotable=143 would_place=28 would_cancel=0 equity=$500.00
[DRY-RUN] [2026-08-30T11:43:39.303104+00:00] quotable=143 would_place=28 would_cancel=0 equity=$500.00
[DRY-RUN] [2026-08-30T11:44:25.449295+00:00] quotable=143 would_place=28 would_cancel=0 equity=$500.00
[DRY-RUN] [2026-08-30T11:45:11.547892+00:00] quotable=143 would_place=28 would_cancel=0 equity=$500.00
[DRY-RUN] [2026-08-30T11:45:57.654853+00:00] quotable=143 would_place=28 would_cancel=0 equity=$500.00
[DRY-RUN] [2026-08-30T11:46:43.761417+00:00] quotable=143 would_place=28 would_cancel=0 equity=$500.00
[DRY-RUN] [2026-08-30T11:47:29.999421+00:00] quotable=143 would_place=28 would_cancel=0 equity=$500.00
[DRY-RUN] [2026-08-30T11:48:16.394559+00:00] quotable=143 would_place=28 would_cancel=0 equity=$500.00
[DRY-RUN] [2026-08-30T11:49:02.721643+00:00] quotable=143 would_place=28 would_cancel=0 equity=$500.00
[DRY-RUN] [2026-08-30T11:49:48.833536+00:00] quotable=143 would_place=28 would_cancel=0 equity=$500.00
[DRY-RUN] [2026-08-30T11:50:34.907550+00:00] quotable=143 would_place=28 would_cancel=0 equity=$500.00
[DRY-RUN] [2026-08-30T11:51:21.266489+00:00] quotable=143 would_place=28 would_cancel=0 equity=$500.00
[DRY-RUN] [2026-08-30T11:52:07.542710+00:00] quotable=143 would_place=28 would_cancel=0 equity=$500.00
[DRY-RUN] [2026-08-30T11:52:53.656161+00:00] quotable=143 would_place=28 would_cancel=0 equity=$500.00
[DRY-RUN] [2026-08-30T11:53:39.773936+00:00] quotable=143 would_place=28 would_cancel=0 equity=$500.00
[DRY-RUN] [2026-08-30T11:54:26.028984+00:00] quotable=143 would_place=28 would_cancel=0 equity=$500.00
[DRY-RUN] [2026-08-30T11:55:12.346807+00:00] quotable=143 would_place=28 would_cancel=0 equity=$500.00
[DRY-RUN] [2026-08-30T11:55:58.615819+00:00] quotable=143 would_place=28 would_cancel=0 equity=$500.00
[DRY-RUN] [2026-08-30T11:56:44.711536+00:00] quotable=143 would_place=28 would_cancel=0 equity=$500.00
[DRY-RUN] [2026-08-30T11:57:30.865398+00:00] quotable=143 would_place=28 would_cancel=0 equity=$500.00
[DRY-RUN] [2026-08-30T11:58:16.942060+00:00] quotable=143 would_place=28 would_cancel=0 equity=$500.00
[DRY-RUN] [2026-08-30T11:59:03.301866+00:00] quotable=143 would_place=28 would_cancel=0 equity=$500.00
[DRY-RUN] [2026-08-30T11:59:49.542477+00:00] quotable=143 would_place=28 would_cancel=0 equity=$500.00
[DRY-RUN] [2026-08-30T12:00:35.663919+00:00] quotable=143 would_place=28 would_cancel=0 equity=$500.00
[DRY-RUN] [2026-08-30T12:01:21.947996+00:00] quotable=143 would_place=28 would_cancel=0 equity=$500.00
[DRY-RUN] [2026-08-30T12:02:08.222852+00:00] quotable=143 would_place=28 would_cancel=0 equity=$500.00
universe refreshed: 131 quotable market(s)
[DRY-RUN] [2026-08-30T12:02:59.102481+00:00] quotable=131 would_place=28 would_cancel=0 equity=$500.00
[DRY-RUN] [2026-08-30T12:03:57.274833+00:00] quotable=131 would_place=28 would_cancel=0 equity=$500.00
[DRY-RUN] [2026-08-30T12:04:43.466686+00:00] quotable=131 would_place=28 would_cancel=0 equity=$500.00
[DRY-RUN] [2026-08-30T12:05:30.132258+00:00] quotable=131 would_place=28 would_cancel=0 equity=$500.00
[DRY-RUN] [2026-08-30T12:06:16.214431+00:00] quotable=131 would_place=28 would_cancel=0 equity=$500.00
[DRY-RUN] [2026-08-30T12:07:02.885294+00:00] quotable=131 would_place=28 would_cancel=0 equity=$500.00
[DRY-RUN] [2026-08-30T12:07:49.162764+00:00] quotable=131 would_place=28 would_cancel=0 equity=$500.00
[DRY-RUN] [2026-08-30T12:08:35.608277+00:00] quotable=131 would_place=28 would_cancel=0 equity=$500.00
[DRY-RUN] [2026-08-30T12:09:21.713487+00:00] quotable=131 would_place=28 would_cancel=0 equity=$500.00
[DRY-RUN] [2026-08-30T12:10:07.686433+00:00] quotable=131 would_place=28 would_cancel=0 equity=$500.00
[DRY-RUN] [2026-08-30T12:10:54.107511+00:00] quotable=131 would_place=28 would_cancel=0 equity=$500.00
[DRY-RUN] [2026-08-30T12:11:40.213020+00:00] quotable=131 would_place=28 would_cancel=0 equity=$500.00
[DRY-RUN] [2026-08-30T12:12:26.456680+00:00] quotable=131 would_place=28 would_cancel=0 equity=$500.00
[DRY-RUN] [2026-08-30T12:13:12.651414+00:00] quotable=131 would_place=28 would_cancel=0 equity=$500.00
[DRY-RUN] [2026-08-30T12:14:08.800073+00:00] quotable=131 would_place=28 would_cancel=0 equity=$500.00
[DRY-RUN] [2026-08-30T12:14:54.889379+00:00] quotable=131 would_place=28 would_cancel=0 equity=$500.00
[DRY-RUN] [2026-08-30T12:15:40.980031+00:00] quotable=131 would_place=28 would_cancel=0 equity=$500.00
[DRY-RUN] [2026-08-30T12:16:27.081157+00:00] quotable=131 would_place=28 would_cancel=0 equity=$500.00
[DRY-RUN] [2026-08-30T12:17:13.528485+00:00] quotable=131 would_place=28 would_cancel=0 equity=$500.00
[DRY-RUN] [2026-08-30T12:17:59.807556+00:00] quotable=131 would_place=28 would_cancel=0 equity=$500.00
[DRY-RUN] [2026-08-30T12:18:45.973056+00:00] quotable=131 would_place=28 would_cancel=0 equity=$500.00
[DRY-RUN] [2026-08-30T12:19:32.099352+00:00] quotable=131 would_place=28 would_cancel=0 equity=$500.00
[DRY-RUN] [2026-08-30T12:20:18.234418+00:00] quotable=131 would_place=28 would_cancel=0 equity=$500.00
[DRY-RUN] [2026-08-30T12:21:04.529080+00:00] quotable=131 would_place=28 would_cancel=0 equity=$500.00
[DRY-RUN] [2026-08-30T12:22:00.641969+00:00] quotable=131 would_place=28 would_cancel=0 equity=$500.00
[DRY-RUN] [2026-08-30T12:22:46.940973+00:00] quotable=131 would_place=28 would_cancel=0 equity=$500.00
[DRY-RUN] [2026-08-30T12:23:33.031098+00:00] quotable=131 would_place=28 would_cancel=0 equity=$500.00
[DRY-RUN] [2026-08-30T12:24:19.148390+00:00] quotable=131 would_place=28 would_cancel=0 equity=$500.00
[DRY-RUN] [2026-08-30T12:25:05.430020+00:00] quotable=131 would_place=28 would_cancel=0 equity=$500.00
[DRY-RUN] [2026-08-30T12:25:51.814761+00:00] quotable=131 would_place=28 would_cancel=0 equity=$500.00
[DRY-RUN] [2026-08-30T12:26:37.912888+00:00] quotable=131 would_place=28 would_cancel=0 equity=$500.00
[DRY-RUN] [2026-08-30T12:27:24.196621+00:00] quotable=131 would_place=28 would_cancel=0 equity=$500.00
[DRY-RUN] [2026-08-30T12:28:10.681158+00:00] quotable=131 would_place=28 would_cancel=0 equity=$500.00
[DRY-RUN] [2026-08-30T12:28:56.941959+00:00] quotable=131 would_place=28 would_cancel=0 equity=$500.00
[DRY-RUN] [2026-08-30T12:29:43.203825+00:00] quotable=131 would_place=28 would_cancel=0 equity=$500.00
[DRY-RUN] [2026-08-30T12:30:29.314603+00:00] quotable=131 would_place=28 would_cancel=0 equity=$500.00
[DRY-RUN] [2026-08-30T12:31:25.735423+00:00] quotable=131 would_place=28 would_cancel=0 equity=$500.00
[DRY-RUN] [2026-08-30T12:32:12.210159+00:00] quotable=131 would_place=28 would_cancel=0 equity=$500.00
[DRY-RUN] [2026-08-30T12:32:58.289511+00:00] quotable=131 would_place=28 would_cancel=0 equity=$500.00
universe refreshed: 127 quotable market(s)
[DRY-RUN] [2026-08-30T12:33:49.342359+00:00] quotable=127 would_place=28 would_cancel=0 equity=$500.00
[DRY-RUN] [2026-08-30T12:34:43.665420+00:00] quotable=127 would_place=28 would_cancel=0 equity=$500.00
[DRY-RUN] [2026-08-30T12:35:30.094846+00:00] quotable=127 would_place=28 would_cancel=0 equity=$500.00
[DRY-RUN] [2026-08-30T12:36:16.214695+00:00] quotable=127 would_place=28 would_cancel=0 equity=$500.00
[DRY-RUN] [2026-08-30T12:37:02.586824+00:00] quotable=127 would_place=28 would_cancel=0 equity=$500.00
[DRY-RUN] [2026-08-30T12:37:48.859821+00:00] quotable=127 would_place=28 would_cancel=0 equity=$500.00
[DRY-RUN] [2026-08-30T12:38:35.169570+00:00] quotable=127 would_place=28 would_cancel=0 equity=$500.00
[DRY-RUN] [2026-08-30T12:39:21.251767+00:00] quotable=127 would_place=28 would_cancel=0 equity=$500.00
[DRY-RUN] [2026-08-30T12:40:07.355455+00:00] quotable=127 would_place=28 would_cancel=0 equity=$500.00
[DRY-RUN] [2026-08-30T12:40:53.544100+00:00] quotable=127 would_place=28 would_cancel=0 equity=$500.00
[DRY-RUN] [2026-08-30T12:41:39.998980+00:00] quotable=127 would_place=28 would_cancel=0 equity=$500.00
[DRY-RUN] [2026-08-30T12:42:26.103447+00:00] quotable=127 would_place=28 would_cancel=0 equity=$500.00
[DRY-RUN] [2026-08-30T12:43:12.219940+00:00] quotable=127 would_place=28 would_cancel=0 equity=$500.00
[DRY-RUN] [2026-08-30T12:43:58.492676+00:00] quotable=127 would_place=28 would_cancel=0 equity=$500.00
[DRY-RUN] [2026-08-30T12:44:44.593126+00:00] quotable=127 would_place=28 would_cancel=0 equity=$500.00
[DRY-RUN] [2026-08-30T12:45:31.594530+00:00] quotable=127 would_place=28 would_cancel=0 equity=$500.00
[DRY-RUN] [2026-08-30T12:46:18.069713+00:00] quotable=127 would_place=28 would_cancel=0 equity=$500.00
[DRY-RUN] [2026-08-30T12:47:04.479440+00:00] quotable=127 would_place=28 would_cancel=0 equity=$500.00
[DRY-RUN] [2026-08-30T12:47:50.605583+00:00] quotable=127 would_place=28 would_cancel=0 equity=$500.00
[DRY-RUN] [2026-08-30T12:48:36.885148+00:00] quotable=127 would_place=28 would_cancel=0 equity=$500.00
[DRY-RUN] [2026-08-30T12:49:23.144872+00:00] quotable=127 would_place=28 would_cancel=0 equity=$500.00
[DRY-RUN] [2026-08-30T12:50:09.456410+00:00] quotable=127 would_place=28 would_cancel=0 equity=$500.00
[DRY-RUN] [2026-08-30T12:50:55.857513+00:00] quotable=127 would_place=28 would_cancel=0 equity=$500.00
[DRY-RUN] [2026-08-30T12:51:52.277473+00:00] quotable=127 would_place=28 would_cancel=0 equity=$500.00
[DRY-RUN] [2026-08-30T12:52:38.377318+00:00] quotable=127 would_place=28 would_cancel=0 equity=$500.00
[DRY-RUN] [2026-08-30T12:53:24.758228+00:00] quotable=127 would_place=28 would_cancel=0 equity=$500.00
[DRY-RUN] [2026-08-30T12:54:11.322841+00:00] quotable=127 would_place=28 would_cancel=0 equity=$500.00
[DRY-RUN] [2026-08-30T12:55:07.871205+00:00] quotable=127 would_place=28 would_cancel=0 equity=$500.00
[DRY-RUN] [2026-08-30T12:56:04.162958+00:00] quotable=127 would_place=28 would_cancel=0 equity=$500.00
[DRY-RUN] [2026-08-30T12:56:50.889586+00:00] quotable=127 would_place=28 would_cancel=0 equity=$500.00
[DRY-RUN] [2026-08-30T12:57:37.172045+00:00] quotable=127 would_place=28 would_cancel=0 equity=$500.00
[DRY-RUN] [2026-08-30T12:58:23.451877+00:00] quotable=127 would_place=28 would_cancel=0 equity=$500.00
[DRY-RUN] [2026-08-30T12:59:09.556604+00:00] quotable=127 would_place=28 would_cancel=0 equity=$500.00
[DRY-RUN] [2026-08-30T12:59:55.753980+00:00] quotable=127 would_place=28 would_cancel=0 equity=$500.00
[DRY-RUN] [2026-08-30T13:00:41.869616+00:00] quotable=127 would_place=28 would_cancel=0 equity=$500.00
[DRY-RUN] [2026-08-30T13:01:28.369032+00:00] quotable=127 would_place=28 would_cancel=0 equity=$500.00
[DRY-RUN] [2026-08-30T13:02:14.628823+00:00] quotable=127 would_place=28 would_cancel=0 equity=$500.00
[DRY-RUN] [2026-08-30T13:03:01.061403+00:00] quotable=127 would_place=28 would_cancel=0 equity=$500.00
[DRY-RUN] [2026-08-30T13:03:47.402394+00:00] quotable=127 would_place=28 would_cancel=0 equity=$500.00
universe refreshed: 112 quotable market(s)
[DRY-RUN] [2026-08-30T13:04:39.365664+00:00] quotable=112 would_place=28 would_cancel=0 equity=$500.00
[DRY-RUN] [2026-08-30T13:05:28.731609+00:00] quotable=112 would_place=28 would_cancel=0 equity=$500.00
[DRY-RUN] [2026-08-30T13:06:14.810675+00:00] quotable=112 would_place=28 would_cancel=0 equity=$500.00
[DRY-RUN] [2026-08-30T13:07:00.911361+00:00] quotable=112 would_place=28 would_cancel=0 equity=$500.00
[DRY-RUN] [2026-08-30T13:07:47.411156+00:00] quotable=112 would_place=28 would_cancel=0 equity=$500.00
[DRY-RUN] [2026-08-30T13:08:33.807558+00:00] quotable=112 would_place=28 would_cancel=0 equity=$500.00
[DRY-RUN] [2026-08-30T13:09:20.062284+00:00] quotable=112 would_place=28 would_cancel=0 equity=$500.00
[DRY-RUN] [2026-08-30T13:10:06.029477+00:00] quotable=112 would_place=28 would_cancel=0 equity=$500.00
[DRY-RUN] [2026-08-30T13:10:52.382716+00:00] quotable=112 would_place=28 would_cancel=0 equity=$500.00
[DRY-RUN] [2026-08-30T13:11:38.657400+00:00] quotable=112 would_place=28 would_cancel=0 equity=$500.00
[DRY-RUN] [2026-08-30T13:12:24.742831+00:00] quotable=112 would_place=28 would_cancel=0 equity=$500.00
[DRY-RUN] [2026-08-30T13:13:11.452517+00:00] quotable=112 would_place=28 would_cancel=0 equity=$500.00
[DRY-RUN] [2026-08-30T13:13:57.774199+00:00] quotable=112 would_place=28 would_cancel=0 equity=$500.00
[DRY-RUN] [2026-08-30T13:14:43.895768+00:00] quotable=112 would_place=28 would_cancel=0 equity=$500.00
[DRY-RUN] [2026-08-30T13:15:40.009415+00:00] quotable=112 would_place=28 would_cancel=0 equity=$500.00
[DRY-RUN] [2026-08-30T13:16:26.152693+00:00] quotable=112 would_place=28 would_cancel=0 equity=$500.00
[DRY-RUN] [2026-08-30T13:17:12.428433+00:00] quotable=112 would_place=28 would_cancel=0 equity=$500.00
[DRY-RUN] [2026-08-30T13:17:58.684443+00:00] quotable=112 would_place=28 would_cancel=0 equity=$500.00
[DRY-RUN] [2026-08-30T13:18:44.989850+00:00] quotable=112 would_place=28 would_cancel=0 equity=$500.00
[DRY-RUN] [2026-08-30T13:19:31.082510+00:00] quotable=112 would_place=28 would_cancel=0 equity=$500.00
[DRY-RUN] [2026-08-30T13:20:27.019985+00:00] quotable=112 would_place=28 would_cancel=0 equity=$500.00
[DRY-RUN] [2026-08-30T13:21:23.136289+00:00] quotable=112 would_place=28 would_cancel=0 equity=$500.00
[DRY-RUN] [2026-08-30T13:22:19.252890+00:00] quotable=112 would_place=28 would_cancel=0 equity=$500.00
[DRY-RUN] [2026-08-30T13:23:05.695547+00:00] quotable=112 would_place=28 would_cancel=0 equity=$500.00
[DRY-RUN] [2026-08-30T13:23:51.855757+00:00] quotable=112 would_place=28 would_cancel=0 equity=$500.00
[DRY-RUN] [2026-08-30T13:24:38.080872+00:00] quotable=112 would_place=28 would_cancel=0 equity=$500.00
[DRY-RUN] [2026-08-30T13:25:24.204568+00:00] quotable=112 would_place=28 would_cancel=0 equity=$500.00
[DRY-RUN] [2026-08-30T13:26:10.284002+00:00] quotable=112 would_place=28 would_cancel=0 equity=$500.00
[DRY-RUN] [2026-08-30T13:26:56.561753+00:00] quotable=112 would_place=28 would_cancel=0 equity=$500.00
[DRY-RUN] [2026-08-30T13:27:42.942150+00:00] quotable=112 would_place=28 would_cancel=0 equity=$500.00
[DRY-RUN] [2026-08-30T13:28:29.049384+00:00] quotable=112 would_place=28 would_cancel=0 equity=$500.00
[DRY-RUN] [2026-08-30T13:29:15.154419+00:00] quotable=112 would_place=28 would_cancel=0 equity=$500.00
[DRY-RUN] [2026-08-30T13:30:01.297537+00:00] quotable=112 would_place=28 would_cancel=0 equity=$500.00
[DRY-RUN] [2026-08-30T13:30:47.700226+00:00] quotable=112 would_place=28 would_cancel=0 equity=$500.00
[DRY-RUN] [2026-08-30T13:31:34.719443+00:00] quotable=112 would_place=28 would_cancel=0 equity=$500.00
[DRY-RUN] [2026-08-30T13:32:31.323111+00:00] quotable=112 would_place=28 would_cancel=0 equity=$500.00
[DRY-RUN] [2026-08-30T13:33:17.569891+00:00] quotable=112 would_place=28 would_cancel=0 equity=$500.00
[DRY-RUN] [2026-08-30T13:34:03.931709+00:00] quotable=112 would_place=28 would_cancel=0 equity=$500.00
universe refreshed: 109 quotable market(s)
[DRY-RUN] [2026-08-30T13:35:07.920936+00:00] quotable=109 would_place=32 would_cancel=0 equity=$500.00
[DRY-RUN] [2026-08-30T13:35:57.210204+00:00] quotable=109 would_place=32 would_cancel=0 equity=$500.00
[DRY-RUN] [2026-08-30T13:36:43.303991+00:00] quotable=109 would_place=32 would_cancel=0 equity=$500.00
[DRY-RUN] [2026-08-30T13:37:29.414197+00:00] quotable=109 would_place=32 would_cancel=0 equity=$500.00
[DRY-RUN] [2026-08-30T13:38:15.656340+00:00] quotable=109 would_place=32 would_cancel=0 equity=$500.00
[DRY-RUN] [2026-08-30T13:39:01.793893+00:00] quotable=109 would_place=32 would_cancel=0 equity=$500.00
[DRY-RUN] [2026-08-30T13:39:48.210257+00:00] quotable=109 would_place=32 would_cancel=0 equity=$500.00
[DRY-RUN] [2026-08-30T13:40:34.312648+00:00] quotable=109 would_place=32 would_cancel=0 equity=$500.00
[DRY-RUN] [2026-08-30T13:41:20.421760+00:00] quotable=109 would_place=32 would_cancel=0 equity=$500.00
[DRY-RUN] [2026-08-30T13:42:06.836670+00:00] quotable=109 would_place=32 would_cancel=0 equity=$500.00
[DRY-RUN] [2026-08-30T13:42:52.962003+00:00] quotable=109 would_place=32 would_cancel=0 equity=$500.00
[DRY-RUN] [2026-08-30T13:43:39.052356+00:00] quotable=109 would_place=32 would_cancel=0 equity=$500.00
[DRY-RUN] [2026-08-30T13:44:25.161608+00:00] quotable=109 would_place=32 would_cancel=0 equity=$500.00
[DRY-RUN] [2026-08-30T13:45:11.591587+00:00] quotable=109 would_place=32 would_cancel=0 equity=$500.00
[DRY-RUN] [2026-08-30T13:45:57.866843+00:00] quotable=109 would_place=32 would_cancel=0 equity=$500.00
[DRY-RUN] [2026-08-30T13:46:44.506557+00:00] quotable=109 would_place=32 would_cancel=0 equity=$500.00
[DRY-RUN] [2026-08-30T13:47:30.848695+00:00] quotable=109 would_place=32 would_cancel=0 equity=$500.00
[DRY-RUN] [2026-08-30T13:48:17.133894+00:00] quotable=109 would_place=32 would_cancel=0 equity=$500.00
[DRY-RUN] [2026-08-30T13:49:03.417455+00:00] quotable=109 would_place=32 would_cancel=0 equity=$500.00
[DRY-RUN] [2026-08-30T13:49:49.843933+00:00] quotable=109 would_place=32 would_cancel=0 equity=$500.00
[DRY-RUN] [2026-08-30T13:50:45.953515+00:00] quotable=109 would_place=32 would_cancel=0 equity=$500.00
[DRY-RUN] [2026-08-30T13:51:32.105739+00:00] quotable=109 would_place=32 would_cancel=0 equity=$500.00
[DRY-RUN] [2026-08-30T13:52:18.204226+00:00] quotable=109 would_place=32 would_cancel=0 equity=$500.00
[DRY-RUN] [2026-08-30T13:53:04.590991+00:00] quotable=109 would_place=32 would_cancel=0 equity=$500.00
[DRY-RUN] [2026-08-30T13:53:50.869131+00:00] quotable=109 would_place=32 would_cancel=0 equity=$500.00
[DRY-RUN] [2026-08-30T13:54:37.268158+00:00] quotable=109 would_place=32 would_cancel=0 equity=$500.00
[DRY-RUN] [2026-08-30T13:55:23.670598+00:00] quotable=109 would_place=32 would_cancel=0 equity=$500.00
[DRY-RUN] [2026-08-30T13:56:09.986997+00:00] quotable=109 would_place=32 would_cancel=0 equity=$500.00
[DRY-RUN] [2026-08-30T13:56:57.483352+00:00] quotable=109 would_place=32 would_cancel=0 equity=$500.00
[DRY-RUN] [2026-08-30T13:57:43.614241+00:00] quotable=109 would_place=32 would_cancel=0 equity=$500.00
[DRY-RUN] [2026-08-30T13:58:29.717366+00:00] quotable=109 would_place=32 would_cancel=0 equity=$500.00
[DRY-RUN] [2026-08-30T13:59:16.162977+00:00] quotable=109 would_place=32 would_cancel=0 equity=$500.00
[DRY-RUN] [2026-08-30T14:00:02.294723+00:00] quotable=109 would_place=32 would_cancel=0 equity=$500.00
[DRY-RUN] [2026-08-30T14:00:48.453718+00:00] quotable=109 would_place=32 would_cancel=0 equity=$500.00
[DRY-RUN] [2026-08-30T14:01:34.412440+00:00] quotable=109 would_place=32 would_cancel=0 equity=$500.00
[DRY-RUN] [2026-08-30T14:02:20.898728+00:00] quotable=109 would_place=32 would_cancel=0 equity=$500.00
[DRY-RUN] [2026-08-30T14:03:07.162520+00:00] quotable=109 would_place=32 would_cancel=0 equity=$500.00
[DRY-RUN] [2026-08-30T14:03:53.516965+00:00] quotable=109 would_place=32 would_cancel=0 equity=$500.00
[DRY-RUN] [2026-08-30T14:04:39.790878+00:00] quotable=109 would_place=32 would_cancel=0 equity=$500.00
universe refreshed: 118 quotable market(s)
[DRY-RUN] [2026-08-30T14:05:33.225271+00:00] quotable=118 would_place=32 would_cancel=0 equity=$500.00
[DRY-RUN] [2026-08-30T14:06:22.837727+00:00] quotable=118 would_place=32 would_cancel=0 equity=$500.00
[DRY-RUN] [2026-08-30T14:07:09.185096+00:00] quotable=118 would_place=32 would_cancel=0 equity=$500.00
[DRY-RUN] [2026-08-30T14:07:55.568519+00:00] quotable=118 would_place=32 would_cancel=0 equity=$500.00
[DRY-RUN] [2026-08-30T14:08:41.864113+00:00] quotable=118 would_place=32 would_cancel=0 equity=$500.00
[DRY-RUN] [2026-08-30T14:09:38.308526+00:00] quotable=118 would_place=32 would_cancel=0 equity=$500.00
[DRY-RUN] [2026-08-30T14:10:24.420084+00:00] quotable=118 would_place=32 would_cancel=0 equity=$500.00
[DRY-RUN] [2026-08-30T14:11:10.542378+00:00] quotable=118 would_place=32 would_cancel=0 equity=$500.00
[DRY-RUN] [2026-08-30T14:11:56.809339+00:00] quotable=118 would_place=32 would_cancel=0 equity=$500.00
[DRY-RUN] [2026-08-30T14:12:44.513891+00:00] quotable=118 would_place=32 would_cancel=0 equity=$500.00
[DRY-RUN] [2026-08-30T14:13:30.921415+00:00] quotable=118 would_place=32 would_cancel=0 equity=$500.00
[DRY-RUN] [2026-08-30T14:14:27.440551+00:00] quotable=118 would_place=32 would_cancel=0 equity=$500.00
[DRY-RUN] [2026-08-30T14:15:13.587030+00:00] quotable=118 would_place=32 would_cancel=0 equity=$500.00
[DRY-RUN] [2026-08-30T14:16:09.722685+00:00] quotable=118 would_place=32 would_cancel=0 equity=$500.00
[DRY-RUN] [2026-08-30T14:16:55.906837+00:00] quotable=118 would_place=32 would_cancel=0 equity=$500.00
[DRY-RUN] [2026-08-30T14:17:52.161943+00:00] quotable=118 would_place=32 would_cancel=0 equity=$500.00
[DRY-RUN] [2026-08-30T14:18:38.808615+00:00] quotable=118 would_place=32 would_cancel=0 equity=$500.00
[DRY-RUN] [2026-08-30T14:19:24.922364+00:00] quotable=118 would_place=32 would_cancel=0 equity=$500.00
[DRY-RUN] [2026-08-30T14:20:11.223225+00:00] quotable=118 would_place=32 would_cancel=0 equity=$500.00
[DRY-RUN] [2026-08-30T14:20:57.429512+00:00] quotable=118 would_place=32 would_cancel=0 equity=$500.00
[DRY-RUN] [2026-08-30T14:21:43.744059+00:00] quotable=118 would_place=32 would_cancel=0 equity=$500.00
[DRY-RUN] [2026-08-30T14:22:29.841850+00:00] quotable=118 would_place=32 would_cancel=0 equity=$500.00
[DRY-RUN] [2026-08-30T14:23:15.946563+00:00] quotable=118 would_place=32 would_cancel=0 equity=$500.00
[DRY-RUN] [2026-08-30T14:24:02.065072+00:00] quotable=118 would_place=32 would_cancel=0 equity=$500.00
[DRY-RUN] [2026-08-30T14:24:58.321998+00:00] quotable=118 would_place=32 would_cancel=0 equity=$500.00
[DRY-RUN] [2026-08-30T14:25:44.460079+00:00] quotable=118 would_place=32 would_cancel=0 equity=$500.00
[DRY-RUN] [2026-08-30T14:26:30.730637+00:00] quotable=118 would_place=32 would_cancel=0 equity=$500.00
[DRY-RUN] [2026-08-30T14:27:17.605506+00:00] quotable=118 would_place=32 would_cancel=0 equity=$500.00
[DRY-RUN] [2026-08-30T14:28:14.050566+00:00] quotable=118 would_place=32 would_cancel=0 equity=$500.00
[DRY-RUN] [2026-08-30T14:29:10.200746+00:00] quotable=118 would_place=32 would_cancel=0 equity=$500.00
[DRY-RUN] [2026-08-30T14:29:56.532836+00:00] quotable=118 would_place=32 would_cancel=0 equity=$500.00
[DRY-RUN] [2026-08-30T14:30:42.627225+00:00] quotable=118 would_place=32 would_cancel=0 equity=$500.00
[DRY-RUN] [2026-08-30T14:31:28.893220+00:00] quotable=118 would_place=32 would_cancel=0 equity=$500.00
[DRY-RUN] [2026-08-30T14:32:15.036388+00:00] quotable=118 would_place=32 would_cancel=0 equity=$500.00
[DRY-RUN] [2026-08-30T14:33:01.321014+00:00] quotable=118 would_place=32 would_cancel=0 equity=$500.00
[DRY-RUN] [2026-08-30T14:33:47.647707+00:00] quotable=118 would_place=32 would_cancel=0 equity=$500.00
[DRY-RUN] [2026-08-30T14:34:33.760990+00:00] quotable=118 would_place=32 would_cancel=0 equity=$500.00
[DRY-RUN] [2026-08-30T14:35:20.147833+00:00] quotable=118 would_place=32 would_cancel=0 equity=$500.00
universe refreshed: 125 quotable market(s)
[DRY-RUN] [2026-08-30T14:36:23.645084+00:00] quotable=125 would_place=26 would_cancel=0 equity=$500.00
[DRY-RUN] [2026-08-30T14:37:13.820444+00:00] quotable=125 would_place=26 would_cancel=0 equity=$500.00
[DRY-RUN] [2026-08-30T14:38:00.581276+00:00] quotable=125 would_place=26 would_cancel=0 equity=$500.00
[DRY-RUN] [2026-08-30T14:38:46.932695+00:00] quotable=125 would_place=26 would_cancel=0 equity=$500.00
[DRY-RUN] [2026-08-30T14:39:33.067607+00:00] quotable=125 would_place=26 would_cancel=0 equity=$500.00
[DRY-RUN] [2026-08-30T14:40:19.458551+00:00] quotable=125 would_place=26 would_cancel=0 equity=$500.00
[DRY-RUN] [2026-08-30T14:41:05.616380+00:00] quotable=125 would_place=26 would_cancel=0 equity=$500.00
[DRY-RUN] [2026-08-30T14:41:51.751645+00:00] quotable=125 would_place=26 would_cancel=0 equity=$500.00
[DRY-RUN] [2026-08-30T14:42:38.017620+00:00] quotable=125 would_place=26 would_cancel=0 equity=$500.00
[DRY-RUN] [2026-08-30T14:43:34.461256+00:00] quotable=125 would_place=26 would_cancel=0 equity=$500.00
[DRY-RUN] [2026-08-30T14:44:20.573324+00:00] quotable=125 would_place=26 would_cancel=0 equity=$500.00
[DRY-RUN] [2026-08-30T14:45:06.705068+00:00] quotable=125 would_place=26 would_cancel=0 equity=$500.00
[DRY-RUN] [2026-08-30T14:45:53.110276+00:00] quotable=125 would_place=26 would_cancel=0 equity=$500.00
[DRY-RUN] [2026-08-30T14:46:49.255575+00:00] quotable=125 would_place=26 would_cancel=0 equity=$500.00
[DRY-RUN] [2026-08-30T14:47:35.373675+00:00] quotable=125 would_place=26 would_cancel=0 equity=$500.00
[DRY-RUN] [2026-08-30T14:48:21.526455+00:00] quotable=125 would_place=26 would_cancel=0 equity=$500.00
[DRY-RUN] [2026-08-30T14:49:07.655529+00:00] quotable=125 would_place=26 would_cancel=0 equity=$500.00
[DRY-RUN] [2026-08-30T14:49:53.827713+00:00] quotable=125 would_place=26 would_cancel=0 equity=$500.00
[DRY-RUN] [2026-08-30T14:50:39.948133+00:00] quotable=125 would_place=26 would_cancel=0 equity=$500.00
[DRY-RUN] [2026-08-30T14:51:36.108586+00:00] quotable=125 would_place=26 would_cancel=0 equity=$500.00
[DRY-RUN] [2026-08-30T14:52:22.244272+00:00] quotable=125 would_place=26 would_cancel=0 equity=$500.00
[DRY-RUN] [2026-08-30T14:53:08.653776+00:00] quotable=125 would_place=26 would_cancel=0 equity=$500.00
[DRY-RUN] [2026-08-30T14:53:54.812022+00:00] quotable=125 would_place=26 would_cancel=0 equity=$500.00
[DRY-RUN] [2026-08-30T14:54:41.081402+00:00] quotable=125 would_place=26 would_cancel=0 equity=$500.00
[DRY-RUN] [2026-08-30T14:55:27.453094+00:00] quotable=125 would_place=26 would_cancel=0 equity=$500.00
[DRY-RUN] [2026-08-30T14:56:13.556323+00:00] quotable=125 would_place=26 would_cancel=0 equity=$500.00
[DRY-RUN] [2026-08-30T14:56:59.884345+00:00] quotable=125 would_place=26 would_cancel=0 equity=$500.00
[DRY-RUN] [2026-08-30T14:57:46.185876+00:00] quotable=125 would_place=26 would_cancel=0 equity=$500.00
[DRY-RUN] [2026-08-30T14:58:32.328185+00:00] quotable=125 would_place=26 would_cancel=0 equity=$500.00
[DRY-RUN] [2026-08-30T14:59:18.454564+00:00] quotable=125 would_place=26 would_cancel=0 equity=$500.00
[DRY-RUN] [2026-08-30T15:00:04.735308+00:00] quotable=125 would_place=26 would_cancel=0 equity=$500.00
[DRY-RUN] [2026-08-30T15:00:50.928681+00:00] quotable=125 would_place=26 would_cancel=0 equity=$500.00
[DRY-RUN] [2026-08-30T15:01:37.668738+00:00] quotable=125 would_place=26 would_cancel=0 equity=$500.00
[DRY-RUN] [2026-08-30T15:02:23.959565+00:00] quotable=125 would_place=26 would_cancel=0 equity=$500.00
[DRY-RUN] [2026-08-30T15:03:10.131738+00:00] quotable=125 would_place=26 would_cancel=0 equity=$500.00
[DRY-RUN] [2026-08-30T15:03:56.415728+00:00] quotable=125 would_place=26 would_cancel=0 equity=$500.00
[DRY-RUN] [2026-08-30T15:04:42.537295+00:00] quotable=125 would_place=26 would_cancel=0 equity=$500.00
[DRY-RUN] [2026-08-30T15:05:28.643388+00:00] quotable=125 would_place=26 would_cancel=0 equity=$500.00
[DRY-RUN] [2026-08-30T15:06:14.894569+00:00] quotable=125 would_place=26 would_cancel=0 equity=$500.00
universe refreshed: 108 quotable market(s)
[DRY-RUN] [2026-08-30T15:07:10.739984+00:00] quotable=108 would_place=28 would_cancel=0 equity=$500.00
[DRY-RUN] [2026-08-30T15:08:01.187903+00:00] quotable=108 would_place=28 would_cancel=0 equity=$500.00
[DRY-RUN] [2026-08-30T15:08:47.673283+00:00] quotable=108 would_place=28 would_cancel=0 equity=$500.00
[DRY-RUN] [2026-08-30T15:09:33.851194+00:00] quotable=108 would_place=28 would_cancel=0 equity=$500.00
[DRY-RUN] [2026-08-30T15:10:25.557846+00:00] quotable=108 would_place=28 would_cancel=0 equity=$500.00
[DRY-RUN] [2026-08-30T15:11:11.968402+00:00] quotable=108 would_place=28 would_cancel=0 equity=$500.00
[DRY-RUN] [2026-08-30T15:11:58.242045+00:00] quotable=108 would_place=28 would_cancel=0 equity=$500.00
[DRY-RUN] [2026-08-30T15:12:44.606093+00:00] quotable=108 would_place=28 would_cancel=0 equity=$500.00
[DRY-RUN] [2026-08-30T15:13:31.001828+00:00] quotable=108 would_place=28 would_cancel=0 equity=$500.00
[DRY-RUN] [2026-08-30T15:14:17.132633+00:00] quotable=108 would_place=28 would_cancel=0 equity=$500.00
[DRY-RUN] [2026-08-30T15:15:03.255294+00:00] quotable=108 would_place=28 would_cancel=0 equity=$500.00
[DRY-RUN] [2026-08-30T15:15:49.426010+00:00] quotable=108 would_place=28 would_cancel=0 equity=$500.00
[DRY-RUN] [2026-08-30T15:16:35.869035+00:00] quotable=108 would_place=28 would_cancel=0 equity=$500.00
[DRY-RUN] [2026-08-30T15:17:31.989621+00:00] quotable=108 would_place=28 would_cancel=0 equity=$500.00
[DRY-RUN] [2026-08-30T15:18:18.234833+00:00] quotable=108 would_place=28 would_cancel=0 equity=$500.00
[DRY-RUN] [2026-08-30T15:19:04.495394+00:00] quotable=108 would_place=28 would_cancel=0 equity=$500.00
[DRY-RUN] [2026-08-30T15:19:50.748859+00:00] quotable=108 would_place=28 would_cancel=0 equity=$500.00
[DRY-RUN] [2026-08-30T15:20:37.141486+00:00] quotable=108 would_place=28 would_cancel=0 equity=$500.00
[DRY-RUN] [2026-08-30T15:21:23.233375+00:00] quotable=108 would_place=28 would_cancel=0 equity=$500.00
[DRY-RUN] [2026-08-30T15:22:09.723622+00:00] quotable=108 would_place=28 would_cancel=0 equity=$500.00
[DRY-RUN] [2026-08-30T15:22:55.834690+00:00] quotable=108 would_place=28 would_cancel=0 equity=$500.00
[DRY-RUN] [2026-08-30T15:23:42.245498+00:00] quotable=108 would_place=28 would_cancel=0 equity=$500.00
[DRY-RUN] [2026-08-30T15:24:28.583105+00:00] quotable=108 would_place=28 would_cancel=0 equity=$500.00
[DRY-RUN] [2026-08-30T15:25:17.233358+00:00] quotable=108 would_place=28 would_cancel=0 equity=$500.00
[DRY-RUN] [2026-08-30T15:26:03.461892+00:00] quotable=108 would_place=28 would_cancel=0 equity=$500.00
[DRY-RUN] [2026-08-30T15:26:49.575103+00:00] quotable=108 would_place=28 would_cancel=0 equity=$500.00
[DRY-RUN] [2026-08-30T15:27:35.663320+00:00] quotable=108 would_place=28 would_cancel=0 equity=$500.00
[DRY-RUN] [2026-08-30T15:28:21.801621+00:00] quotable=108 would_place=28 would_cancel=0 equity=$500.00
[DRY-RUN] [2026-08-30T15:29:08.208217+00:00] quotable=108 would_place=28 would_cancel=0 equity=$500.00
[DRY-RUN] [2026-08-30T15:30:04.310719+00:00] quotable=108 would_place=28 would_cancel=0 equity=$500.00
[DRY-RUN] [2026-08-30T15:30:50.402679+00:00] quotable=108 would_place=28 would_cancel=0 equity=$500.00
[DRY-RUN] [2026-08-30T15:31:36.539349+00:00] quotable=108 would_place=28 would_cancel=0 equity=$500.00
[DRY-RUN] [2026-08-30T15:32:22.649105+00:00] quotable=108 would_place=28 would_cancel=0 equity=$500.00
[DRY-RUN] [2026-08-30T15:33:08.938697+00:00] quotable=108 would_place=28 would_cancel=0 equity=$500.00
[DRY-RUN] [2026-08-30T15:33:55.335341+00:00] quotable=108 would_place=28 would_cancel=0 equity=$500.00
[DRY-RUN] [2026-08-30T15:34:41.659838+00:00] quotable=108 would_place=28 would_cancel=0 equity=$500.00
[DRY-RUN] [2026-08-30T15:35:27.930245+00:00] quotable=108 would_place=28 would_cancel=0 equity=$500.00
[DRY-RUN] [2026-08-30T15:36:14.117575+00:00] quotable=108 would_place=28 would_cancel=0 equity=$500.00
[DRY-RUN] [2026-08-30T15:37:00.395437+00:00] quotable=108 would_place=28 would_cancel=0 equity=$500.00
universe refreshed: 121 quotable market(s)
[DRY-RUN] [2026-08-30T15:37:57.421504+00:00] quotable=121 would_place=30 would_cancel=0 equity=$500.00
[DRY-RUN] [2026-08-30T15:38:46.238504+00:00] quotable=121 would_place=30 would_cancel=0 equity=$500.00
[DRY-RUN] [2026-08-30T15:39:33.143508+00:00] quotable=121 would_place=30 would_cancel=0 equity=$500.00
[DRY-RUN] [2026-08-30T15:40:19.268299+00:00] quotable=121 would_place=30 would_cancel=0 equity=$500.00
[DRY-RUN] [2026-08-30T15:41:05.721488+00:00] quotable=121 would_place=30 would_cancel=0 equity=$500.00
[DRY-RUN] [2026-08-30T15:41:51.985398+00:00] quotable=121 would_place=30 would_cancel=0 equity=$500.00
[DRY-RUN] [2026-08-30T15:42:38.128644+00:00] quotable=121 would_place=30 would_cancel=0 equity=$500.00
[DRY-RUN] [2026-08-30T15:43:24.228076+00:00] quotable=121 would_place=30 would_cancel=0 equity=$500.00
[DRY-RUN] [2026-08-30T15:44:10.345390+00:00] quotable=121 would_place=30 would_cancel=0 equity=$500.00
[DRY-RUN] [2026-08-30T15:45:06.707318+00:00] quotable=121 would_place=30 would_cancel=0 equity=$500.00
[DRY-RUN] [2026-08-30T15:45:52.806157+00:00] quotable=121 would_place=30 would_cancel=0 equity=$500.00
[DRY-RUN] [2026-08-30T15:46:39.072472+00:00] quotable=121 would_place=30 would_cancel=0 equity=$500.00
[DRY-RUN] [2026-08-30T15:47:25.588326+00:00] quotable=121 would_place=30 would_cancel=0 equity=$500.00
[DRY-RUN] [2026-08-30T15:48:12.032638+00:00] quotable=121 would_place=30 would_cancel=0 equity=$500.00
[DRY-RUN] [2026-08-30T15:48:57.965192+00:00] quotable=121 would_place=30 would_cancel=0 equity=$500.00
[DRY-RUN] [2026-08-30T15:49:44.079856+00:00] quotable=121 would_place=30 would_cancel=0 equity=$500.00
[DRY-RUN] [2026-08-30T15:50:30.532590+00:00] quotable=121 would_place=30 would_cancel=0 equity=$500.00
[DRY-RUN] [2026-08-30T15:51:16.773105+00:00] quotable=121 would_place=30 would_cancel=0 equity=$500.00
[DRY-RUN] [2026-08-30T15:52:02.897509+00:00] quotable=121 would_place=30 would_cancel=0 equity=$500.00
[DRY-RUN] [2026-08-30T15:52:49.004158+00:00] quotable=121 would_place=30 would_cancel=0 equity=$500.00
[DRY-RUN] [2026-08-30T15:53:35.101281+00:00] quotable=121 would_place=30 would_cancel=0 equity=$500.00
[DRY-RUN] [2026-08-30T15:54:21.224889+00:00] quotable=121 would_place=30 would_cancel=0 equity=$500.00
[DRY-RUN] [2026-08-30T15:55:07.716002+00:00] quotable=121 would_place=30 would_cancel=0 equity=$500.00
[DRY-RUN] [2026-08-30T15:55:53.969879+00:00] quotable=121 would_place=30 would_cancel=0 equity=$500.00
[DRY-RUN] [2026-08-30T15:56:40.255510+00:00] quotable=121 would_place=30 would_cancel=0 equity=$500.00
[DRY-RUN] [2026-08-30T15:57:26.383131+00:00] quotable=121 would_place=30 would_cancel=0 equity=$500.00
[DRY-RUN] [2026-08-30T15:58:12.621261+00:00] quotable=121 would_place=30 would_cancel=0 equity=$500.00
[DRY-RUN] [2026-08-30T15:58:58.796940+00:00] quotable=121 would_place=30 would_cancel=0 equity=$500.00
[DRY-RUN] [2026-08-30T15:59:44.921763+00:00] quotable=121 would_place=30 would_cancel=0 equity=$500.00
[DRY-RUN] [2026-08-30T16:00:31.325222+00:00] quotable=121 would_place=30 would_cancel=0 equity=$500.00
[DRY-RUN] [2026-08-30T16:01:17.799331+00:00] quotable=121 would_place=30 would_cancel=0 equity=$500.00
[DRY-RUN] [2026-08-30T16:02:04.600125+00:00] quotable=121 would_place=30 would_cancel=0 equity=$500.00
[DRY-RUN] [2026-08-30T16:02:51.055538+00:00] quotable=121 would_place=30 would_cancel=0 equity=$500.00
[DRY-RUN] [2026-08-30T16:03:37.288269+00:00] quotable=121 would_place=30 would_cancel=0 equity=$500.00
[DRY-RUN] [2026-08-30T16:04:23.571552+00:00] quotable=121 would_place=30 would_cancel=0 equity=$500.00
[DRY-RUN] [2026-08-30T16:05:09.832618+00:00] quotable=121 would_place=30 would_cancel=0 equity=$500.00
[DRY-RUN] [2026-08-30T16:05:56.002898+00:00] quotable=121 would_place=30 would_cancel=0 equity=$500.00
[DRY-RUN] [2026-08-30T16:06:42.099233+00:00] quotable=121 would_place=30 would_cancel=0 equity=$500.00
[DRY-RUN] [2026-08-30T16:07:28.298733+00:00] quotable=121 would_place=30 would_cancel=0 equity=$500.00
universe refreshed: 125 quotable market(s)
[DRY-RUN] [2026-08-30T16:08:21.070171+00:00] quotable=125 would_place=26 would_cancel=0 equity=$500.00
[DRY-RUN] [2026-08-30T16:09:11.119168+00:00] quotable=125 would_place=26 would_cancel=0 equity=$500.00
[DRY-RUN] [2026-08-30T16:09:57.535629+00:00] quotable=125 would_place=26 would_cancel=0 equity=$500.00
[DRY-RUN] [2026-08-30T16:10:43.935162+00:00] quotable=125 would_place=26 would_cancel=0 equity=$500.00
[DRY-RUN] [2026-08-30T16:11:30.069022+00:00] quotable=125 would_place=26 would_cancel=0 equity=$500.00
[DRY-RUN] [2026-08-30T16:12:16.175686+00:00] quotable=125 would_place=26 would_cancel=0 equity=$500.00
[DRY-RUN] [2026-08-30T16:13:02.365527+00:00] quotable=125 would_place=26 would_cancel=0 equity=$500.00
[DRY-RUN] [2026-08-30T16:13:48.869524+00:00] quotable=125 would_place=26 would_cancel=0 equity=$500.00
[DRY-RUN] [2026-08-30T16:14:36.529384+00:00] quotable=125 would_place=26 would_cancel=0 equity=$500.00
[DRY-RUN] [2026-08-30T16:15:22.698679+00:00] quotable=125 would_place=26 would_cancel=0 equity=$500.00
[DRY-RUN] [2026-08-30T16:16:08.970072+00:00] quotable=125 would_place=26 would_cancel=0 equity=$500.00
[DRY-RUN] [2026-08-30T16:16:55.233383+00:00] quotable=125 would_place=26 would_cancel=0 equity=$500.00
[DRY-RUN] [2026-08-30T16:17:41.359984+00:00] quotable=125 would_place=26 would_cancel=0 equity=$500.00
[DRY-RUN] [2026-08-30T16:18:27.978852+00:00] quotable=125 would_place=26 would_cancel=0 equity=$500.00
[DRY-RUN] [2026-08-30T16:19:14.584399+00:00] quotable=125 would_place=26 would_cancel=0 equity=$500.00
[DRY-RUN] [2026-08-30T16:20:01.084073+00:00] quotable=125 would_place=26 would_cancel=0 equity=$500.00
[DRY-RUN] [2026-08-30T16:20:47.368927+00:00] quotable=125 would_place=26 would_cancel=0 equity=$500.00
[DRY-RUN] [2026-08-30T16:21:33.858494+00:00] quotable=125 would_place=26 would_cancel=0 equity=$500.00
[DRY-RUN] [2026-08-30T16:22:20.217723+00:00] quotable=125 would_place=26 would_cancel=0 equity=$500.00
[DRY-RUN] [2026-08-30T16:23:06.572306+00:00] quotable=125 would_place=26 would_cancel=0 equity=$500.00
[DRY-RUN] [2026-08-30T16:23:53.029596+00:00] quotable=125 would_place=26 would_cancel=0 equity=$500.00
[DRY-RUN] [2026-08-30T16:24:39.310551+00:00] quotable=125 would_place=26 would_cancel=0 equity=$500.00
[DRY-RUN] [2026-08-30T16:25:25.928619+00:00] quotable=125 would_place=26 would_cancel=0 equity=$500.00
[DRY-RUN] [2026-08-30T16:26:22.035905+00:00] quotable=125 would_place=26 would_cancel=0 equity=$500.00
[DRY-RUN] [2026-08-30T16:27:08.339837+00:00] quotable=125 would_place=26 would_cancel=0 equity=$500.00
[DRY-RUN] [2026-08-30T16:27:54.744357+00:00] quotable=125 would_place=26 would_cancel=0 equity=$500.00
[DRY-RUN] [2026-08-30T16:28:40.824699+00:00] quotable=125 would_place=26 would_cancel=0 equity=$500.00
[DRY-RUN] [2026-08-30T16:29:27.153413+00:00] quotable=125 would_place=26 would_cancel=0 equity=$500.00
[DRY-RUN] [2026-08-30T16:30:13.506688+00:00] quotable=125 would_place=26 would_cancel=0 equity=$500.00
[DRY-RUN] [2026-08-30T16:30:59.886733+00:00] quotable=125 would_place=26 would_cancel=0 equity=$500.00
[DRY-RUN] [2026-08-30T16:31:46.050623+00:00] quotable=125 would_place=26 would_cancel=0 equity=$500.00
[DRY-RUN] [2026-08-30T16:32:32.144183+00:00] quotable=125 would_place=26 would_cancel=0 equity=$500.00
[DRY-RUN] [2026-08-30T16:33:18.242450+00:00] quotable=125 would_place=26 would_cancel=0 equity=$500.00
[DRY-RUN] [2026-08-30T16:34:04.367165+00:00] quotable=125 would_place=26 would_cancel=0 equity=$500.00
[DRY-RUN] [2026-08-30T16:34:50.482846+00:00] quotable=125 would_place=26 would_cancel=0 equity=$500.00
[DRY-RUN] [2026-08-30T16:35:36.763499+00:00] quotable=125 would_place=26 would_cancel=0 equity=$500.00
[DRY-RUN] [2026-08-30T16:36:23.217291+00:00] quotable=125 would_place=26 would_cancel=0 equity=$500.00
[DRY-RUN] [2026-08-30T16:37:09.492653+00:00] quotable=125 would_place=26 would_cancel=0 equity=$500.00
[DRY-RUN] [2026-08-30T16:37:55.701130+00:00] quotable=125 would_place=26 would_cancel=0 equity=$500.00
universe refreshed: 138 quotable market(s)
[DRY-RUN] [2026-08-30T16:38:47.955985+00:00] quotable=138 would_place=30 would_cancel=0 equity=$500.00
[DRY-RUN] [2026-08-30T16:39:37.878401+00:00] quotable=138 would_place=28 would_cancel=0 equity=$500.00
[DRY-RUN] [2026-08-30T16:40:24.688378+00:00] quotable=138 would_place=28 would_cancel=0 equity=$500.00
[DRY-RUN] [2026-08-30T16:41:10.800124+00:00] quotable=138 would_place=28 would_cancel=0 equity=$500.00
[DRY-RUN] [2026-08-30T16:41:57.230971+00:00] quotable=138 would_place=28 would_cancel=0 equity=$500.00
[DRY-RUN] [2026-08-30T16:42:43.359216+00:00] quotable=138 would_place=28 would_cancel=0 equity=$500.00
[DRY-RUN] [2026-08-30T16:43:29.506235+00:00] quotable=138 would_place=28 would_cancel=0 equity=$500.00
[DRY-RUN] [2026-08-30T16:44:15.605377+00:00] quotable=138 would_place=28 would_cancel=0 equity=$500.00
[DRY-RUN] [2026-08-30T16:45:01.747087+00:00] quotable=138 would_place=28 would_cancel=0 equity=$500.00
[DRY-RUN] [2026-08-30T16:45:48.304894+00:00] quotable=138 would_place=28 would_cancel=0 equity=$500.00
[DRY-RUN] [2026-08-30T16:46:44.706145+00:00] quotable=138 would_place=28 would_cancel=0 equity=$500.00
[DRY-RUN] [2026-08-30T16:47:30.814657+00:00] quotable=138 would_place=28 would_cancel=0 equity=$500.00
[DRY-RUN] [2026-08-30T16:48:17.254160+00:00] quotable=138 would_place=28 would_cancel=0 equity=$500.00
[DRY-RUN] [2026-08-30T16:49:03.634288+00:00] quotable=138 would_place=28 would_cancel=0 equity=$500.00
[DRY-RUN] [2026-08-30T16:49:49.869872+00:00] quotable=138 would_place=28 would_cancel=0 equity=$500.00
[DRY-RUN] [2026-08-30T16:50:36.146554+00:00] quotable=138 would_place=28 would_cancel=0 equity=$500.00
[DRY-RUN] [2026-08-30T16:51:22.265553+00:00] quotable=138 would_place=30 would_cancel=0 equity=$500.00
[DRY-RUN] [2026-08-30T16:52:08.541148+00:00] quotable=138 would_place=30 would_cancel=0 equity=$500.00
[DRY-RUN] [2026-08-30T16:52:54.655371+00:00] quotable=138 would_place=30 would_cancel=0 equity=$500.00
[DRY-RUN] [2026-08-30T16:53:41.060499+00:00] quotable=138 would_place=28 would_cancel=0 equity=$500.00
[DRY-RUN] [2026-08-30T16:54:27.148341+00:00] quotable=138 would_place=30 would_cancel=0 equity=$500.00
[DRY-RUN] [2026-08-30T16:55:13.230151+00:00] quotable=138 would_place=28 would_cancel=0 equity=$500.00
[DRY-RUN] [2026-08-30T16:55:59.648905+00:00] quotable=138 would_place=28 would_cancel=0 equity=$500.00
[DRY-RUN] [2026-08-30T16:56:45.816357+00:00] quotable=138 would_place=28 would_cancel=0 equity=$500.00
[DRY-RUN] [2026-08-30T16:57:31.970647+00:00] quotable=138 would_place=30 would_cancel=0 equity=$500.00
[DRY-RUN] [2026-08-30T16:58:18.481440+00:00] quotable=138 would_place=30 would_cancel=0 equity=$500.00
[DRY-RUN] [2026-08-30T16:59:04.746223+00:00] quotable=138 would_place=30 would_cancel=0 equity=$500.00
[DRY-RUN] [2026-08-30T16:59:50.944431+00:00] quotable=138 would_place=30 would_cancel=0 equity=$500.00
[DRY-RUN] [2026-08-30T17:00:37.363509+00:00] quotable=138 would_place=30 would_cancel=0 equity=$500.00
[DRY-RUN] [2026-08-30T17:01:23.486482+00:00] quotable=138 would_place=30 would_cancel=0 equity=$500.00
[DRY-RUN] [2026-08-30T17:02:09.769699+00:00] quotable=138 would_place=30 would_cancel=0 equity=$500.00
[DRY-RUN] [2026-08-30T17:02:56.435772+00:00] quotable=138 would_place=30 would_cancel=0 equity=$500.00
[DRY-RUN] [2026-08-30T17:03:42.997824+00:00] quotable=138 would_place=30 would_cancel=0 equity=$500.00
[DRY-RUN] [2026-08-30T17:04:29.252804+00:00] quotable=138 would_place=30 would_cancel=0 equity=$500.00
[DRY-RUN] [2026-08-30T17:05:15.409582+00:00] quotable=138 would_place=30 would_cancel=0 equity=$500.00
[DRY-RUN] [2026-08-30T17:06:01.691847+00:00] quotable=138 would_place=30 would_cancel=0 equity=$500.00
[DRY-RUN] [2026-08-30T17:06:47.841528+00:00] quotable=138 would_place=30 would_cancel=0 equity=$500.00
[DRY-RUN] [2026-08-30T17:07:34.124365+00:00] quotable=138 would_place=30 would_cancel=0 equity=$500.00
[DRY-RUN] [2026-08-30T17:08:20.400953+00:00] quotable=138 would_place=30 would_cancel=0 equity=$500.00
universe refreshed: 111 quotable market(s)
[DRY-RUN] [2026-08-30T17:09:11.023380+00:00] quotable=111 would_place=26 would_cancel=0 equity=$500.00
[DRY-RUN] [2026-08-30T17:09:59.815712+00:00] quotable=111 would_place=26 would_cancel=0 equity=$500.00
[DRY-RUN] [2026-08-30T17:10:56.112905+00:00] quotable=111 would_place=26 would_cancel=0 equity=$500.00
[DRY-RUN] [2026-08-30T17:11:42.225948+00:00] quotable=111 would_place=26 would_cancel=0 equity=$500.00
[DRY-RUN] [2026-08-30T17:12:28.362592+00:00] quotable=111 would_place=26 would_cancel=0 equity=$500.00
[DRY-RUN] [2026-08-30T17:13:14.456517+00:00] quotable=111 would_place=26 would_cancel=0 equity=$500.00
[DRY-RUN] [2026-08-30T17:14:00.564206+00:00] quotable=111 would_place=26 would_cancel=0 equity=$500.00
[DRY-RUN] [2026-08-30T17:14:47.408114+00:00] quotable=111 would_place=26 would_cancel=0 equity=$500.00
[DRY-RUN] [2026-08-30T17:15:33.607552+00:00] quotable=111 would_place=26 would_cancel=0 equity=$500.00
[DRY-RUN] [2026-08-30T17:16:19.723811+00:00] quotable=111 would_place=26 would_cancel=0 equity=$500.00
[DRY-RUN] [2026-08-30T17:17:06.151162+00:00] quotable=111 would_place=26 would_cancel=0 equity=$500.00
[DRY-RUN] [2026-08-30T17:18:02.394739+00:00] quotable=111 would_place=26 would_cancel=0 equity=$500.00
[DRY-RUN] [2026-08-30T17:18:48.810531+00:00] quotable=111 would_place=26 would_cancel=0 equity=$500.00
[DRY-RUN] [2026-08-30T17:19:44.924544+00:00] quotable=111 would_place=26 would_cancel=0 equity=$500.00
[DRY-RUN] [2026-08-30T17:20:41.006205+00:00] quotable=111 would_place=26 would_cancel=0 equity=$500.00
[DRY-RUN] [2026-08-30T17:21:27.373258+00:00] quotable=111 would_place=26 would_cancel=0 equity=$500.00
[DRY-RUN] [2026-08-30T17:22:13.624685+00:00] quotable=111 would_place=26 would_cancel=0 equity=$500.00
[DRY-RUN] [2026-08-30T17:22:59.748074+00:00] quotable=111 would_place=26 would_cancel=0 equity=$500.00
[DRY-RUN] [2026-08-30T17:23:46.041756+00:00] quotable=111 would_place=26 would_cancel=0 equity=$500.00
[DRY-RUN] [2026-08-30T17:24:32.203674+00:00] quotable=111 would_place=26 would_cancel=0 equity=$500.00
[DRY-RUN] [2026-08-30T17:25:18.563338+00:00] quotable=111 would_place=26 would_cancel=0 equity=$500.00
[DRY-RUN] [2026-08-30T17:26:05.019324+00:00] quotable=111 would_place=26 would_cancel=0 equity=$500.00
[DRY-RUN] [2026-08-30T17:26:51.358206+00:00] quotable=111 would_place=26 would_cancel=0 equity=$500.00
[DRY-RUN] [2026-08-30T17:27:37.761337+00:00] quotable=111 would_place=26 would_cancel=0 equity=$500.00
[DRY-RUN] [2026-08-30T17:28:24.031738+00:00] quotable=111 would_place=26 would_cancel=0 equity=$500.00
[DRY-RUN] [2026-08-30T17:29:10.459586+00:00] quotable=111 would_place=26 would_cancel=0 equity=$500.00
[DRY-RUN] [2026-08-30T17:29:56.419668+00:00] quotable=111 would_place=26 would_cancel=0 equity=$500.00
[DRY-RUN] [2026-08-30T17:30:42.354989+00:00] quotable=111 would_place=26 would_cancel=0 equity=$500.00
[DRY-RUN] [2026-08-30T17:31:28.732003+00:00] quotable=111 would_place=26 would_cancel=0 equity=$500.00
[DRY-RUN] [2026-08-30T17:32:14.682312+00:00] quotable=111 would_place=26 would_cancel=0 equity=$500.00
[DRY-RUN] [2026-08-30T17:33:01.917325+00:00] quotable=111 would_place=26 would_cancel=0 equity=$500.00
[DRY-RUN] [2026-08-30T17:33:48.171682+00:00] quotable=111 would_place=26 would_cancel=0 equity=$500.00
[DRY-RUN] [2026-08-30T17:34:34.635415+00:00] quotable=111 would_place=26 would_cancel=0 equity=$500.00
[DRY-RUN] [2026-08-30T17:35:31.101746+00:00] quotable=111 would_place=26 would_cancel=0 equity=$500.00
[DRY-RUN] [2026-08-30T17:36:17.055420+00:00] quotable=111 would_place=26 would_cancel=0 equity=$500.00
[DRY-RUN] [2026-08-30T17:37:13.310104+00:00] quotable=111 would_place=26 would_cancel=0 equity=$500.00
[DRY-RUN] [2026-08-30T17:37:59.590943+00:00] quotable=111 would_place=26 would_cancel=0 equity=$500.00
[DRY-RUN] [2026-08-30T17:38:45.556988+00:00] quotable=111 would_place=26 would_cancel=0 equity=$500.00
universe refreshed: 118 quotable market(s)
[DRY-RUN] [2026-08-30T17:39:36.166125+00:00] quotable=118 would_place=26 would_cancel=0 equity=$500.00
[DRY-RUN] [2026-08-30T17:40:24.131366+00:00] quotable=118 would_place=26 would_cancel=0 equity=$500.00
[DRY-RUN] [2026-08-30T17:41:10.528932+00:00] quotable=118 would_place=26 would_cancel=0 equity=$500.00
[DRY-RUN] [2026-08-30T17:41:56.642390+00:00] quotable=118 would_place=26 would_cancel=0 equity=$500.00
[DRY-RUN] [2026-08-30T17:42:42.680947+00:00] quotable=118 would_place=26 would_cancel=0 equity=$500.00
[DRY-RUN] [2026-08-30T17:43:28.780304+00:00] quotable=118 would_place=26 would_cancel=0 equity=$500.00
[DRY-RUN] [2026-08-30T17:44:15.163017+00:00] quotable=118 would_place=26 would_cancel=0 equity=$500.00
[DRY-RUN] [2026-08-30T17:45:01.168501+00:00] quotable=118 would_place=26 would_cancel=0 equity=$500.00
[DRY-RUN] [2026-08-30T17:45:47.552592+00:00] quotable=118 would_place=26 would_cancel=0 equity=$500.00
[DRY-RUN] [2026-08-30T17:46:34.312529+00:00] quotable=118 would_place=26 would_cancel=0 equity=$500.00
[DRY-RUN] [2026-08-30T17:47:20.578824+00:00] quotable=118 would_place=26 would_cancel=0 equity=$500.00
[DRY-RUN] [2026-08-30T17:48:06.586713+00:00] quotable=118 would_place=26 would_cancel=0 equity=$500.00
[DRY-RUN] [2026-08-30T17:48:52.517940+00:00] quotable=118 would_place=26 would_cancel=0 equity=$500.00
[DRY-RUN] [2026-08-30T17:49:38.685652+00:00] quotable=118 would_place=26 would_cancel=0 equity=$500.00
[DRY-RUN] [2026-08-30T17:50:24.676602+00:00] quotable=118 would_place=26 would_cancel=0 equity=$500.00
[DRY-RUN] [2026-08-30T17:51:10.605695+00:00] quotable=118 would_place=26 would_cancel=0 equity=$500.00
[DRY-RUN] [2026-08-30T17:51:56.708401+00:00] quotable=118 would_place=26 would_cancel=0 equity=$500.00
[DRY-RUN] [2026-08-30T17:52:43.115095+00:00] quotable=118 would_place=26 would_cancel=0 equity=$500.00
[DRY-RUN] [2026-08-30T17:53:29.237202+00:00] quotable=118 would_place=26 would_cancel=0 equity=$500.00
[DRY-RUN] [2026-08-30T17:54:15.567987+00:00] quotable=118 would_place=26 would_cancel=0 equity=$500.00
[DRY-RUN] [2026-08-30T17:55:01.527014+00:00] quotable=118 would_place=26 would_cancel=0 equity=$500.00
[DRY-RUN] [2026-08-30T17:55:47.931521+00:00] quotable=118 would_place=26 would_cancel=0 equity=$500.00
[DRY-RUN] [2026-08-30T17:56:34.205589+00:00] quotable=118 would_place=26 would_cancel=0 equity=$500.00
[DRY-RUN] [2026-08-30T17:57:30.146383+00:00] quotable=118 would_place=26 would_cancel=0 equity=$500.00
[DRY-RUN] [2026-08-30T17:58:16.234886+00:00] quotable=118 would_place=26 would_cancel=0 equity=$500.00
[DRY-RUN] [2026-08-30T17:59:02.345205+00:00] quotable=118 would_place=26 would_cancel=0 equity=$500.00
[DRY-RUN] [2026-08-30T17:59:48.446642+00:00] quotable=118 would_place=26 would_cancel=0 equity=$500.00
[DRY-RUN] [2026-08-30T18:00:34.543339+00:00] quotable=118 would_place=26 would_cancel=0 equity=$500.00
[DRY-RUN] [2026-08-30T18:01:30.637318+00:00] quotable=118 would_place=26 would_cancel=0 equity=$500.00
[DRY-RUN] [2026-08-30T18:02:16.711984+00:00] quotable=118 would_place=26 would_cancel=0 equity=$500.00
[DRY-RUN] [2026-08-30T18:03:02.827512+00:00] quotable=118 would_place=26 would_cancel=0 equity=$500.00
[DRY-RUN] [2026-08-30T18:03:48.911196+00:00] quotable=118 would_place=26 would_cancel=0 equity=$500.00
[DRY-RUN] [2026-08-30T18:04:35.033433+00:00] quotable=118 would_place=26 would_cancel=0 equity=$500.00
[DRY-RUN] [2026-08-30T18:05:21.112803+00:00] quotable=118 would_place=26 would_cancel=0 equity=$500.00
[DRY-RUN] [2026-08-30T18:06:07.047588+00:00] quotable=118 would_place=26 would_cancel=0 equity=$500.00
[DRY-RUN] [2026-08-30T18:07:03.144742+00:00] quotable=118 would_place=26 would_cancel=0 equity=$500.00
[DRY-RUN] [2026-08-30T18:07:49.303772+00:00] quotable=118 would_place=26 would_cancel=0 equity=$500.00
[DRY-RUN] [2026-08-30T18:08:35.292217+00:00] quotable=118 would_place=26 would_cancel=0 equity=$500.00
[DRY-RUN] [2026-08-30T18:09:21.494936+00:00] quotable=118 would_place=26 would_cancel=0 equity=$500.00
universe refreshed: 113 quotable market(s)
[DRY-RUN] [2026-08-30T18:10:11.489156+00:00] quotable=113 would_place=28 would_cancel=0 equity=$500.00
[DRY-RUN] [2026-08-30T18:11:00.108144+00:00] quotable=113 would_place=28 would_cancel=0 equity=$500.00
[DRY-RUN] [2026-08-30T18:11:46.051949+00:00] quotable=113 would_place=28 would_cancel=0 equity=$500.00
[DRY-RUN] [2026-08-30T18:12:32.032978+00:00] quotable=113 would_place=28 would_cancel=0 equity=$500.00
[DRY-RUN] [2026-08-30T18:13:18.128560+00:00] quotable=113 would_place=28 would_cancel=0 equity=$500.00
[DRY-RUN] [2026-08-30T18:14:04.214651+00:00] quotable=113 would_place=28 would_cancel=0 equity=$500.00
[DRY-RUN] [2026-08-30T18:14:50.151373+00:00] quotable=113 would_place=28 would_cancel=0 equity=$500.00
[DRY-RUN] [2026-08-30T18:15:36.071951+00:00] quotable=113 would_place=28 would_cancel=0 equity=$500.00
[DRY-RUN] [2026-08-30T18:16:22.171970+00:00] quotable=113 would_place=28 would_cancel=0 equity=$500.00
[DRY-RUN] [2026-08-30T18:17:08.289028+00:00] quotable=113 would_place=28 would_cancel=0 equity=$500.00
[DRY-RUN] [2026-08-30T18:17:54.214550+00:00] quotable=113 would_place=28 would_cancel=0 equity=$500.00
[DRY-RUN] [2026-08-30T18:18:40.320605+00:00] quotable=113 would_place=28 would_cancel=0 equity=$500.00
[DRY-RUN] [2026-08-30T18:19:26.402579+00:00] quotable=113 would_place=28 would_cancel=0 equity=$500.00
[DRY-RUN] [2026-08-30T18:20:12.486093+00:00] quotable=113 would_place=28 would_cancel=0 equity=$500.00
[DRY-RUN] [2026-08-30T18:20:58.743955+00:00] quotable=113 would_place=28 would_cancel=0 equity=$500.00
[DRY-RUN] [2026-08-30T18:21:44.962280+00:00] quotable=113 would_place=28 would_cancel=0 equity=$500.00
[DRY-RUN] [2026-08-30T18:22:31.304761+00:00] quotable=113 would_place=28 would_cancel=0 equity=$500.00
[DRY-RUN] [2026-08-30T18:23:17.424279+00:00] quotable=113 would_place=28 would_cancel=0 equity=$500.00
[DRY-RUN] [2026-08-30T18:24:03.514562+00:00] quotable=113 would_place=28 would_cancel=0 equity=$500.00
[DRY-RUN] [2026-08-30T18:24:59.604497+00:00] quotable=113 would_place=28 would_cancel=0 equity=$500.00
[DRY-RUN] [2026-08-30T18:25:45.729346+00:00] quotable=113 would_place=28 would_cancel=0 equity=$500.00
[DRY-RUN] [2026-08-30T18:26:31.977307+00:00] quotable=113 would_place=28 would_cancel=0 equity=$500.00
[DRY-RUN] [2026-08-30T18:27:28.098074+00:00] quotable=113 would_place=28 would_cancel=0 equity=$500.00
[DRY-RUN] [2026-08-30T18:28:14.180730+00:00] quotable=113 would_place=28 would_cancel=0 equity=$500.00
[DRY-RUN] [2026-08-30T18:29:00.462081+00:00] quotable=113 would_place=28 would_cancel=0 equity=$500.00
[DRY-RUN] [2026-08-30T18:29:46.593535+00:00] quotable=113 would_place=28 would_cancel=0 equity=$500.00
[DRY-RUN] [2026-08-30T18:30:32.681907+00:00] quotable=113 would_place=28 would_cancel=0 equity=$500.00
[DRY-RUN] [2026-08-30T18:31:18.774241+00:00] quotable=113 would_place=28 would_cancel=0 equity=$500.00
[DRY-RUN] [2026-08-30T18:32:05.370716+00:00] quotable=113 would_place=28 would_cancel=0 equity=$500.00
[DRY-RUN] [2026-08-30T18:32:51.452840+00:00] quotable=113 would_place=28 would_cancel=0 equity=$500.00
[DRY-RUN] [2026-08-30T18:33:47.483977+00:00] quotable=113 would_place=28 would_cancel=0 equity=$500.00
[DRY-RUN] [2026-08-30T18:34:33.413367+00:00] quotable=113 would_place=28 would_cancel=0 equity=$500.00
[DRY-RUN] [2026-08-30T18:35:19.801393+00:00] quotable=113 would_place=28 would_cancel=0 equity=$500.00
[DRY-RUN] [2026-08-30T18:36:05.885902+00:00] quotable=113 would_place=28 would_cancel=0 equity=$500.00
[DRY-RUN] [2026-08-30T18:37:02.150895+00:00] quotable=113 would_place=28 would_cancel=0 equity=$500.00
[DRY-RUN] [2026-08-30T18:37:58.254762+00:00] quotable=113 would_place=28 would_cancel=0 equity=$500.00
[DRY-RUN] [2026-08-30T18:38:44.417642+00:00] quotable=113 would_place=28 would_cancel=0 equity=$500.00
[DRY-RUN] [2026-08-30T18:39:30.496231+00:00] quotable=113 would_place=28 would_cancel=0 equity=$500.00
universe refreshed: 127 quotable market(s)
[DRY-RUN] [2026-08-30T18:40:21.114415+00:00] quotable=127 would_place=24 would_cancel=0 equity=$500.00
[DRY-RUN] [2026-08-30T18:41:08.683547+00:00] quotable=127 would_place=24 would_cancel=0 equity=$500.00
[DRY-RUN] [2026-08-30T18:42:05.084371+00:00] quotable=127 would_place=24 would_cancel=0 equity=$500.00
[DRY-RUN] [2026-08-30T18:43:01.535542+00:00] quotable=127 would_place=24 would_cancel=0 equity=$500.00
[DRY-RUN] [2026-08-30T18:43:48.027295+00:00] quotable=127 would_place=24 would_cancel=0 equity=$500.00
[DRY-RUN] [2026-08-30T18:44:34.263024+00:00] quotable=127 would_place=24 would_cancel=0 equity=$500.00
[DRY-RUN] [2026-08-30T18:45:20.522808+00:00] quotable=127 would_place=24 would_cancel=0 equity=$500.00
[DRY-RUN] [2026-08-30T18:46:06.960760+00:00] quotable=127 would_place=24 would_cancel=0 equity=$500.00
[DRY-RUN] [2026-08-30T18:46:53.054053+00:00] quotable=127 would_place=24 would_cancel=0 equity=$500.00
[DRY-RUN] [2026-08-30T18:47:39.308906+00:00] quotable=127 would_place=24 would_cancel=0 equity=$500.00
[DRY-RUN] [2026-08-30T18:48:25.741634+00:00] quotable=127 would_place=24 would_cancel=0 equity=$500.00
[DRY-RUN] [2026-08-30T18:49:11.859491+00:00] quotable=127 would_place=24 would_cancel=0 equity=$500.00
[DRY-RUN] [2026-08-30T18:50:08.000002+00:00] quotable=127 would_place=24 would_cancel=0 equity=$500.00
[DRY-RUN] [2026-08-30T18:50:54.088556+00:00] quotable=127 would_place=24 would_cancel=0 equity=$500.00
[DRY-RUN] [2026-08-30T18:51:40.180721+00:00] quotable=127 would_place=24 would_cancel=0 equity=$500.00
[DRY-RUN] [2026-08-30T18:52:26.751501+00:00] quotable=127 would_place=24 would_cancel=0 equity=$500.00
[DRY-RUN] [2026-08-30T18:53:12.997209+00:00] quotable=127 would_place=24 would_cancel=0 equity=$500.00
[DRY-RUN] [2026-08-30T18:53:59.218385+00:00] quotable=127 would_place=24 would_cancel=0 equity=$500.00
[DRY-RUN] [2026-08-30T18:54:55.321826+00:00] quotable=127 would_place=24 would_cancel=0 equity=$500.00
[DRY-RUN] [2026-08-30T18:55:41.414981+00:00] quotable=127 would_place=24 would_cancel=0 equity=$500.00
[DRY-RUN] [2026-08-30T18:56:27.541186+00:00] quotable=127 would_place=24 would_cancel=0 equity=$500.00
[DRY-RUN] [2026-08-30T18:57:13.614801+00:00] quotable=127 would_place=24 would_cancel=0 equity=$500.00
[DRY-RUN] [2026-08-30T18:58:10.006008+00:00] quotable=127 would_place=24 would_cancel=0 equity=$500.00
[DRY-RUN] [2026-08-30T18:58:56.070822+00:00] quotable=127 would_place=24 would_cancel=0 equity=$500.00
[DRY-RUN] [2026-08-30T18:59:42.141398+00:00] quotable=127 would_place=24 would_cancel=0 equity=$500.00
[DRY-RUN] [2026-08-30T19:00:28.227566+00:00] quotable=127 would_place=24 would_cancel=0 equity=$500.00
[DRY-RUN] [2026-08-30T19:01:14.514486+00:00] quotable=127 would_place=24 would_cancel=0 equity=$500.00
[DRY-RUN] [2026-08-30T19:02:02.312771+00:00] quotable=127 would_place=24 would_cancel=0 equity=$500.00
[DRY-RUN] [2026-08-30T19:02:48.872191+00:00] quotable=127 would_place=24 would_cancel=0 equity=$500.00
[DRY-RUN] [2026-08-30T19:03:34.956042+00:00] quotable=127 would_place=24 would_cancel=0 equity=$500.00
[DRY-RUN] [2026-08-30T19:04:21.045449+00:00] quotable=127 would_place=24 would_cancel=0 equity=$500.00
[DRY-RUN] [2026-08-30T19:05:07.121336+00:00] quotable=127 would_place=24 would_cancel=0 equity=$500.00
[DRY-RUN] [2026-08-30T19:05:53.286141+00:00] quotable=127 would_place=24 would_cancel=0 equity=$500.00
[DRY-RUN] [2026-08-30T19:06:39.350049+00:00] quotable=127 would_place=24 would_cancel=0 equity=$500.00
[DRY-RUN] [2026-08-30T19:07:25.429207+00:00] quotable=127 would_place=24 would_cancel=0 equity=$500.00
[DRY-RUN] [2026-08-30T19:08:12.055582+00:00] quotable=127 would_place=24 would_cancel=0 equity=$500.00
[DRY-RUN] [2026-08-30T19:08:58.452517+00:00] quotable=127 would_place=24 would_cancel=0 equity=$500.00
[DRY-RUN] [2026-08-30T19:09:44.535655+00:00] quotable=127 would_place=24 would_cancel=0 equity=$500.00
universe refreshed: 121 quotable market(s)
[DRY-RUN] [2026-08-30T19:10:38.944703+00:00] quotable=121 would_place=28 would_cancel=0 equity=$500.00
[DRY-RUN] [2026-08-30T19:11:27.900314+00:00] quotable=121 would_place=28 would_cancel=0 equity=$500.00
[DRY-RUN] [2026-08-30T19:12:14.219353+00:00] quotable=121 would_place=28 would_cancel=0 equity=$500.00
[DRY-RUN] [2026-08-30T19:13:00.461655+00:00] quotable=121 would_place=28 would_cancel=0 equity=$500.00
[DRY-RUN] [2026-08-30T19:13:46.557962+00:00] quotable=121 would_place=28 would_cancel=0 equity=$500.00
[DRY-RUN] [2026-08-30T19:14:32.633809+00:00] quotable=121 would_place=28 would_cancel=0 equity=$500.00
[DRY-RUN] [2026-08-30T19:15:18.796599+00:00] quotable=121 would_place=28 would_cancel=0 equity=$500.00
[DRY-RUN] [2026-08-30T19:16:04.943339+00:00] quotable=121 would_place=28 would_cancel=0 equity=$500.00
[DRY-RUN] [2026-08-30T19:16:51.219853+00:00] quotable=121 would_place=28 would_cancel=0 equity=$500.00
[DRY-RUN] [2026-08-30T19:17:37.279571+00:00] quotable=121 would_place=28 would_cancel=0 equity=$500.00
[DRY-RUN] [2026-08-30T19:18:23.197585+00:00] quotable=121 would_place=28 would_cancel=0 equity=$500.00
[DRY-RUN] [2026-08-30T19:19:09.259293+00:00] quotable=121 would_place=28 would_cancel=0 equity=$500.00
[DRY-RUN] [2026-08-30T19:19:55.583174+00:00] quotable=121 would_place=28 would_cancel=0 equity=$500.00
[DRY-RUN] [2026-08-30T19:20:41.509380+00:00] quotable=121 would_place=28 would_cancel=0 equity=$500.00
[DRY-RUN] [2026-08-30T19:21:27.433151+00:00] quotable=121 would_place=28 would_cancel=0 equity=$500.00
[DRY-RUN] [2026-08-30T19:22:13.349560+00:00] quotable=121 would_place=28 would_cancel=0 equity=$500.00
[DRY-RUN] [2026-08-30T19:22:59.425622+00:00] quotable=121 would_place=28 would_cancel=0 equity=$500.00
[DRY-RUN] [2026-08-30T19:23:45.367950+00:00] quotable=121 would_place=28 would_cancel=0 equity=$500.00
[DRY-RUN] [2026-08-30T19:24:31.431616+00:00] quotable=121 would_place=28 would_cancel=0 equity=$500.00
[DRY-RUN] [2026-08-30T19:25:17.510261+00:00] quotable=121 would_place=28 would_cancel=0 equity=$500.00
[DRY-RUN] [2026-08-30T19:26:03.496086+00:00] quotable=121 would_place=28 would_cancel=0 equity=$500.00
[DRY-RUN] [2026-08-30T19:26:59.579353+00:00] quotable=121 would_place=28 would_cancel=0 equity=$500.00
[DRY-RUN] [2026-08-30T19:27:45.739097+00:00] quotable=121 would_place=28 would_cancel=0 equity=$500.00
[DRY-RUN] [2026-08-30T19:28:41.800442+00:00] quotable=121 would_place=28 would_cancel=0 equity=$500.00
[DRY-RUN] [2026-08-30T19:29:27.925447+00:00] quotable=121 would_place=28 would_cancel=0 equity=$500.00
[DRY-RUN] [2026-08-30T19:30:14.147401+00:00] quotable=121 would_place=28 would_cancel=0 equity=$500.00
[DRY-RUN] [2026-08-30T19:31:00.203366+00:00] quotable=121 would_place=28 would_cancel=0 equity=$500.00
[DRY-RUN] [2026-08-30T19:31:46.283672+00:00] quotable=121 would_place=28 would_cancel=0 equity=$500.00
[DRY-RUN] [2026-08-30T19:32:32.359612+00:00] quotable=121 would_place=28 would_cancel=0 equity=$500.00
[DRY-RUN] [2026-08-30T19:33:18.277367+00:00] quotable=121 would_place=28 would_cancel=0 equity=$500.00
[DRY-RUN] [2026-08-30T19:34:04.364090+00:00] quotable=121 would_place=28 would_cancel=0 equity=$500.00
[DRY-RUN] [2026-08-30T19:34:50.744893+00:00] quotable=121 would_place=28 would_cancel=0 equity=$500.00
[DRY-RUN] [2026-08-30T19:35:46.686523+00:00] quotable=121 would_place=28 would_cancel=0 equity=$500.00
[DRY-RUN] [2026-08-30T19:36:42.766366+00:00] quotable=121 would_place=28 would_cancel=0 equity=$500.00
[DRY-RUN] [2026-08-30T19:37:29.190636+00:00] quotable=121 would_place=28 would_cancel=0 equity=$500.00
[DRY-RUN] [2026-08-30T19:38:25.252494+00:00] quotable=121 would_place=28 would_cancel=0 equity=$500.00
[DRY-RUN] [2026-08-30T19:39:11.488705+00:00] quotable=121 would_place=28 would_cancel=0 equity=$500.00
[DRY-RUN] [2026-08-30T19:40:07.621593+00:00] quotable=121 would_place=28 would_cancel=0 equity=$500.00
universe refreshed: 135 quotable market(s)
[DRY-RUN] [2026-08-30T19:41:08.577806+00:00] quotable=135 would_place=32 would_cancel=0 equity=$500.00
[DRY-RUN] [2026-08-30T19:42:07.321504+00:00] quotable=135 would_place=32 would_cancel=0 equity=$500.00
[DRY-RUN] [2026-08-30T19:42:53.247700+00:00] quotable=135 would_place=32 would_cancel=0 equity=$500.00
[DRY-RUN] [2026-08-30T19:43:39.400649+00:00] quotable=135 would_place=32 would_cancel=0 equity=$500.00
[DRY-RUN] [2026-08-30T19:44:25.745893+00:00] quotable=135 would_place=32 would_cancel=0 equity=$500.00
[DRY-RUN] [2026-08-30T19:45:11.727999+00:00] quotable=135 would_place=32 would_cancel=0 equity=$500.00
[DRY-RUN] [2026-08-30T19:46:07.841437+00:00] quotable=135 would_place=32 would_cancel=0 equity=$500.00
[DRY-RUN] [2026-08-30T19:47:03.764231+00:00] quotable=135 would_place=32 would_cancel=0 equity=$500.00
[DRY-RUN] [2026-08-30T19:47:50.541803+00:00] quotable=135 would_place=32 would_cancel=0 equity=$500.00
[DRY-RUN] [2026-08-30T19:48:36.780556+00:00] quotable=135 would_place=32 would_cancel=0 equity=$500.00
[DRY-RUN] [2026-08-30T19:49:22.883519+00:00] quotable=135 would_place=30 would_cancel=0 equity=$500.00
[DRY-RUN] [2026-08-30T19:50:09.240755+00:00] quotable=135 would_place=30 would_cancel=0 equity=$500.00
[DRY-RUN] [2026-08-30T19:50:55.342827+00:00] quotable=135 would_place=30 would_cancel=0 equity=$500.00
[DRY-RUN] [2026-08-30T19:51:41.513241+00:00] quotable=135 would_place=32 would_cancel=0 equity=$500.00
[DRY-RUN] [2026-08-30T19:52:27.437474+00:00] quotable=135 would_place=32 would_cancel=0 equity=$500.00
[DRY-RUN] [2026-08-30T19:53:13.359827+00:00] quotable=135 would_place=32 would_cancel=0 equity=$500.00
[DRY-RUN] [2026-08-30T19:53:59.295190+00:00] quotable=135 would_place=32 would_cancel=0 equity=$500.00
[DRY-RUN] [2026-08-30T19:54:45.683353+00:00] quotable=135 would_place=32 would_cancel=0 equity=$500.00
[DRY-RUN] [2026-08-30T19:55:32.073456+00:00] quotable=135 would_place=30 would_cancel=0 equity=$500.00
[DRY-RUN] [2026-08-30T19:56:18.048675+00:00] quotable=135 would_place=30 would_cancel=0 equity=$500.00
[DRY-RUN] [2026-08-30T19:57:04.430312+00:00] quotable=135 would_place=30 would_cancel=0 equity=$500.00
[DRY-RUN] [2026-08-30T19:57:50.584584+00:00] quotable=135 would_place=30 would_cancel=0 equity=$500.00
[DRY-RUN] [2026-08-30T19:58:36.753227+00:00] quotable=135 would_place=30 would_cancel=0 equity=$500.00
[DRY-RUN] [2026-08-30T19:59:22.677664+00:00] quotable=135 would_place=32 would_cancel=0 equity=$500.00
[DRY-RUN] [2026-08-30T20:00:08.632235+00:00] quotable=135 would_place=32 would_cancel=0 equity=$500.00
[DRY-RUN] [2026-08-30T20:00:54.900388+00:00] quotable=135 would_place=32 would_cancel=0 equity=$500.00
[DRY-RUN] [2026-08-30T20:01:40.997057+00:00] quotable=135 would_place=32 would_cancel=0 equity=$500.00
[DRY-RUN] [2026-08-30T20:02:27.344660+00:00] quotable=135 would_place=32 would_cancel=0 equity=$500.00
[DRY-RUN] [2026-08-30T20:03:13.430882+00:00] quotable=135 would_place=32 would_cancel=0 equity=$500.00
[DRY-RUN] [2026-08-30T20:03:59.522345+00:00] quotable=135 would_place=32 would_cancel=0 equity=$500.00
[DRY-RUN] [2026-08-30T20:04:45.452512+00:00] quotable=135 would_place=32 would_cancel=0 equity=$500.00
[DRY-RUN] [2026-08-30T20:05:31.547499+00:00] quotable=135 would_place=32 would_cancel=0 equity=$500.00
[DRY-RUN] [2026-08-30T20:06:17.513091+00:00] quotable=135 would_place=32 would_cancel=0 equity=$500.00
[DRY-RUN] [2026-08-30T20:07:13.474458+00:00] quotable=135 would_place=32 would_cancel=0 equity=$500.00
[DRY-RUN] [2026-08-30T20:07:59.560195+00:00] quotable=135 would_place=32 would_cancel=0 equity=$500.00
[DRY-RUN] [2026-08-30T20:08:45.950749+00:00] quotable=135 would_place=32 would_cancel=0 equity=$500.00
[DRY-RUN] [2026-08-30T20:09:41.893976+00:00] quotable=135 would_place=30 would_cancel=0 equity=$500.00
[DRY-RUN] [2026-08-30T20:10:27.827492+00:00] quotable=135 would_place=32 would_cancel=0 equity=$500.00
universe refreshed: 148 quotable market(s)
[DRY-RUN] [2026-08-30T20:11:18.496947+00:00] quotable=148 would_place=30 would_cancel=0 equity=$500.00
[DRY-RUN] [2026-08-30T20:12:06.346538+00:00] quotable=148 would_place=30 would_cancel=0 equity=$500.00
[DRY-RUN] [2026-08-30T20:12:52.246860+00:00] quotable=148 would_place=30 would_cancel=0 equity=$500.00
[DRY-RUN] [2026-08-30T20:13:38.655442+00:00] quotable=148 would_place=30 would_cancel=0 equity=$500.00
[DRY-RUN] [2026-08-30T20:14:24.769917+00:00] quotable=148 would_place=30 would_cancel=0 equity=$500.00
[DRY-RUN] [2026-08-30T20:15:11.172583+00:00] quotable=148 would_place=30 would_cancel=0 equity=$500.00
[DRY-RUN] [2026-08-30T20:15:57.280692+00:00] quotable=148 would_place=30 would_cancel=0 equity=$500.00
[DRY-RUN] [2026-08-30T20:16:43.214765+00:00] quotable=148 would_place=30 would_cancel=0 equity=$500.00
[DRY-RUN] [2026-08-30T20:17:29.291149+00:00] quotable=148 would_place=30 would_cancel=0 equity=$500.00
[DRY-RUN] [2026-08-30T20:18:15.377358+00:00] quotable=148 would_place=30 would_cancel=0 equity=$500.00
[DRY-RUN] [2026-08-30T20:19:01.448606+00:00] quotable=148 would_place=30 would_cancel=0 equity=$500.00
[DRY-RUN] [2026-08-30T20:19:47.731271+00:00] quotable=148 would_place=30 would_cancel=0 equity=$500.00
[DRY-RUN] [2026-08-30T20:20:43.682977+00:00] quotable=148 would_place=30 would_cancel=0 equity=$500.00
[DRY-RUN] [2026-08-30T20:21:29.774326+00:00] quotable=148 would_place=30 would_cancel=0 equity=$500.00
[DRY-RUN] [2026-08-30T20:22:15.916996+00:00] quotable=148 would_place=30 would_cancel=0 equity=$500.00
[DRY-RUN] [2026-08-30T20:23:01.990850+00:00] quotable=148 would_place=30 would_cancel=0 equity=$500.00
[DRY-RUN] [2026-08-30T20:23:48.058993+00:00] quotable=148 would_place=30 would_cancel=0 equity=$500.00
[DRY-RUN] [2026-08-30T20:24:34.146370+00:00] quotable=148 would_place=30 would_cancel=0 equity=$500.00
[DRY-RUN] [2026-08-30T20:25:20.331342+00:00] quotable=148 would_place=30 would_cancel=0 equity=$500.00
[DRY-RUN] [2026-08-30T20:26:06.426172+00:00] quotable=148 would_place=30 would_cancel=0 equity=$500.00
[DRY-RUN] [2026-08-30T20:26:52.562291+00:00] quotable=148 would_place=30 would_cancel=0 equity=$500.00
[DRY-RUN] [2026-08-30T20:27:38.646295+00:00] quotable=148 would_place=30 would_cancel=0 equity=$500.00
[DRY-RUN] [2026-08-30T20:28:24.570170+00:00] quotable=148 would_place=30 would_cancel=0 equity=$500.00
[DRY-RUN] [2026-08-30T20:29:10.802740+00:00] quotable=148 would_place=30 would_cancel=0 equity=$500.00
[DRY-RUN] [2026-08-30T20:29:56.733084+00:00] quotable=148 would_place=30 would_cancel=0 equity=$500.00
[DRY-RUN] [2026-08-30T20:30:42.677398+00:00] quotable=148 would_place=30 would_cancel=0 equity=$500.00
[DRY-RUN] [2026-08-30T20:31:28.760210+00:00] quotable=148 would_place=30 would_cancel=0 equity=$500.00
[DRY-RUN] [2026-08-30T20:32:14.822649+00:00] quotable=148 would_place=30 would_cancel=0 equity=$500.00
[DRY-RUN] [2026-08-30T20:33:01.281296+00:00] quotable=148 would_place=30 would_cancel=0 equity=$500.00
[DRY-RUN] [2026-08-30T20:33:47.459594+00:00] quotable=148 would_place=30 would_cancel=0 equity=$500.00
[DRY-RUN] [2026-08-30T20:34:33.388881+00:00] quotable=148 would_place=30 would_cancel=0 equity=$500.00
[DRY-RUN] [2026-08-30T20:35:19.491946+00:00] quotable=148 would_place=30 would_cancel=0 equity=$500.00
[DRY-RUN] [2026-08-30T20:36:15.584499+00:00] quotable=148 would_place=30 would_cancel=0 equity=$500.00
[DRY-RUN] [2026-08-30T20:37:01.508536+00:00] quotable=148 would_place=30 would_cancel=0 equity=$500.00
[DRY-RUN] [2026-08-30T20:37:47.602669+00:00] quotable=148 would_place=30 would_cancel=0 equity=$500.00
[DRY-RUN] [2026-08-30T20:38:33.671805+00:00] quotable=148 would_place=30 would_cancel=0 equity=$500.00
[DRY-RUN] [2026-08-30T20:39:19.778700+00:00] quotable=148 would_place=30 would_cancel=0 equity=$500.00
[DRY-RUN] [2026-08-30T20:40:06.397304+00:00] quotable=148 would_place=30 would_cancel=0 equity=$500.00
[DRY-RUN] [2026-08-30T20:40:52.503485+00:00] quotable=148 would_place=30 would_cancel=0 equity=$500.00
universe refreshed: 148 quotable market(s)
[DRY-RUN] [2026-08-30T20:41:42.147035+00:00] quotable=148 would_place=28 would_cancel=0 equity=$500.00
[DRY-RUN] [2026-08-30T20:42:30.033208+00:00] quotable=148 would_place=28 would_cancel=0 equity=$500.00
[DRY-RUN] [2026-08-30T20:43:16.308029+00:00] quotable=148 would_place=28 would_cancel=0 equity=$500.00
[DRY-RUN] [2026-08-30T20:44:02.393001+00:00] quotable=148 would_place=28 would_cancel=0 equity=$500.00
[DRY-RUN] [2026-08-30T20:44:48.473226+00:00] quotable=148 would_place=28 would_cancel=0 equity=$500.00
[DRY-RUN] [2026-08-30T20:45:44.566238+00:00] quotable=148 would_place=28 would_cancel=0 equity=$500.00
[DRY-RUN] [2026-08-30T20:46:30.993439+00:00] quotable=148 would_place=28 would_cancel=0 equity=$500.00
[DRY-RUN] [2026-08-30T20:47:17.248162+00:00] quotable=148 would_place=28 would_cancel=0 equity=$500.00
[DRY-RUN] [2026-08-30T20:48:03.188562+00:00] quotable=148 would_place=28 would_cancel=0 equity=$500.00
[DRY-RUN] [2026-08-30T20:48:49.350624+00:00] quotable=148 would_place=28 would_cancel=0 equity=$500.00
[DRY-RUN] [2026-08-30T20:49:35.297892+00:00] quotable=148 would_place=28 would_cancel=0 equity=$500.00
[DRY-RUN] [2026-08-30T20:50:21.380552+00:00] quotable=148 would_place=28 would_cancel=0 equity=$500.00
[DRY-RUN] [2026-08-30T20:51:07.318971+00:00] quotable=148 would_place=28 would_cancel=0 equity=$500.00
[DRY-RUN] [2026-08-30T20:51:53.252906+00:00] quotable=148 would_place=28 would_cancel=0 equity=$500.00
[DRY-RUN] [2026-08-30T20:52:39.493024+00:00] quotable=148 would_place=28 would_cancel=0 equity=$500.00
[DRY-RUN] [2026-08-30T20:53:26.067325+00:00] quotable=148 would_place=28 would_cancel=0 equity=$500.00
[DRY-RUN] [2026-08-30T20:54:12.303820+00:00] quotable=148 would_place=28 would_cancel=0 equity=$500.00
[DRY-RUN] [2026-08-30T20:54:58.739606+00:00] quotable=148 would_place=28 would_cancel=0 equity=$500.00
[DRY-RUN] [2026-08-30T20:55:44.675008+00:00] quotable=148 would_place=28 would_cancel=0 equity=$500.00
[DRY-RUN] [2026-08-30T20:56:30.739514+00:00] quotable=148 would_place=28 would_cancel=0 equity=$500.00
[DRY-RUN] [2026-08-30T20:57:17.012508+00:00] quotable=148 would_place=28 would_cancel=0 equity=$500.00
[DRY-RUN] [2026-08-30T20:58:02.943672+00:00] quotable=148 would_place=28 would_cancel=0 equity=$500.00
[DRY-RUN] [2026-08-30T20:58:49.173751+00:00] quotable=148 would_place=28 would_cancel=0 equity=$500.00
[DRY-RUN] [2026-08-30T20:59:35.208631+00:00] quotable=148 would_place=26 would_cancel=0 equity=$500.00
[DRY-RUN] [2026-08-30T21:00:21.372866+00:00] quotable=148 would_place=26 would_cancel=0 equity=$500.00
[DRY-RUN] [2026-08-30T21:01:07.462231+00:00] quotable=148 would_place=26 would_cancel=0 equity=$500.00
[DRY-RUN] [2026-08-30T21:01:53.400064+00:00] quotable=148 would_place=26 would_cancel=0 equity=$500.00
[DRY-RUN] [2026-08-30T21:02:39.801998+00:00] quotable=148 would_place=26 would_cancel=0 equity=$500.00
[DRY-RUN] [2026-08-30T21:03:35.733416+00:00] quotable=148 would_place=26 would_cancel=0 equity=$500.00
[DRY-RUN] [2026-08-30T21:04:21.677593+00:00] quotable=148 would_place=26 would_cancel=0 equity=$500.00
[DRY-RUN] [2026-08-30T21:05:08.036651+00:00] quotable=148 would_place=26 would_cancel=0 equity=$500.00
[DRY-RUN] [2026-08-30T21:05:54.401020+00:00] quotable=148 would_place=26 would_cancel=0 equity=$500.00
[DRY-RUN] [2026-08-30T21:06:40.345995+00:00] quotable=148 would_place=26 would_cancel=0 equity=$500.00
[DRY-RUN] [2026-08-30T21:07:26.725837+00:00] quotable=148 would_place=28 would_cancel=0 equity=$500.00
[DRY-RUN] [2026-08-30T21:08:13.052142+00:00] quotable=148 would_place=28 would_cancel=0 equity=$500.00
[DRY-RUN] [2026-08-30T21:08:59.141760+00:00] quotable=148 would_place=26 would_cancel=0 equity=$500.00
[DRY-RUN] [2026-08-30T21:09:45.241531+00:00] quotable=148 would_place=26 would_cancel=0 equity=$500.00
[DRY-RUN] [2026-08-30T21:10:31.184829+00:00] quotable=148 would_place=28 would_cancel=0 equity=$500.00
[DRY-RUN] [2026-08-30T21:11:17.394704+00:00] quotable=148 would_place=28 would_cancel=0 equity=$500.00
universe refreshed: 165 quotable market(s)
[DRY-RUN] [2026-08-30T21:12:08.822829+00:00] quotable=165 would_place=32 would_cancel=0 equity=$500.00
[DRY-RUN] [2026-08-30T21:12:56.762342+00:00] quotable=165 would_place=32 would_cancel=0 equity=$500.00
[DRY-RUN] [2026-08-30T21:13:42.775225+00:00] quotable=165 would_place=32 would_cancel=0 equity=$500.00
[DRY-RUN] [2026-08-30T21:14:28.718813+00:00] quotable=165 would_place=32 would_cancel=0 equity=$500.00
[DRY-RUN] [2026-08-30T21:15:15.114145+00:00] quotable=165 would_place=32 would_cancel=0 equity=$500.00
[DRY-RUN] [2026-08-30T21:16:01.072824+00:00] quotable=165 would_place=32 would_cancel=0 equity=$500.00
[DRY-RUN] [2026-08-30T21:16:47.217051+00:00] quotable=165 would_place=32 would_cancel=0 equity=$500.00
[DRY-RUN] [2026-08-30T21:17:33.489414+00:00] quotable=165 would_place=32 would_cancel=0 equity=$500.00
[DRY-RUN] [2026-08-30T21:18:19.551120+00:00] quotable=165 would_place=32 would_cancel=0 equity=$500.00
[DRY-RUN] [2026-08-30T21:19:05.639530+00:00] quotable=165 would_place=32 would_cancel=0 equity=$500.00
[DRY-RUN] [2026-08-30T21:19:51.606906+00:00] quotable=165 would_place=32 would_cancel=0 equity=$500.00
[DRY-RUN] [2026-08-30T21:20:47.880833+00:00] quotable=165 would_place=32 would_cancel=0 equity=$500.00
[DRY-RUN] [2026-08-30T21:21:34.038916+00:00] quotable=165 would_place=32 would_cancel=0 equity=$500.00
[DRY-RUN] [2026-08-30T21:22:20.281579+00:00] quotable=165 would_place=32 would_cancel=0 equity=$500.00
[DRY-RUN] [2026-08-30T21:23:16.565429+00:00] quotable=165 would_place=32 would_cancel=0 equity=$500.00
[DRY-RUN] [2026-08-30T21:24:02.846397+00:00] quotable=165 would_place=32 would_cancel=0 equity=$500.00
[DRY-RUN] [2026-08-30T21:24:48.766104+00:00] quotable=165 would_place=32 would_cancel=0 equity=$500.00
[DRY-RUN] [2026-08-30T21:25:34.997860+00:00] quotable=165 would_place=32 would_cancel=0 equity=$500.00
[DRY-RUN] [2026-08-30T21:26:20.917384+00:00] quotable=165 would_place=32 would_cancel=0 equity=$500.00
[DRY-RUN] [2026-08-30T21:27:07.198448+00:00] quotable=165 would_place=32 would_cancel=0 equity=$500.00
[DRY-RUN] [2026-08-30T21:27:53.430259+00:00] quotable=165 would_place=32 would_cancel=0 equity=$500.00
[DRY-RUN] [2026-08-30T21:28:39.516568+00:00] quotable=165 would_place=32 would_cancel=0 equity=$500.00
[DRY-RUN] [2026-08-30T21:29:25.583862+00:00] quotable=165 would_place=32 would_cancel=0 equity=$500.00
[DRY-RUN] [2026-08-30T21:30:11.661338+00:00] quotable=165 would_place=32 would_cancel=0 equity=$500.00
[DRY-RUN] [2026-08-30T21:30:57.621425+00:00] quotable=165 would_place=32 would_cancel=0 equity=$500.00
[DRY-RUN] [2026-08-30T21:31:43.549579+00:00] quotable=165 would_place=32 would_cancel=0 equity=$500.00
[DRY-RUN] [2026-08-30T21:32:29.797895+00:00] quotable=165 would_place=32 would_cancel=0 equity=$500.00
[DRY-RUN] [2026-08-30T21:33:15.996889+00:00] quotable=165 would_place=32 would_cancel=0 equity=$500.00
[DRY-RUN] [2026-08-30T21:34:02.248487+00:00] quotable=165 would_place=32 would_cancel=0 equity=$500.00
[DRY-RUN] [2026-08-30T21:34:48.210353+00:00] quotable=165 would_place=32 would_cancel=0 equity=$500.00
[DRY-RUN] [2026-08-30T21:35:34.269501+00:00] quotable=165 would_place=32 would_cancel=0 equity=$500.00
[DRY-RUN] [2026-08-30T21:36:20.503891+00:00] quotable=165 would_place=32 would_cancel=0 equity=$500.00
[DRY-RUN] [2026-08-30T21:37:06.616408+00:00] quotable=165 would_place=32 would_cancel=0 equity=$500.00
[DRY-RUN] [2026-08-30T21:38:02.706893+00:00] quotable=165 would_place=32 would_cancel=0 equity=$500.00
[DRY-RUN] [2026-08-30T21:38:48.907644+00:00] quotable=165 would_place=32 would_cancel=0 equity=$500.00
[DRY-RUN] [2026-08-30T21:39:34.868743+00:00] quotable=165 would_place=32 would_cancel=0 equity=$500.00
[DRY-RUN] [2026-08-30T21:40:20.948029+00:00] quotable=165 would_place=32 would_cancel=0 equity=$500.00
[DRY-RUN] [2026-08-30T21:41:17.047157+00:00] quotable=165 would_place=32 would_cancel=0 equity=$500.00
[DRY-RUN] [2026-08-30T21:42:03.123104+00:00] quotable=165 would_place=32 would_cancel=0 equity=$500.00
universe refreshed: 163 quotable market(s)
[DRY-RUN] [2026-08-30T21:42:54.080770+00:00] quotable=163 would_place=28 would_cancel=0 equity=$500.00
[DRY-RUN] [2026-08-30T21:43:42.551263+00:00] quotable=163 would_place=30 would_cancel=0 equity=$500.00
[DRY-RUN] [2026-08-30T21:44:28.684820+00:00] quotable=163 would_place=30 would_cancel=0 equity=$500.00
[DRY-RUN] [2026-08-30T21:45:14.758246+00:00] quotable=163 would_place=30 would_cancel=0 equity=$500.00
[DRY-RUN] [2026-08-30T21:46:00.820515+00:00] quotable=163 would_place=30 would_cancel=0 equity=$500.00
[DRY-RUN] [2026-08-30T21:46:46.923820+00:00] quotable=163 would_place=30 would_cancel=0 equity=$500.00
[DRY-RUN] [2026-08-30T21:47:33.315659+00:00] quotable=163 would_place=30 would_cancel=0 equity=$500.00
[DRY-RUN] [2026-08-30T21:48:29.615590+00:00] quotable=163 would_place=30 would_cancel=0 equity=$500.00
[DRY-RUN] [2026-08-30T21:49:25.722748+00:00] quotable=163 would_place=30 would_cancel=0 equity=$500.00
[DRY-RUN] [2026-08-30T21:50:21.910662+00:00] quotable=163 would_place=30 would_cancel=0 equity=$500.00
[DRY-RUN] [2026-08-30T21:51:08.003159+00:00] quotable=163 would_place=30 would_cancel=0 equity=$500.00
[DRY-RUN] [2026-08-30T21:51:54.067668+00:00] quotable=163 would_place=28 would_cancel=0 equity=$500.00
[DRY-RUN] [2026-08-30T21:52:40.331236+00:00] quotable=163 would_place=28 would_cancel=0 equity=$500.00
[DRY-RUN] [2026-08-30T21:53:26.378386+00:00] quotable=163 would_place=28 would_cancel=0 equity=$500.00
[DRY-RUN] [2026-08-30T21:54:12.483879+00:00] quotable=163 would_place=28 would_cancel=0 equity=$500.00
[DRY-RUN] [2026-08-30T21:54:58.562120+00:00] quotable=163 would_place=28 would_cancel=0 equity=$500.00
[DRY-RUN] [2026-08-30T21:55:44.656335+00:00] quotable=163 would_place=28 would_cancel=0 equity=$500.00
[DRY-RUN] [2026-08-30T21:56:30.766172+00:00] quotable=163 would_place=28 would_cancel=0 equity=$500.00
[DRY-RUN] [2026-08-30T21:57:16.828609+00:00] quotable=163 would_place=28 would_cancel=0 equity=$500.00
[DRY-RUN] [2026-08-30T21:58:03.095582+00:00] quotable=163 would_place=28 would_cancel=0 equity=$500.00
[DRY-RUN] [2026-08-30T21:58:49.196742+00:00] quotable=163 would_place=26 would_cancel=0 equity=$500.00
[DRY-RUN] [2026-08-30T21:59:35.451556+00:00] quotable=163 would_place=26 would_cancel=0 equity=$500.00
[DRY-RUN] [2026-08-30T22:00:21.534645+00:00] quotable=163 would_place=26 would_cancel=0 equity=$500.00
[DRY-RUN] [2026-08-30T22:01:17.631180+00:00] quotable=163 would_place=26 would_cancel=0 equity=$500.00
[DRY-RUN] [2026-08-30T22:02:03.892206+00:00] quotable=163 would_place=26 would_cancel=0 equity=$500.00
[DRY-RUN] [2026-08-30T22:03:00.144722+00:00] quotable=163 would_place=26 would_cancel=0 equity=$500.00
[DRY-RUN] [2026-08-30T22:03:46.431430+00:00] quotable=163 would_place=26 would_cancel=0 equity=$500.00
[DRY-RUN] [2026-08-30T22:04:32.869334+00:00] quotable=163 would_place=26 would_cancel=0 equity=$500.00
[DRY-RUN] [2026-08-30T22:05:18.945344+00:00] quotable=163 would_place=26 would_cancel=0 equity=$500.00
[DRY-RUN] [2026-08-30T22:06:05.371714+00:00] quotable=163 would_place=26 would_cancel=0 equity=$500.00
[DRY-RUN] [2026-08-30T22:06:51.488637+00:00] quotable=163 would_place=26 would_cancel=0 equity=$500.00
[DRY-RUN] [2026-08-30T22:07:37.612016+00:00] quotable=163 would_place=26 would_cancel=0 equity=$500.00
[DRY-RUN] [2026-08-30T22:08:23.868681+00:00] quotable=163 would_place=26 would_cancel=0 equity=$500.00
[DRY-RUN] [2026-08-30T22:09:10.095720+00:00] quotable=163 would_place=26 would_cancel=0 equity=$500.00
[DRY-RUN] [2026-08-30T22:09:56.241412+00:00] quotable=163 would_place=26 would_cancel=0 equity=$500.00
[DRY-RUN] [2026-08-30T22:10:52.331175+00:00] quotable=163 would_place=26 would_cancel=0 equity=$500.00
[DRY-RUN] [2026-08-30T22:11:38.602489+00:00] quotable=163 would_place=26 would_cancel=0 equity=$500.00
[DRY-RUN] [2026-08-30T22:12:24.951115+00:00] quotable=163 would_place=26 would_cancel=0 equity=$500.00
universe refreshed: 168 quotable market(s)
[DRY-RUN] [2026-08-30T22:13:15.459974+00:00] quotable=168 would_place=30 would_cancel=0 equity=$500.00
[DRY-RUN] [2026-08-30T22:14:04.025770+00:00] quotable=168 would_place=30 would_cancel=0 equity=$500.00
[DRY-RUN] [2026-08-30T22:14:50.183525+00:00] quotable=168 would_place=30 would_cancel=0 equity=$500.00
[DRY-RUN] [2026-08-30T22:15:36.270868+00:00] quotable=168 would_place=30 would_cancel=0 equity=$500.00
[DRY-RUN] [2026-08-30T22:16:22.618340+00:00] quotable=168 would_place=30 would_cancel=0 equity=$500.00
[DRY-RUN] [2026-08-30T22:17:08.696027+00:00] quotable=168 would_place=30 would_cancel=0 equity=$500.00
[DRY-RUN] [2026-08-30T22:17:54.773346+00:00] quotable=168 would_place=30 would_cancel=0 equity=$500.00
[DRY-RUN] [2026-08-30T22:18:41.112036+00:00] quotable=168 would_place=30 would_cancel=0 equity=$500.00
[DRY-RUN] [2026-08-30T22:19:27.030135+00:00] quotable=168 would_place=30 would_cancel=0 equity=$500.00
[DRY-RUN] [2026-08-30T22:20:13.168841+00:00] quotable=168 would_place=30 would_cancel=0 equity=$500.00
[DRY-RUN] [2026-08-30T22:20:59.467821+00:00] quotable=168 would_place=30 would_cancel=0 equity=$500.00
[DRY-RUN] [2026-08-30T22:21:45.559151+00:00] quotable=168 would_place=30 would_cancel=0 equity=$500.00
[DRY-RUN] [2026-08-30T22:22:31.792540+00:00] quotable=168 would_place=30 would_cancel=0 equity=$500.00
[DRY-RUN] [2026-08-30T22:23:27.870824+00:00] quotable=168 would_place=30 would_cancel=0 equity=$500.00
[DRY-RUN] [2026-08-30T22:24:13.971946+00:00] quotable=168 would_place=30 would_cancel=0 equity=$500.00
[DRY-RUN] [2026-08-30T22:25:00.050002+00:00] quotable=168 would_place=30 would_cancel=0 equity=$500.00
[DRY-RUN] [2026-08-30T22:25:46.406398+00:00] quotable=168 would_place=30 would_cancel=0 equity=$500.00
[DRY-RUN] [2026-08-30T22:26:32.473846+00:00] quotable=168 would_place=30 would_cancel=0 equity=$500.00
[DRY-RUN] [2026-08-30T22:27:28.608490+00:00] quotable=168 would_place=30 would_cancel=0 equity=$500.00
[DRY-RUN] [2026-08-30T22:28:14.514496+00:00] quotable=168 would_place=30 would_cancel=0 equity=$500.00
[DRY-RUN] [2026-08-30T22:29:00.844778+00:00] quotable=168 would_place=30 would_cancel=0 equity=$500.00
[DRY-RUN] [2026-08-30T22:29:47.192383+00:00] quotable=168 would_place=30 would_cancel=0 equity=$500.00
[DRY-RUN] [2026-08-30T22:30:33.280098+00:00] quotable=168 would_place=30 would_cancel=0 equity=$500.00
[DRY-RUN] [2026-08-30T22:31:19.595830+00:00] quotable=168 would_place=30 would_cancel=0 equity=$500.00
[DRY-RUN] [2026-08-30T22:32:15.714832+00:00] quotable=168 would_place=30 would_cancel=0 equity=$500.00
[DRY-RUN] [2026-08-30T22:33:11.799348+00:00] quotable=168 would_place=30 would_cancel=0 equity=$500.00
[DRY-RUN] [2026-08-30T22:33:58.137695+00:00] quotable=168 would_place=30 would_cancel=0 equity=$500.00
[DRY-RUN] [2026-08-30T22:34:44.544599+00:00] quotable=168 would_place=30 would_cancel=0 equity=$500.00
[DRY-RUN] [2026-08-30T22:35:30.876330+00:00] quotable=168 would_place=30 would_cancel=0 equity=$500.00
[DRY-RUN] [2026-08-30T22:36:16.797814+00:00] quotable=168 would_place=30 would_cancel=0 equity=$500.00
[DRY-RUN] [2026-08-30T22:37:03.052812+00:00] quotable=168 would_place=30 would_cancel=0 equity=$500.00
[DRY-RUN] [2026-08-30T22:37:58.974591+00:00] quotable=168 would_place=30 would_cancel=0 equity=$500.00
[DRY-RUN] [2026-08-30T22:38:44.889677+00:00] quotable=168 would_place=30 would_cancel=0 equity=$500.00
[DRY-RUN] [2026-08-30T22:39:30.969892+00:00] quotable=168 would_place=30 would_cancel=0 equity=$500.00
[DRY-RUN] [2026-08-30T22:40:27.056323+00:00] quotable=168 would_place=30 would_cancel=0 equity=$500.00
[DRY-RUN] [2026-08-30T22:41:23.011954+00:00] quotable=168 would_place=30 would_cancel=0 equity=$500.00
[DRY-RUN] [2026-08-30T22:42:09.082762+00:00] quotable=168 would_place=30 would_cancel=0 equity=$500.00
[DRY-RUN] [2026-08-30T22:42:55.178710+00:00] quotable=168 would_place=30 would_cancel=0 equity=$500.00
universe refreshed: 165 quotable market(s)
[DRY-RUN] [2026-08-30T22:43:45.704736+00:00] quotable=165 would_place=36 would_cancel=0 equity=$500.00
[DRY-RUN] [2026-08-30T22:44:33.891130+00:00] quotable=165 would_place=36 would_cancel=0 equity=$500.00
[DRY-RUN] [2026-08-30T22:45:19.969752+00:00] quotable=165 would_place=36 would_cancel=0 equity=$500.00
[DRY-RUN] [2026-08-30T22:46:05.898721+00:00] quotable=165 would_place=36 would_cancel=0 equity=$500.00
[DRY-RUN] [2026-08-30T22:46:52.258095+00:00] quotable=165 would_place=36 would_cancel=0 equity=$500.00
[DRY-RUN] [2026-08-30T22:47:38.498317+00:00] quotable=165 would_place=36 would_cancel=0 equity=$500.00
[DRY-RUN] [2026-08-30T22:48:24.404831+00:00] quotable=165 would_place=36 would_cancel=0 equity=$500.00
[DRY-RUN] [2026-08-30T22:49:10.466345+00:00] quotable=165 would_place=36 would_cancel=0 equity=$500.00
[DRY-RUN] [2026-08-30T22:49:56.568677+00:00] quotable=165 would_place=36 would_cancel=0 equity=$500.00
[DRY-RUN] [2026-08-30T22:50:42.665007+00:00] quotable=165 would_place=36 would_cancel=0 equity=$500.00
[DRY-RUN] [2026-08-30T22:51:29.069349+00:00] quotable=165 would_place=36 would_cancel=0 equity=$500.00
[DRY-RUN] [2026-08-30T22:52:15.158082+00:00] quotable=165 would_place=36 would_cancel=0 equity=$500.00
[DRY-RUN] [2026-08-30T22:53:01.697433+00:00] quotable=165 would_place=36 would_cancel=0 equity=$500.00
[DRY-RUN] [2026-08-30T22:53:47.960669+00:00] quotable=165 would_place=36 would_cancel=0 equity=$500.00
[DRY-RUN] [2026-08-30T22:54:34.383535+00:00] quotable=165 would_place=36 would_cancel=0 equity=$500.00
[DRY-RUN] [2026-08-30T22:55:20.774761+00:00] quotable=165 would_place=36 would_cancel=0 equity=$500.00
[DRY-RUN] [2026-08-30T22:56:17.060839+00:00] quotable=165 would_place=36 would_cancel=0 equity=$500.00
[DRY-RUN] [2026-08-30T22:57:03.456431+00:00] quotable=165 would_place=36 would_cancel=0 equity=$500.00
[DRY-RUN] [2026-08-30T22:57:49.536631+00:00] quotable=165 would_place=36 would_cancel=0 equity=$500.00
[DRY-RUN] [2026-08-30T22:58:35.778689+00:00] quotable=165 would_place=36 would_cancel=0 equity=$500.00
[DRY-RUN] [2026-08-30T22:59:22.151762+00:00] quotable=165 would_place=36 would_cancel=0 equity=$500.00
[DRY-RUN] [2026-08-30T23:00:18.240870+00:00] quotable=165 would_place=36 would_cancel=0 equity=$500.00
[DRY-RUN] [2026-08-30T23:01:04.501638+00:00] quotable=165 would_place=36 would_cancel=0 equity=$500.00
[DRY-RUN] [2026-08-30T23:01:50.904588+00:00] quotable=165 would_place=36 would_cancel=0 equity=$500.00
[DRY-RUN] [2026-08-30T23:02:37.341108+00:00] quotable=165 would_place=36 would_cancel=0 equity=$500.00
[DRY-RUN] [2026-08-30T23:03:23.754538+00:00] quotable=165 would_place=36 would_cancel=0 equity=$500.00
[DRY-RUN] [2026-08-30T23:04:09.859315+00:00] quotable=165 would_place=36 would_cancel=0 equity=$500.00
[DRY-RUN] [2026-08-30T23:05:06.301775+00:00] quotable=165 would_place=36 would_cancel=0 equity=$500.00
[DRY-RUN] [2026-08-30T23:05:52.421035+00:00] quotable=165 would_place=36 would_cancel=0 equity=$500.00
[DRY-RUN] [2026-08-30T23:06:38.669390+00:00] quotable=165 would_place=36 would_cancel=0 equity=$500.00
[DRY-RUN] [2026-08-30T23:07:24.987075+00:00] quotable=165 would_place=36 would_cancel=0 equity=$500.00
[DRY-RUN] [2026-08-30T23:08:11.265777+00:00] quotable=165 would_place=36 would_cancel=0 equity=$500.00
[DRY-RUN] [2026-08-30T23:08:57.605844+00:00] quotable=165 would_place=36 would_cancel=0 equity=$500.00
[DRY-RUN] [2026-08-30T23:09:54.233870+00:00] quotable=165 would_place=36 would_cancel=0 equity=$500.00
[DRY-RUN] [2026-08-30T23:10:40.165002+00:00] quotable=165 would_place=36 would_cancel=0 equity=$500.00
[DRY-RUN] [2026-08-30T23:11:26.287623+00:00] quotable=165 would_place=36 would_cancel=0 equity=$500.00
[DRY-RUN] [2026-08-30T23:12:12.377816+00:00] quotable=165 would_place=36 would_cancel=0 equity=$500.00
[DRY-RUN] [2026-08-30T23:12:58.512272+00:00] quotable=165 would_place=36 would_cancel=0 equity=$500.00
[DRY-RUN] [2026-08-30T23:13:44.756634+00:00] quotable=165 would_place=36 would_cancel=0 equity=$500.00
universe refreshed: 167 quotable market(s)
[DRY-RUN] [2026-08-30T23:14:35.346307+00:00] quotable=167 would_place=36 would_cancel=0 equity=$500.00
[DRY-RUN] [2026-08-30T23:15:23.141540+00:00] quotable=167 would_place=36 would_cancel=0 equity=$500.00
[DRY-RUN] [2026-08-30T23:16:09.380152+00:00] quotable=167 would_place=36 would_cancel=0 equity=$500.00
[DRY-RUN] [2026-08-30T23:16:55.623585+00:00] quotable=167 would_place=36 would_cancel=0 equity=$500.00
[DRY-RUN] [2026-08-30T23:17:41.983564+00:00] quotable=167 would_place=36 would_cancel=0 equity=$500.00
[DRY-RUN] [2026-08-30T23:18:28.074872+00:00] quotable=167 would_place=36 would_cancel=0 equity=$500.00
[DRY-RUN] [2026-08-30T23:19:14.310878+00:00] quotable=167 would_place=36 would_cancel=0 equity=$500.00
[DRY-RUN] [2026-08-30T23:20:00.385325+00:00] quotable=167 would_place=36 would_cancel=0 equity=$500.00
[DRY-RUN] [2026-08-30T23:20:46.471344+00:00] quotable=167 would_place=36 would_cancel=0 equity=$500.00
[DRY-RUN] [2026-08-30T23:21:32.575820+00:00] quotable=167 would_place=36 would_cancel=0 equity=$500.00
[DRY-RUN] [2026-08-30T23:22:18.680475+00:00] quotable=167 would_place=36 would_cancel=0 equity=$500.00
[DRY-RUN] [2026-08-30T23:23:05.048310+00:00] quotable=167 would_place=36 would_cancel=0 equity=$500.00
[DRY-RUN] [2026-08-30T23:23:51.165862+00:00] quotable=167 would_place=36 would_cancel=0 equity=$500.00
[DRY-RUN] [2026-08-30T23:24:37.262064+00:00] quotable=167 would_place=36 would_cancel=0 equity=$500.00
[DRY-RUN] [2026-08-30T23:25:23.352823+00:00] quotable=167 would_place=36 would_cancel=0 equity=$500.00
[DRY-RUN] [2026-08-30T23:26:09.440189+00:00] quotable=167 would_place=36 would_cancel=0 equity=$500.00
[DRY-RUN] [2026-08-30T23:26:55.517885+00:00] quotable=167 would_place=36 would_cancel=0 equity=$500.00
[DRY-RUN] [2026-08-30T23:27:41.905424+00:00] quotable=167 would_place=36 would_cancel=0 equity=$500.00
[DRY-RUN] [2026-08-30T23:28:28.139170+00:00] quotable=167 would_place=36 would_cancel=0 equity=$500.00
[DRY-RUN] [2026-08-30T23:29:14.411853+00:00] quotable=167 would_place=36 would_cancel=0 equity=$500.00
[DRY-RUN] [2026-08-30T23:30:00.676148+00:00] quotable=167 would_place=36 would_cancel=0 equity=$500.00
[DRY-RUN] [2026-08-30T23:30:46.778558+00:00] quotable=167 would_place=36 would_cancel=0 equity=$500.00
[DRY-RUN] [2026-08-30T23:31:33.040296+00:00] quotable=167 would_place=36 would_cancel=0 equity=$500.00
[DRY-RUN] [2026-08-30T23:32:18.966674+00:00] quotable=167 would_place=36 would_cancel=0 equity=$500.00
[DRY-RUN] [2026-08-30T23:33:05.218476+00:00] quotable=167 would_place=36 would_cancel=0 equity=$500.00
[DRY-RUN] [2026-08-30T23:33:51.650719+00:00] quotable=167 would_place=36 would_cancel=0 equity=$500.00
[DRY-RUN] [2026-08-30T23:34:37.740192+00:00] quotable=167 would_place=36 would_cancel=0 equity=$500.00
[DRY-RUN] [2026-08-30T23:35:23.834146+00:00] quotable=167 would_place=36 would_cancel=0 equity=$500.00
[DRY-RUN] [2026-08-30T23:36:20.101504+00:00] quotable=167 would_place=36 would_cancel=0 equity=$500.00
[DRY-RUN] [2026-08-30T23:37:06.434279+00:00] quotable=167 would_place=36 would_cancel=0 equity=$500.00
[DRY-RUN] [2026-08-30T23:37:52.702971+00:00] quotable=167 would_place=36 would_cancel=0 equity=$500.00
[DRY-RUN] [2026-08-30T23:38:38.956473+00:00] quotable=167 would_place=36 would_cancel=0 equity=$500.00
[DRY-RUN] [2026-08-30T23:39:25.210818+00:00] quotable=167 would_place=36 would_cancel=0 equity=$500.00
[DRY-RUN] [2026-08-30T23:40:11.271754+00:00] quotable=167 would_place=36 would_cancel=0 equity=$500.00
[DRY-RUN] [2026-08-30T23:40:57.363967+00:00] quotable=167 would_place=36 would_cancel=0 equity=$500.00
[DRY-RUN] [2026-08-30T23:41:43.773077+00:00] quotable=167 would_place=36 would_cancel=0 equity=$500.00
[DRY-RUN] [2026-08-30T23:42:29.877598+00:00] quotable=167 would_place=36 would_cancel=0 equity=$500.00
[DRY-RUN] [2026-08-30T23:43:15.990459+00:00] quotable=167 would_place=36 would_cancel=0 equity=$500.00
[DRY-RUN] [2026-08-30T23:44:02.369030+00:00] quotable=167 would_place=36 would_cancel=0 equity=$500.00
universe refreshed: 173 quotable market(s)
[DRY-RUN] [2026-08-30T23:44:53.978071+00:00] quotable=173 would_place=36 would_cancel=0 equity=$500.00
[DRY-RUN] [2026-08-30T23:45:42.253724+00:00] quotable=173 would_place=36 would_cancel=0 equity=$500.00
[DRY-RUN] [2026-08-30T23:46:28.353801+00:00] quotable=173 would_place=36 would_cancel=0 equity=$500.00
[DRY-RUN] [2026-08-30T23:47:14.614778+00:00] quotable=173 would_place=36 would_cancel=0 equity=$500.00
[DRY-RUN] [2026-08-30T23:48:00.719173+00:00] quotable=173 would_place=36 would_cancel=0 equity=$500.00
[DRY-RUN] [2026-08-30T23:48:46.800437+00:00] quotable=173 would_place=36 would_cancel=0 equity=$500.00
[DRY-RUN] [2026-08-30T23:49:33.140224+00:00] quotable=173 would_place=36 would_cancel=0 equity=$500.00
[DRY-RUN] [2026-08-30T23:50:19.489546+00:00] quotable=173 would_place=36 would_cancel=0 equity=$500.00
[DRY-RUN] [2026-08-30T23:51:15.735418+00:00] quotable=173 would_place=36 would_cancel=0 equity=$500.00
[DRY-RUN] [2026-08-30T23:52:02.033497+00:00] quotable=173 would_place=36 would_cancel=0 equity=$500.00
[DRY-RUN] [2026-08-30T23:52:48.157305+00:00] quotable=173 would_place=36 would_cancel=0 equity=$500.00
[DRY-RUN] [2026-08-30T23:53:34.223414+00:00] quotable=173 would_place=36 would_cancel=0 equity=$500.00
[DRY-RUN] [2026-08-30T23:54:20.437767+00:00] quotable=173 would_place=36 would_cancel=0 equity=$500.00
[DRY-RUN] [2026-08-30T23:55:06.768850+00:00] quotable=173 would_place=36 would_cancel=0 equity=$500.00
[DRY-RUN] [2026-08-30T23:55:52.870167+00:00] quotable=173 would_place=36 would_cancel=0 equity=$500.00
[DRY-RUN] [2026-08-30T23:56:39.298658+00:00] quotable=173 would_place=36 would_cancel=0 equity=$500.00
[DRY-RUN] [2026-08-30T23:57:25.676200+00:00] quotable=173 would_place=36 would_cancel=0 equity=$500.00
[DRY-RUN] [2026-08-30T23:58:11.763122+00:00] quotable=173 would_place=36 would_cancel=0 equity=$500.00
[DRY-RUN] [2026-08-30T23:58:58.066633+00:00] quotable=173 would_place=36 would_cancel=0 equity=$500.00
[DRY-RUN] [2026-08-30T23:59:44.169719+00:00] quotable=173 would_place=36 would_cancel=0 equity=$500.00
[DRY-RUN] [2026-08-31T00:00:30.250160+00:00] quotable=173 would_place=36 would_cancel=0 equity=$500.00
[DRY-RUN] [2026-08-31T00:01:16.691054+00:00] quotable=173 would_place=36 would_cancel=0 equity=$500.00
[DRY-RUN] [2026-08-31T00:02:02.793160+00:00] quotable=173 would_place=36 would_cancel=0 equity=$500.00
[DRY-RUN] [2026-08-31T00:02:48.896751+00:00] quotable=173 would_place=36 would_cancel=0 equity=$500.00
[DRY-RUN] [2026-08-31T00:03:44.989180+00:00] quotable=173 would_place=36 would_cancel=0 equity=$500.00
[DRY-RUN] [2026-08-31T00:04:31.436965+00:00] quotable=173 would_place=36 would_cancel=0 equity=$500.00
[DRY-RUN] [2026-08-31T00:05:17.365235+00:00] quotable=173 would_place=36 would_cancel=0 equity=$500.00
[DRY-RUN] [2026-08-31T00:06:03.322282+00:00] quotable=173 would_place=36 would_cancel=0 equity=$500.00
[DRY-RUN] [2026-08-31T00:06:49.679087+00:00] quotable=173 would_place=36 would_cancel=0 equity=$500.00
[DRY-RUN] [2026-08-31T00:07:36.055690+00:00] quotable=173 would_place=36 would_cancel=0 equity=$500.00
[DRY-RUN] [2026-08-31T00:08:22.333142+00:00] quotable=173 would_place=36 would_cancel=0 equity=$500.00
[DRY-RUN] [2026-08-31T00:09:08.429710+00:00] quotable=173 would_place=36 would_cancel=0 equity=$500.00
[DRY-RUN] [2026-08-31T00:09:54.534937+00:00] quotable=173 would_place=36 would_cancel=0 equity=$500.00
[DRY-RUN] [2026-08-31T00:10:40.611356+00:00] quotable=173 would_place=36 would_cancel=0 equity=$500.00
[DRY-RUN] [2026-08-31T00:11:36.824764+00:00] quotable=173 would_place=36 would_cancel=0 equity=$500.00
[DRY-RUN] [2026-08-31T00:12:22.912327+00:00] quotable=173 would_place=36 would_cancel=0 equity=$500.00
[DRY-RUN] [2026-08-31T00:13:09.020853+00:00] quotable=173 would_place=36 would_cancel=0 equity=$500.00
[DRY-RUN] [2026-08-31T00:13:54.941937+00:00] quotable=173 would_place=36 would_cancel=0 equity=$500.00
[DRY-RUN] [2026-08-31T00:14:41.044824+00:00] quotable=173 would_place=36 would_cancel=0 equity=$500.00
universe refreshed: 176 quotable market(s)
[DRY-RUN] [2026-08-31T00:15:32.492142+00:00] quotable=176 would_place=32 would_cancel=0 equity=$500.00
[DRY-RUN] [2026-08-31T00:16:20.972432+00:00] quotable=176 would_place=32 would_cancel=0 equity=$500.00
[DRY-RUN] [2026-08-31T00:17:07.068665+00:00] quotable=176 would_place=32 would_cancel=0 equity=$500.00
[DRY-RUN] [2026-08-31T00:17:53.149525+00:00] quotable=176 would_place=32 would_cancel=0 equity=$500.00
[DRY-RUN] [2026-08-31T00:18:39.070948+00:00] quotable=176 would_place=32 would_cancel=0 equity=$500.00
[DRY-RUN] [2026-08-31T00:19:25.158628+00:00] quotable=176 would_place=32 would_cancel=0 equity=$500.00
[DRY-RUN] [2026-08-31T00:20:11.285106+00:00] quotable=176 would_place=32 would_cancel=0 equity=$500.00
[DRY-RUN] [2026-08-31T00:20:57.366725+00:00] quotable=176 would_place=32 would_cancel=0 equity=$500.00
[DRY-RUN] [2026-08-31T00:21:43.447161+00:00] quotable=176 would_place=32 would_cancel=0 equity=$500.00
[DRY-RUN] [2026-08-31T00:22:29.598733+00:00] quotable=176 would_place=32 would_cancel=0 equity=$500.00
[DRY-RUN] [2026-08-31T00:23:15.711778+00:00] quotable=176 would_place=32 would_cancel=0 equity=$500.00
[DRY-RUN] [2026-08-31T00:24:02.061090+00:00] quotable=176 would_place=32 would_cancel=0 equity=$500.00
[DRY-RUN] [2026-08-31T00:24:48.303359+00:00] quotable=176 would_place=32 would_cancel=0 equity=$500.00
[DRY-RUN] [2026-08-31T00:25:34.432684+00:00] quotable=176 would_place=32 would_cancel=0 equity=$500.00
[DRY-RUN] [2026-08-31T00:26:20.350726+00:00] quotable=176 would_place=32 would_cancel=0 equity=$500.00
[DRY-RUN] [2026-08-31T00:27:16.463576+00:00] quotable=176 would_place=32 would_cancel=0 equity=$500.00
[DRY-RUN] [2026-08-31T00:28:12.649459+00:00] quotable=176 would_place=32 would_cancel=0 equity=$500.00
[DRY-RUN] [2026-08-31T00:28:58.567274+00:00] quotable=176 would_place=32 would_cancel=0 equity=$500.00
[DRY-RUN] [2026-08-31T00:29:44.869287+00:00] quotable=176 would_place=32 would_cancel=0 equity=$500.00
[DRY-RUN] [2026-08-31T00:30:30.946912+00:00] quotable=176 would_place=32 would_cancel=0 equity=$500.00
[DRY-RUN] [2026-08-31T00:31:27.209341+00:00] quotable=176 would_place=32 would_cancel=0 equity=$500.00
[DRY-RUN] [2026-08-31T00:32:13.439831+00:00] quotable=176 would_place=32 would_cancel=0 equity=$500.00
[DRY-RUN] [2026-08-31T00:32:59.634148+00:00] quotable=176 would_place=32 would_cancel=0 equity=$500.00
[DRY-RUN] [2026-08-31T00:33:45.985487+00:00] quotable=176 would_place=32 would_cancel=0 equity=$500.00
[DRY-RUN] [2026-08-31T00:34:32.417108+00:00] quotable=176 would_place=32 would_cancel=0 equity=$500.00
[DRY-RUN] [2026-08-31T00:35:18.503705+00:00] quotable=176 would_place=32 would_cancel=0 equity=$500.00
[DRY-RUN] [2026-08-31T00:36:04.576777+00:00] quotable=176 would_place=32 would_cancel=0 equity=$500.00
[DRY-RUN] [2026-08-31T00:36:50.524610+00:00] quotable=176 would_place=32 would_cancel=0 equity=$500.00
[DRY-RUN] [2026-08-31T00:37:46.768912+00:00] quotable=176 would_place=32 would_cancel=0 equity=$500.00
[DRY-RUN] [2026-08-31T00:38:32.857700+00:00] quotable=176 would_place=32 would_cancel=0 equity=$500.00
[DRY-RUN] [2026-08-31T00:39:18.943034+00:00] quotable=176 would_place=32 would_cancel=0 equity=$500.00
[DRY-RUN] [2026-08-31T00:40:05.072105+00:00] quotable=176 would_place=32 would_cancel=0 equity=$500.00
[DRY-RUN] [2026-08-31T00:40:51.460151+00:00] quotable=176 would_place=32 would_cancel=0 equity=$500.00
[DRY-RUN] [2026-08-31T00:41:38.021826+00:00] quotable=176 would_place=32 would_cancel=0 equity=$500.00
[DRY-RUN] [2026-08-31T00:42:24.112109+00:00] quotable=176 would_place=32 would_cancel=0 equity=$500.00
[DRY-RUN] [2026-08-31T00:43:10.309259+00:00] quotable=176 would_place=32 would_cancel=0 equity=$500.00
[DRY-RUN] [2026-08-31T00:43:56.704579+00:00] quotable=176 would_place=32 would_cancel=0 equity=$500.00
[DRY-RUN] [2026-08-31T00:44:42.796369+00:00] quotable=176 would_place=32 would_cancel=0 equity=$500.00
[DRY-RUN] [2026-08-31T00:45:28.966733+00:00] quotable=176 would_place=32 would_cancel=0 equity=$500.00
universe refreshed: 161 quotable market(s)
[DRY-RUN] [2026-08-31T00:46:23.473874+00:00] quotable=161 would_place=32 would_cancel=0 equity=$500.00
[DRY-RUN] [2026-08-31T00:47:11.377411+00:00] quotable=161 would_place=32 would_cancel=0 equity=$500.00
[DRY-RUN] [2026-08-31T00:47:57.457147+00:00] quotable=161 would_place=32 would_cancel=0 equity=$500.00
[DRY-RUN] [2026-08-31T00:48:43.528832+00:00] quotable=161 would_place=32 would_cancel=0 equity=$500.00
[DRY-RUN] [2026-08-31T00:49:29.874254+00:00] quotable=161 would_place=32 would_cancel=0 equity=$500.00
[DRY-RUN] [2026-08-31T00:50:15.948391+00:00] quotable=161 would_place=32 would_cancel=0 equity=$500.00
[DRY-RUN] [2026-08-31T00:51:02.070007+00:00] quotable=161 would_place=32 would_cancel=0 equity=$500.00
[DRY-RUN] [2026-08-31T00:51:48.149587+00:00] quotable=161 would_place=32 would_cancel=0 equity=$500.00
[DRY-RUN] [2026-08-31T00:52:34.510833+00:00] quotable=161 would_place=32 would_cancel=0 equity=$500.00
[DRY-RUN] [2026-08-31T00:53:20.592962+00:00] quotable=161 would_place=32 would_cancel=0 equity=$500.00
[DRY-RUN] [2026-08-31T00:54:06.538574+00:00] quotable=161 would_place=32 would_cancel=0 equity=$500.00
[DRY-RUN] [2026-08-31T00:54:52.473632+00:00] quotable=161 would_place=32 would_cancel=0 equity=$500.00
[DRY-RUN] [2026-08-31T00:55:38.538159+00:00] quotable=161 would_place=32 would_cancel=0 equity=$500.00
[DRY-RUN] [2026-08-31T00:56:24.631071+00:00] quotable=161 would_place=32 would_cancel=0 equity=$500.00
[DRY-RUN] [2026-08-31T00:57:10.731887+00:00] quotable=161 would_place=32 would_cancel=0 equity=$500.00
[DRY-RUN] [2026-08-31T00:57:56.794956+00:00] quotable=161 would_place=32 would_cancel=0 equity=$500.00
[DRY-RUN] [2026-08-31T00:58:42.712131+00:00] quotable=161 would_place=32 would_cancel=0 equity=$500.00
[DRY-RUN] [2026-08-31T00:59:28.786508+00:00] quotable=161 would_place=32 would_cancel=0 equity=$500.00
[DRY-RUN] [2026-08-31T01:00:14.851581+00:00] quotable=161 would_place=32 would_cancel=0 equity=$500.00
[DRY-RUN] [2026-08-31T01:01:00.804484+00:00] quotable=161 would_place=32 would_cancel=0 equity=$500.00
[DRY-RUN] [2026-08-31T01:01:46.903340+00:00] quotable=161 would_place=32 would_cancel=0 equity=$500.00
[DRY-RUN] [2026-08-31T01:02:33.151144+00:00] quotable=161 would_place=32 would_cancel=0 equity=$500.00
[DRY-RUN] [2026-08-31T01:03:19.241812+00:00] quotable=161 would_place=32 would_cancel=0 equity=$500.00
[DRY-RUN] [2026-08-31T01:04:05.154421+00:00] quotable=161 would_place=32 would_cancel=0 equity=$500.00
[DRY-RUN] [2026-08-31T01:04:51.231349+00:00] quotable=161 would_place=32 would_cancel=0 equity=$500.00
[DRY-RUN] [2026-08-31T01:05:37.201127+00:00] quotable=161 would_place=32 would_cancel=0 equity=$500.00
[DRY-RUN] [2026-08-31T01:06:23.111331+00:00] quotable=161 would_place=32 would_cancel=0 equity=$500.00
[DRY-RUN] [2026-08-31T01:07:09.124132+00:00] quotable=161 would_place=32 would_cancel=0 equity=$500.00
[DRY-RUN] [2026-08-31T01:07:55.216184+00:00] quotable=161 would_place=32 would_cancel=0 equity=$500.00
[DRY-RUN] [2026-08-31T01:08:41.153427+00:00] quotable=161 would_place=32 would_cancel=0 equity=$500.00
[DRY-RUN] [2026-08-31T01:09:27.268833+00:00] quotable=161 would_place=32 would_cancel=0 equity=$500.00
[DRY-RUN] [2026-08-31T01:10:13.271306+00:00] quotable=161 would_place=32 would_cancel=0 equity=$500.00
[DRY-RUN] [2026-08-31T01:10:59.436199+00:00] quotable=161 would_place=32 would_cancel=0 equity=$500.00
[DRY-RUN] [2026-08-31T01:11:45.524125+00:00] quotable=161 would_place=32 would_cancel=0 equity=$500.00
[DRY-RUN] [2026-08-31T01:12:31.786532+00:00] quotable=161 would_place=32 would_cancel=0 equity=$500.00
[DRY-RUN] [2026-08-31T01:13:17.700297+00:00] quotable=161 would_place=32 would_cancel=0 equity=$500.00
[DRY-RUN] [2026-08-31T01:14:03.958096+00:00] quotable=161 would_place=32 would_cancel=0 equity=$500.00
[DRY-RUN] [2026-08-31T01:14:50.042675+00:00] quotable=161 would_place=32 would_cancel=0 equity=$500.00
[DRY-RUN] [2026-08-31T01:15:36.139046+00:00] quotable=161 would_place=32 would_cancel=0 equity=$500.00
[DRY-RUN] [2026-08-31T01:16:22.285399+00:00] quotable=161 would_place=32 would_cancel=0 equity=$500.00
universe refreshed: 169 quotable market(s)
[DRY-RUN] [2026-08-31T01:17:13.819076+00:00] quotable=169 would_place=32 would_cancel=0 equity=$500.00
[DRY-RUN] [2026-08-31T01:18:02.641507+00:00] quotable=169 would_place=32 would_cancel=0 equity=$500.00
[DRY-RUN] [2026-08-31T01:18:48.634804+00:00] quotable=169 would_place=32 would_cancel=0 equity=$500.00
[DRY-RUN] [2026-08-31T01:19:44.948007+00:00] quotable=169 would_place=32 would_cancel=0 equity=$500.00
[DRY-RUN] [2026-08-31T01:20:31.029827+00:00] quotable=169 would_place=32 would_cancel=0 equity=$500.00
[DRY-RUN] [2026-08-31T01:21:17.212142+00:00] quotable=169 would_place=32 would_cancel=0 equity=$500.00
[DRY-RUN] [2026-08-31T01:22:03.528846+00:00] quotable=169 would_place=32 would_cancel=0 equity=$500.00
[DRY-RUN] [2026-08-31T01:22:49.499001+00:00] quotable=169 would_place=32 would_cancel=0 equity=$500.00
[DRY-RUN] [2026-08-31T01:23:35.586092+00:00] quotable=169 would_place=32 would_cancel=0 equity=$500.00
[DRY-RUN] [2026-08-31T01:24:21.728209+00:00] quotable=169 would_place=32 would_cancel=0 equity=$500.00
[DRY-RUN] [2026-08-31T01:25:07.835276+00:00] quotable=169 would_place=32 would_cancel=0 equity=$500.00
[DRY-RUN] [2026-08-31T01:25:53.925548+00:00] quotable=169 would_place=32 would_cancel=0 equity=$500.00
[DRY-RUN] [2026-08-31T01:26:40.069253+00:00] quotable=169 would_place=32 would_cancel=0 equity=$500.00
[DRY-RUN] [2026-08-31T01:27:26.605877+00:00] quotable=169 would_place=32 would_cancel=0 equity=$500.00
[DRY-RUN] [2026-08-31T01:28:22.690231+00:00] quotable=169 would_place=32 would_cancel=0 equity=$500.00
[DRY-RUN] [2026-08-31T01:29:08.761225+00:00] quotable=169 would_place=32 would_cancel=0 equity=$500.00
[DRY-RUN] [2026-08-31T01:29:54.858710+00:00] quotable=169 would_place=32 would_cancel=0 equity=$500.00
[DRY-RUN] [2026-08-31T01:30:40.955745+00:00] quotable=169 would_place=32 would_cancel=0 equity=$500.00
[DRY-RUN] [2026-08-31T01:31:27.041649+00:00] quotable=169 would_place=32 would_cancel=0 equity=$500.00
[DRY-RUN] [2026-08-31T01:32:13.136722+00:00] quotable=169 would_place=32 would_cancel=0 equity=$500.00
[DRY-RUN] [2026-08-31T01:32:59.266028+00:00] quotable=169 would_place=32 would_cancel=0 equity=$500.00
[DRY-RUN] [2026-08-31T01:33:45.440552+00:00] quotable=169 would_place=32 would_cancel=0 equity=$500.00
[DRY-RUN] [2026-08-31T01:34:41.574391+00:00] quotable=169 would_place=32 would_cancel=0 equity=$500.00
[DRY-RUN] [2026-08-31T01:35:27.675578+00:00] quotable=169 would_place=32 would_cancel=0 equity=$500.00
[DRY-RUN] [2026-08-31T01:36:13.771220+00:00] quotable=169 would_place=32 would_cancel=0 equity=$500.00
[DRY-RUN] [2026-08-31T01:36:59.696448+00:00] quotable=169 would_place=32 would_cancel=0 equity=$500.00
[DRY-RUN] [2026-08-31T01:37:45.787638+00:00] quotable=169 would_place=32 would_cancel=0 equity=$500.00
[DRY-RUN] [2026-08-31T01:38:31.908484+00:00] quotable=169 would_place=32 would_cancel=0 equity=$500.00
[DRY-RUN] [2026-08-31T01:39:28.207699+00:00] quotable=169 would_place=32 would_cancel=0 equity=$500.00
[DRY-RUN] [2026-08-31T01:40:14.460838+00:00] quotable=169 would_place=32 would_cancel=0 equity=$500.00
[DRY-RUN] [2026-08-31T01:41:10.553311+00:00] quotable=169 would_place=32 would_cancel=0 equity=$500.00
[DRY-RUN] [2026-08-31T01:41:56.660641+00:00] quotable=169 would_place=32 would_cancel=0 equity=$500.00
[DRY-RUN] [2026-08-31T01:42:42.758479+00:00] quotable=169 would_place=32 would_cancel=0 equity=$500.00
[DRY-RUN] [2026-08-31T01:43:28.895484+00:00] quotable=169 would_place=32 would_cancel=0 equity=$500.00
[DRY-RUN] [2026-08-31T01:44:25.163946+00:00] quotable=169 would_place=32 would_cancel=0 equity=$500.00
[DRY-RUN] [2026-08-31T01:45:11.409980+00:00] quotable=169 would_place=32 would_cancel=0 equity=$500.00
[DRY-RUN] [2026-08-31T01:45:57.359620+00:00] quotable=169 would_place=32 would_cancel=0 equity=$500.00
[DRY-RUN] [2026-08-31T01:46:53.457314+00:00] quotable=169 would_place=32 would_cancel=0 equity=$500.00
universe refreshed: 153 quotable market(s)
[DRY-RUN] [2026-08-31T01:47:49.174082+00:00] quotable=153 would_place=32 would_cancel=0 equity=$500.00
[DRY-RUN] [2026-08-31T01:48:36.966851+00:00] quotable=153 would_place=32 would_cancel=0 equity=$500.00
[DRY-RUN] [2026-08-31T01:49:23.036002+00:00] quotable=153 would_place=32 would_cancel=0 equity=$500.00
[DRY-RUN] [2026-08-31T01:50:09.149014+00:00] quotable=153 would_place=32 would_cancel=0 equity=$500.00
[DRY-RUN] [2026-08-31T01:50:55.073006+00:00] quotable=153 would_place=32 would_cancel=0 equity=$500.00
[DRY-RUN] [2026-08-31T01:51:41.420871+00:00] quotable=153 would_place=32 would_cancel=0 equity=$500.00
[DRY-RUN] [2026-08-31T01:52:27.691139+00:00] quotable=153 would_place=32 would_cancel=0 equity=$500.00
[DRY-RUN] [2026-08-31T01:53:13.928408+00:00] quotable=153 would_place=32 would_cancel=0 equity=$500.00
[DRY-RUN] [2026-08-31T01:54:00.009215+00:00] quotable=153 would_place=32 would_cancel=0 equity=$500.00
[DRY-RUN] [2026-08-31T01:54:46.115241+00:00] quotable=153 would_place=32 would_cancel=0 equity=$500.00
[DRY-RUN] [2026-08-31T01:55:32.204452+00:00] quotable=153 would_place=32 would_cancel=0 equity=$500.00
[DRY-RUN] [2026-08-31T01:56:18.473752+00:00] quotable=153 would_place=32 would_cancel=0 equity=$500.00
[DRY-RUN] [2026-08-31T01:57:14.572910+00:00] quotable=153 would_place=32 would_cancel=0 equity=$500.00
[DRY-RUN] [2026-08-31T01:58:00.672369+00:00] quotable=153 would_place=32 would_cancel=0 equity=$500.00
[DRY-RUN] [2026-08-31T01:58:46.626509+00:00] quotable=153 would_place=32 would_cancel=0 equity=$500.00
[DRY-RUN] [2026-08-31T01:59:32.708304+00:00] quotable=153 would_place=32 would_cancel=0 equity=$500.00
[DRY-RUN] [2026-08-31T02:00:18.873866+00:00] quotable=153 would_place=32 would_cancel=0 equity=$500.00
[DRY-RUN] [2026-08-31T02:01:04.948142+00:00] quotable=153 would_place=32 would_cancel=0 equity=$500.00
[DRY-RUN] [2026-08-31T02:01:51.043809+00:00] quotable=153 would_place=32 would_cancel=0 equity=$500.00
[DRY-RUN] [2026-08-31T02:02:37.351557+00:00] quotable=153 would_place=32 would_cancel=0 equity=$500.00
[DRY-RUN] [2026-08-31T02:03:23.460373+00:00] quotable=153 would_place=32 would_cancel=0 equity=$500.00
[DRY-RUN] [2026-08-31T02:04:19.739389+00:00] quotable=153 would_place=32 would_cancel=0 equity=$500.00
[DRY-RUN] [2026-08-31T02:05:06.043569+00:00] quotable=153 would_place=32 would_cancel=0 equity=$500.00
[DRY-RUN] [2026-08-31T02:05:52.140830+00:00] quotable=153 would_place=32 would_cancel=0 equity=$500.00
[DRY-RUN] [2026-08-31T02:06:38.235741+00:00] quotable=153 would_place=32 would_cancel=0 equity=$500.00
[DRY-RUN] [2026-08-31T02:07:24.575945+00:00] quotable=153 would_place=32 would_cancel=0 equity=$500.00
[DRY-RUN] [2026-08-31T02:08:10.932702+00:00] quotable=153 would_place=32 would_cancel=0 equity=$500.00
[DRY-RUN] [2026-08-31T02:08:57.041580+00:00] quotable=153 would_place=32 would_cancel=0 equity=$500.00
[DRY-RUN] [2026-08-31T02:09:42.959017+00:00] quotable=153 would_place=32 would_cancel=0 equity=$500.00
[DRY-RUN] [2026-08-31T02:10:38.894014+00:00] quotable=153 would_place=32 would_cancel=0 equity=$500.00
[DRY-RUN] [2026-08-31T02:11:24.996096+00:00] quotable=153 would_place=32 would_cancel=0 equity=$500.00
[DRY-RUN] [2026-08-31T02:12:11.096841+00:00] quotable=153 would_place=32 would_cancel=0 equity=$500.00
[DRY-RUN] [2026-08-31T02:12:57.017272+00:00] quotable=153 would_place=32 would_cancel=0 equity=$500.00
[DRY-RUN] [2026-08-31T02:13:42.921231+00:00] quotable=153 would_place=32 would_cancel=0 equity=$500.00
[DRY-RUN] [2026-08-31T02:14:28.984525+00:00] quotable=153 would_place=32 would_cancel=0 equity=$500.00
[DRY-RUN] [2026-08-31T02:15:15.143899+00:00] quotable=153 would_place=32 would_cancel=0 equity=$500.00
[DRY-RUN] [2026-08-31T02:16:01.076558+00:00] quotable=153 would_place=32 would_cancel=0 equity=$500.00
[DRY-RUN] [2026-08-31T02:16:47.201714+00:00] quotable=153 would_place=32 would_cancel=0 equity=$500.00
[DRY-RUN] [2026-08-31T02:17:33.439322+00:00] quotable=153 would_place=32 would_cancel=0 equity=$500.00
universe refreshed: 157 quotable market(s)
[DRY-RUN] [2026-08-31T02:18:24.399162+00:00] quotable=157 would_place=34 would_cancel=0 equity=$500.00
[DRY-RUN] [2026-08-31T02:19:12.938081+00:00] quotable=157 would_place=34 would_cancel=0 equity=$500.00
[DRY-RUN] [2026-08-31T02:20:09.008971+00:00] quotable=157 would_place=34 would_cancel=0 equity=$500.00
[DRY-RUN] [2026-08-31T02:20:55.210809+00:00] quotable=157 would_place=34 would_cancel=0 equity=$500.00
[DRY-RUN] [2026-08-31T02:21:41.184406+00:00] quotable=157 would_place=34 would_cancel=0 equity=$500.00
[DRY-RUN] [2026-08-31T02:22:27.275524+00:00] quotable=157 would_place=34 would_cancel=0 equity=$500.00
[DRY-RUN] [2026-08-31T02:23:13.339135+00:00] quotable=157 would_place=34 would_cancel=0 equity=$500.00
[DRY-RUN] [2026-08-31T02:23:59.424238+00:00] quotable=157 would_place=34 would_cancel=0 equity=$500.00
[DRY-RUN] [2026-08-31T02:24:45.665837+00:00] quotable=157 would_place=34 would_cancel=0 equity=$500.00
[DRY-RUN] [2026-08-31T02:25:41.770866+00:00] quotable=157 would_place=34 would_cancel=0 equity=$500.00
[DRY-RUN] [2026-08-31T02:26:27.692464+00:00] quotable=157 would_place=34 would_cancel=0 equity=$500.00
[DRY-RUN] [2026-08-31T02:27:13.764706+00:00] quotable=157 would_place=34 would_cancel=0 equity=$500.00
[DRY-RUN] [2026-08-31T02:27:59.863019+00:00] quotable=157 would_place=34 would_cancel=0 equity=$500.00
[DRY-RUN] [2026-08-31T02:28:45.935771+00:00] quotable=157 would_place=34 would_cancel=0 equity=$500.00
[DRY-RUN] [2026-08-31T02:29:32.041267+00:00] quotable=157 would_place=34 would_cancel=0 equity=$500.00
[DRY-RUN] [2026-08-31T02:30:18.106230+00:00] quotable=157 would_place=34 would_cancel=0 equity=$500.00
[DRY-RUN] [2026-08-31T02:31:04.191850+00:00] quotable=157 would_place=34 would_cancel=0 equity=$500.00
[DRY-RUN] [2026-08-31T02:31:50.464525+00:00] quotable=157 would_place=34 would_cancel=0 equity=$500.00
[DRY-RUN] [2026-08-31T02:32:36.553510+00:00] quotable=157 would_place=34 would_cancel=0 equity=$500.00
[DRY-RUN] [2026-08-31T02:33:22.640958+00:00] quotable=157 would_place=34 would_cancel=0 equity=$500.00
[DRY-RUN] [2026-08-31T02:34:08.568948+00:00] quotable=157 would_place=34 would_cancel=0 equity=$500.00
[DRY-RUN] [2026-08-31T02:34:54.649649+00:00] quotable=157 would_place=34 would_cancel=0 equity=$500.00
[DRY-RUN] [2026-08-31T02:35:40.935832+00:00] quotable=157 would_place=34 would_cancel=0 equity=$500.00
[DRY-RUN] [2026-08-31T02:36:37.030623+00:00] quotable=157 would_place=34 would_cancel=0 equity=$500.00
[DRY-RUN] [2026-08-31T02:37:23.147381+00:00] quotable=157 would_place=34 would_cancel=0 equity=$500.00
[DRY-RUN] [2026-08-31T02:38:09.421188+00:00] quotable=157 would_place=34 would_cancel=0 equity=$500.00
[DRY-RUN] [2026-08-31T02:38:55.735776+00:00] quotable=157 would_place=34 would_cancel=0 equity=$500.00
[DRY-RUN] [2026-08-31T02:39:41.993501+00:00] quotable=157 would_place=34 would_cancel=0 equity=$500.00
[DRY-RUN] [2026-08-31T02:40:38.114140+00:00] quotable=157 would_place=34 would_cancel=0 equity=$500.00
[DRY-RUN] [2026-08-31T02:41:24.457995+00:00] quotable=157 would_place=34 would_cancel=0 equity=$500.00
[DRY-RUN] [2026-08-31T02:42:10.525969+00:00] quotable=157 would_place=34 would_cancel=0 equity=$500.00
[DRY-RUN] [2026-08-31T02:42:56.761535+00:00] quotable=157 would_place=34 would_cancel=0 equity=$500.00
[DRY-RUN] [2026-08-31T02:43:43.085740+00:00] quotable=157 would_place=34 would_cancel=0 equity=$500.00
[DRY-RUN] [2026-08-31T02:44:29.192954+00:00] quotable=157 would_place=34 would_cancel=0 equity=$500.00
[DRY-RUN] [2026-08-31T02:45:15.278626+00:00] quotable=157 would_place=34 would_cancel=0 equity=$500.00
[DRY-RUN] [2026-08-31T02:46:01.348328+00:00] quotable=157 would_place=34 would_cancel=0 equity=$500.00
[DRY-RUN] [2026-08-31T02:46:47.338642+00:00] quotable=157 would_place=34 would_cancel=0 equity=$500.00
[DRY-RUN] [2026-08-31T02:47:33.362316+00:00] quotable=157 would_place=34 would_cancel=0 equity=$500.00
[DRY-RUN] [2026-08-31T02:48:19.273683+00:00] quotable=157 would_place=34 would_cancel=0 equity=$500.00
universe refreshed: 159 quotable market(s)
[DRY-RUN] [2026-08-31T02:49:09.823110+00:00] quotable=159 would_place=30 would_cancel=0 equity=$500.00
[DRY-RUN] [2026-08-31T02:49:58.833128+00:00] quotable=159 would_place=30 would_cancel=0 equity=$500.00
[DRY-RUN] [2026-08-31T02:50:44.963194+00:00] quotable=159 would_place=30 would_cancel=0 equity=$500.00
[DRY-RUN] [2026-08-31T02:51:31.078984+00:00] quotable=159 would_place=30 would_cancel=0 equity=$500.00
[DRY-RUN] [2026-08-31T02:52:17.145598+00:00] quotable=159 would_place=30 would_cancel=0 equity=$500.00
[DRY-RUN] [2026-08-31T02:53:03.215557+00:00] quotable=159 would_place=30 would_cancel=0 equity=$500.00
[DRY-RUN] [2026-08-31T02:53:49.512995+00:00] quotable=159 would_place=30 would_cancel=0 equity=$500.00
[DRY-RUN] [2026-08-31T02:54:35.589802+00:00] quotable=159 would_place=30 would_cancel=0 equity=$500.00
[DRY-RUN] [2026-08-31T02:55:31.808719+00:00] quotable=159 would_place=30 would_cancel=0 equity=$500.00
[DRY-RUN] [2026-08-31T02:56:27.794889+00:00] quotable=159 would_place=30 would_cancel=0 equity=$500.00
[DRY-RUN] [2026-08-31T02:57:23.705360+00:00] quotable=159 would_place=30 would_cancel=0 equity=$500.00
[DRY-RUN] [2026-08-31T02:58:09.821481+00:00] quotable=159 would_place=30 would_cancel=0 equity=$500.00
[DRY-RUN] [2026-08-31T02:58:55.899210+00:00] quotable=159 would_place=30 would_cancel=0 equity=$500.00
[DRY-RUN] [2026-08-31T02:59:41.983763+00:00] quotable=159 would_place=30 would_cancel=0 equity=$500.00
[DRY-RUN] [2026-08-31T03:00:28.054167+00:00] quotable=159 would_place=30 would_cancel=0 equity=$500.00
[DRY-RUN] [2026-08-31T03:01:14.146599+00:00] quotable=159 would_place=30 would_cancel=0 equity=$500.00
[DRY-RUN] [2026-08-31T03:02:00.415272+00:00] quotable=159 would_place=30 would_cancel=0 equity=$500.00
[DRY-RUN] [2026-08-31T03:02:46.500760+00:00] quotable=159 would_place=30 would_cancel=0 equity=$500.00
[DRY-RUN] [2026-08-31T03:03:32.434516+00:00] quotable=159 would_place=30 would_cancel=0 equity=$500.00
[DRY-RUN] [2026-08-31T03:04:18.426236+00:00] quotable=159 would_place=30 would_cancel=0 equity=$500.00
[DRY-RUN] [2026-08-31T03:05:04.489713+00:00] quotable=159 would_place=30 would_cancel=0 equity=$500.00
[DRY-RUN] [2026-08-31T03:05:50.738716+00:00] quotable=159 would_place=30 would_cancel=0 equity=$500.00
[DRY-RUN] [2026-08-31T03:06:36.821291+00:00] quotable=159 would_place=30 would_cancel=0 equity=$500.00
[DRY-RUN] [2026-08-31T03:07:22.742225+00:00] quotable=159 would_place=30 would_cancel=0 equity=$500.00
[DRY-RUN] [2026-08-31T03:08:08.996200+00:00] quotable=159 would_place=30 would_cancel=0 equity=$500.00
[DRY-RUN] [2026-08-31T03:08:55.109396+00:00] quotable=159 would_place=30 would_cancel=0 equity=$500.00
[DRY-RUN] [2026-08-31T03:09:41.220982+00:00] quotable=159 would_place=30 would_cancel=0 equity=$500.00
[DRY-RUN] [2026-08-31T03:10:37.175241+00:00] quotable=159 would_place=30 would_cancel=0 equity=$500.00
[DRY-RUN] [2026-08-31T03:11:23.108276+00:00] quotable=159 would_place=30 would_cancel=0 equity=$500.00
[DRY-RUN] [2026-08-31T03:12:19.189758+00:00] quotable=159 would_place=30 would_cancel=0 equity=$500.00
[DRY-RUN] [2026-08-31T03:13:15.139584+00:00] quotable=159 would_place=30 would_cancel=0 equity=$500.00
[DRY-RUN] [2026-08-31T03:14:01.064090+00:00] quotable=159 would_place=30 would_cancel=0 equity=$500.00
[DRY-RUN] [2026-08-31T03:14:47.359975+00:00] quotable=159 would_place=30 would_cancel=0 equity=$500.00
[DRY-RUN] [2026-08-31T03:15:33.640155+00:00] quotable=159 would_place=30 would_cancel=0 equity=$500.00
[DRY-RUN] [2026-08-31T03:16:19.730447+00:00] quotable=159 would_place=30 would_cancel=0 equity=$500.00
[DRY-RUN] [2026-08-31T03:17:05.661111+00:00] quotable=159 would_place=30 would_cancel=0 equity=$500.00
[DRY-RUN] [2026-08-31T03:17:51.636269+00:00] quotable=159 would_place=30 would_cancel=0 equity=$500.00
[DRY-RUN] [2026-08-31T03:18:37.569836+00:00] quotable=159 would_place=30 would_cancel=0 equity=$500.00
universe refreshed: 166 quotable market(s)
[DRY-RUN] [2026-08-31T03:19:28.406831+00:00] quotable=166 would_place=34 would_cancel=0 equity=$500.00
[DRY-RUN] [2026-08-31T03:20:17.443261+00:00] quotable=166 would_place=34 would_cancel=0 equity=$500.00
[DRY-RUN] [2026-08-31T03:21:03.615557+00:00] quotable=166 would_place=34 would_cancel=0 equity=$500.00
[DRY-RUN] [2026-08-31T03:21:49.956568+00:00] quotable=166 would_place=34 would_cancel=0 equity=$500.00
[DRY-RUN] [2026-08-31T03:22:35.887597+00:00] quotable=166 would_place=34 would_cancel=0 equity=$500.00
[DRY-RUN] [2026-08-31T03:23:22.063709+00:00] quotable=166 would_place=34 would_cancel=0 equity=$500.00
[DRY-RUN] [2026-08-31T03:24:07.978579+00:00] quotable=166 would_place=34 would_cancel=0 equity=$500.00
[DRY-RUN] [2026-08-31T03:24:54.051720+00:00] quotable=166 would_place=34 would_cancel=0 equity=$500.00
[DRY-RUN] [2026-08-31T03:25:39.976660+00:00] quotable=166 would_place=34 would_cancel=0 equity=$500.00
[DRY-RUN] [2026-08-31T03:26:25.905964+00:00] quotable=166 would_place=34 would_cancel=0 equity=$500.00
[DRY-RUN] [2026-08-31T03:27:12.016898+00:00] quotable=166 would_place=34 would_cancel=0 equity=$500.00
[DRY-RUN] [2026-08-31T03:27:58.253517+00:00] quotable=166 would_place=34 would_cancel=0 equity=$500.00
[DRY-RUN] [2026-08-31T03:28:54.326882+00:00] quotable=166 would_place=34 would_cancel=0 equity=$500.00
[DRY-RUN] [2026-08-31T03:29:40.406424+00:00] quotable=166 would_place=34 would_cancel=0 equity=$500.00
[DRY-RUN] [2026-08-31T03:30:26.328248+00:00] quotable=166 would_place=34 would_cancel=0 equity=$500.00
[DRY-RUN] [2026-08-31T03:31:12.416170+00:00] quotable=166 would_place=34 would_cancel=0 equity=$500.00
[DRY-RUN] [2026-08-31T03:31:58.347373+00:00] quotable=166 would_place=34 would_cancel=0 equity=$500.00
[DRY-RUN] [2026-08-31T03:32:44.417021+00:00] quotable=166 would_place=34 would_cancel=0 equity=$500.00
[DRY-RUN] [2026-08-31T03:33:30.528825+00:00] quotable=166 would_place=34 would_cancel=0 equity=$500.00
[DRY-RUN] [2026-08-31T03:34:16.612713+00:00] quotable=166 would_place=34 would_cancel=0 equity=$500.00
[DRY-RUN] [2026-08-31T03:35:02.561615+00:00] quotable=166 would_place=34 would_cancel=0 equity=$500.00
[DRY-RUN] [2026-08-31T03:35:48.489508+00:00] quotable=166 would_place=34 would_cancel=0 equity=$500.00
[DRY-RUN] [2026-08-31T03:36:34.574440+00:00] quotable=166 would_place=34 would_cancel=0 equity=$500.00
[DRY-RUN] [2026-08-31T03:37:20.511297+00:00] quotable=166 would_place=34 would_cancel=0 equity=$500.00
[DRY-RUN] [2026-08-31T03:38:06.609252+00:00] quotable=166 would_place=34 would_cancel=0 equity=$500.00
[DRY-RUN] [2026-08-31T03:38:52.557343+00:00] quotable=166 would_place=34 would_cancel=0 equity=$500.00
[DRY-RUN] [2026-08-31T03:39:38.717299+00:00] quotable=166 would_place=34 would_cancel=0 equity=$500.00
[DRY-RUN] [2026-08-31T03:40:34.809172+00:00] quotable=166 would_place=34 would_cancel=0 equity=$500.00
[DRY-RUN] [2026-08-31T03:41:20.727575+00:00] quotable=166 would_place=34 would_cancel=0 equity=$500.00
[DRY-RUN] [2026-08-31T03:42:06.821825+00:00] quotable=166 would_place=34 would_cancel=0 equity=$500.00
[DRY-RUN] [2026-08-31T03:42:52.938403+00:00] quotable=166 would_place=34 would_cancel=0 equity=$500.00
[DRY-RUN] [2026-08-31T03:43:39.004325+00:00] quotable=166 would_place=34 would_cancel=0 equity=$500.00
[DRY-RUN] [2026-08-31T03:44:25.252603+00:00] quotable=166 would_place=34 would_cancel=0 equity=$500.00
[DRY-RUN] [2026-08-31T03:45:11.195690+00:00] quotable=166 would_place=34 would_cancel=0 equity=$500.00
[DRY-RUN] [2026-08-31T03:45:57.128840+00:00] quotable=166 would_place=34 would_cancel=0 equity=$500.00
[DRY-RUN] [2026-08-31T03:46:43.101613+00:00] quotable=166 would_place=34 would_cancel=0 equity=$500.00
[DRY-RUN] [2026-08-31T03:47:29.102071+00:00] quotable=166 would_place=34 would_cancel=0 equity=$500.00
[DRY-RUN] [2026-08-31T03:48:15.200377+00:00] quotable=166 would_place=34 would_cancel=0 equity=$500.00
[DRY-RUN] [2026-08-31T03:49:01.402731+00:00] quotable=166 would_place=34 would_cancel=0 equity=$500.00
universe refreshed: 166 quotable market(s)
[DRY-RUN] [2026-08-31T03:49:52.368243+00:00] quotable=166 would_place=30 would_cancel=0 equity=$500.00
[DRY-RUN] [2026-08-31T03:50:40.624379+00:00] quotable=166 would_place=30 would_cancel=0 equity=$500.00
[DRY-RUN] [2026-08-31T03:51:26.732707+00:00] quotable=166 would_place=30 would_cancel=0 equity=$500.00
[DRY-RUN] [2026-08-31T03:52:12.812505+00:00] quotable=166 would_place=30 would_cancel=0 equity=$500.00
[DRY-RUN] [2026-08-31T03:52:59.034237+00:00] quotable=166 would_place=30 would_cancel=0 equity=$500.00
[DRY-RUN] [2026-08-31T03:53:45.109613+00:00] quotable=166 would_place=30 would_cancel=0 equity=$500.00
[DRY-RUN] [2026-08-31T03:54:31.204958+00:00] quotable=166 would_place=30 would_cancel=0 equity=$500.00
[DRY-RUN] [2026-08-31T03:55:17.132138+00:00] quotable=166 would_place=30 would_cancel=0 equity=$500.00
[DRY-RUN] [2026-08-31T03:56:03.243628+00:00] quotable=166 would_place=30 would_cancel=0 equity=$500.00
[DRY-RUN] [2026-08-31T03:56:49.307798+00:00] quotable=166 would_place=30 would_cancel=0 equity=$500.00
[DRY-RUN] [2026-08-31T03:57:35.217302+00:00] quotable=166 would_place=30 would_cancel=0 equity=$500.00
[DRY-RUN] [2026-08-31T03:58:31.340117+00:00] quotable=166 would_place=30 would_cancel=0 equity=$500.00
[DRY-RUN] [2026-08-31T03:59:27.563088+00:00] quotable=166 would_place=30 would_cancel=0 equity=$500.00
[DRY-RUN] [2026-08-31T04:00:13.678432+00:00] quotable=166 would_place=30 would_cancel=0 equity=$500.00
[DRY-RUN] [2026-08-31T04:00:59.604980+00:00] quotable=166 would_place=30 would_cancel=0 equity=$500.00
[DRY-RUN] [2026-08-31T04:01:45.861523+00:00] quotable=166 would_place=30 would_cancel=0 equity=$500.00
[DRY-RUN] [2026-08-31T04:02:31.791967+00:00] quotable=166 would_place=30 would_cancel=0 equity=$500.00
[DRY-RUN] [2026-08-31T04:03:17.710799+00:00] quotable=166 would_place=30 would_cancel=0 equity=$500.00
[DRY-RUN] [2026-08-31T04:04:03.796228+00:00] quotable=166 would_place=30 would_cancel=0 equity=$500.00
[DRY-RUN] [2026-08-31T04:04:49.874157+00:00] quotable=166 would_place=30 would_cancel=0 equity=$500.00
[DRY-RUN] [2026-08-31T04:05:35.796689+00:00] quotable=166 would_place=30 would_cancel=0 equity=$500.00
[DRY-RUN] [2026-08-31T04:06:21.724389+00:00] quotable=166 would_place=30 would_cancel=0 equity=$500.00
[DRY-RUN] [2026-08-31T04:07:07.855150+00:00] quotable=166 would_place=30 would_cancel=0 equity=$500.00
[DRY-RUN] [2026-08-31T04:08:03.944042+00:00] quotable=166 would_place=30 would_cancel=0 equity=$500.00
[DRY-RUN] [2026-08-31T04:08:50.013466+00:00] quotable=166 would_place=30 would_cancel=0 equity=$500.00
[DRY-RUN] [2026-08-31T04:09:36.389546+00:00] quotable=166 would_place=30 would_cancel=0 equity=$500.00
[DRY-RUN] [2026-08-31T04:10:22.484163+00:00] quotable=166 would_place=30 would_cancel=0 equity=$500.00
[DRY-RUN] [2026-08-31T04:11:08.575219+00:00] quotable=166 would_place=30 would_cancel=0 equity=$500.00
[DRY-RUN] [2026-08-31T04:11:54.660265+00:00] quotable=166 would_place=30 would_cancel=0 equity=$500.00
[DRY-RUN] [2026-08-31T04:12:40.565346+00:00] quotable=166 would_place=30 would_cancel=0 equity=$500.00
